SKU,"Product Name",Category,"Unit of Measure",Price,Cost,Weight
IMP-000001,"Sample Product 1",Nuts,box,307.80,234.58,2.074
IMP-000002,"Sample Product 2",Washers,pallet,170.94,63.00,1.199
IMP-000003,"Sample Product 3",Screws,each,31.03,242.82,4.085
IMP-000004,"Sample Product 4",Hose,box,261.35,258.05,4.319
IMP-000005,"Sample Product 5",Fittings,pallet,318.18,84.97,3.308
IMP-000006,"Sample Product 6",Valves,each,355.12,18.95,0.455
IMP-000007,"Sample Product 7",Tables,box,407.66,78.87,3.332
IMP-000008,"Sample Product 8",Cookware,pallet,47.71,6.21,4.990
IMP-000009,"Sample Product 9",Storage,each,476.37,299.73,2.456
IMP-000010,"Sample Product 10",Bolts,box,296.47,61.25,4.670
IMP-000011,"Sample Product 11",Nuts,pallet,124.28,93.25,4.246
IMP-000012,"Sample Product 12",Washers,each,292.04,116.11,4.662
IMP-000013,"Sample Product 13",Screws,box,208.21,167.69,4.271
IMP-000014,"Sample Product 14",Hose,pallet,50.40,90.42,1.604
IMP-000015,"Sample Product 15",Fittings,each,385.82,99.17,2.241
IMP-000016,"Sample Product 16",Valves,box,109.82,238.80,3.451
IMP-000017,"Sample Product 17",Tables,pallet,287.42,83.48,2.055
IMP-000018,"Sample Product 18",Cookware,each,405.05,242.91,4.417
IMP-000019,"Sample Product 19",Storage,box,102.35,145.69,0.230
IMP-000020,"Sample Product 20",Bolts,pallet,3.27,276.97,2.727
IMP-000021,"Sample Product 21",Nuts,each,442.26,238.67,2.247
IMP-000022,"Sample Product 22",Washers,box,352.44,171.57,4.718
IMP-000023,"Sample Product 23",Screws,pallet,113.65,262.93,3.073
IMP-000024,"Sample Product 24",Hose,each,70.62,212.48,4.865
IMP-000025,"Sample Product 25",Fittings,box,245.12,34.00,0.944
IMP-000026,"Sample Product 26",Valves,pallet,462.03,158.86,4.663
IMP-000027,"Sample Product 27",Tables,each,268.91,60.25,4.957
IMP-000028,"Sample Product 28",Cookware,box,84.71,101.67,2.080
IMP-000029,"Sample Product 29",Storage,pallet,137.29,5.23,2.961
IMP-000030,"Sample Product 30",Bolts,each,355.03,139.42,3.185
IMP-000031,"Sample Product 31",Nuts,box,250.57,156.15,0.926
IMP-000032,"Sample Product 32",Washers,pallet,380.62,70.24,1.151
IMP-000033,"Sample Product 33",Screws,each,391.91,145.26,4.198
IMP-000034,"Sample Product 34",Hose,box,433.71,168.09,0.793
IMP-000035,"Sample Product 35",Fittings,pallet,71.47,65.84,1.822
IMP-000036,"Sample Product 36",Valves,each,353.98,42.28,3.052
IMP-000037,"Sample Product 37",Tables,box,1.68,67.39,1.593
IMP-000038,"Sample Product 38",Cookware,pallet,407.18,58.38,3.655
IMP-000039,"Sample Product 39",Storage,each,420.88,220.98,4.980
IMP-000040,"Sample Product 40",Bolts,box,423.44,271.50,1.622
IMP-000041,"Sample Product 41",Nuts,pallet,10.37,50.07,0.040
IMP-000042,"Sample Product 42",Washers,each,26.88,83.75,2.791
IMP-000043,"Sample Product 43",Screws,box,403.02,78.13,0.790
IMP-000044,"Sample Product 44",Hose,pallet,45.81,189.17,4.903
IMP-000045,"Sample Product 45",Fittings,each,367.90,248.71,4.477
IMP-000046,"Sample Product 46",Valves,box,440.59,203.45,0.037
IMP-000047,"Sample Product 47",Tables,pallet,426.42,78.35,2.873
IMP-000048,"Sample Product 48",Cookware,each,122.33,288.80,1.289
IMP-000049,"Sample Product 49",Storage,box,184.65,140.90,3.531
IMP-000050,"Sample Product 50",Bolts,pallet,452.38,175.40,3.716
IMP-000051,"Sample Product 51",Nuts,each,45.80,284.72,2.823
IMP-000052,"Sample Product 52",Washers,box,462.49,255.92,0.147
IMP-000053,"Sample Product 53",Screws,pallet,278.82,246.62,2.322
IMP-000054,"Sample Product 54",Hose,each,495.22,211.81,3.079
IMP-000055,"Sample Product 55",Fittings,box,65.33,290.51,3.086
IMP-000056,"Sample Product 56",Valves,pallet,340.18,155.40,4.936
IMP-000057,"Sample Product 57",Tables,each,443.00,26.83,2.788
IMP-000058,"Sample Product 58",Cookware,box,309.06,176.41,2.062
IMP-000059,"Sample Product 59",Storage,pallet,499.19,101.04,4.601
IMP-000060,"Sample Product 60",Bolts,each,341.90,190.84,3.654
IMP-000061,"Sample Product 61",Nuts,box,478.91,132.82,4.300
IMP-000062,"Sample Product 62",Washers,pallet,99.58,50.80,0.419
IMP-000063,"Sample Product 63",Screws,each,289.46,170.65,0.098
IMP-000064,"Sample Product 64",Hose,box,486.37,7.28,3.671
IMP-000065,"Sample Product 65",Fittings,pallet,434.48,294.47,3.256
IMP-000066,"Sample Product 66",Valves,each,367.49,297.12,4.090
IMP-000067,"Sample Product 67",Tables,box,176.83,54.20,1.249
IMP-000068,"Sample Product 68",Cookware,pallet,387.39,6.65,3.340
IMP-000069,"Sample Product 69",Storage,each,334.26,177.68,0.290
IMP-000070,"Sample Product 70",Bolts,box,366.09,155.94,1.852
IMP-000071,"Sample Product 71",Nuts,pallet,468.69,203.55,3.966
IMP-000072,"Sample Product 72",Washers,each,276.52,247.39,3.638
IMP-000073,"Sample Product 73",Screws,box,442.66,211.12,0.095
IMP-000074,"Sample Product 74",Hose,pallet,91.78,37.46,3.882
IMP-000075,"Sample Product 75",Fittings,each,153.07,183.03,2.370
IMP-000076,"Sample Product 76",Valves,box,78.26,101.17,2.372
IMP-000077,"Sample Product 77",Tables,pallet,61.57,119.95,3.217
IMP-000078,"Sample Product 78",Cookware,each,6.38,264.39,3.304
IMP-000079,"Sample Product 79",Storage,box,488.65,179.68,4.736
IMP-000080,"Sample Product 80",Bolts,pallet,417.32,253.39,1.755
IMP-000081,"Sample Product 81",Nuts,each,264.43,106.59,3.287
IMP-000082,"Sample Product 82",Washers,box,32.95,212.03,0.566
IMP-000083,"Sample Product 83",Screws,pallet,481.88,223.03,1.351
IMP-000084,"Sample Product 84",Hose,each,315.24,276.39,0.678
IMP-000085,"Sample Product 85",Fittings,box,253.73,19.12,3.542
IMP-000086,"Sample Product 86",Valves,pallet,370.71,274.55,0.783
IMP-000087,"Sample Product 87",Tables,each,25.07,120.33,2.558
IMP-000088,"Sample Product 88",Cookware,box,386.34,21.04,1.563
IMP-000089,"Sample Product 89",Storage,pallet,204.11,143.73,3.071
IMP-000090,"Sample Product 90",Bolts,each,92.59,74.24,1.126
IMP-000091,"Sample Product 91",Nuts,box,7.23,199.32,3.008
IMP-000092,"Sample Product 92",Washers,pallet,101.08,144.81,4.386
IMP-000093,"Sample Product 93",Screws,each,461.75,204.69,3.959
IMP-000094,"Sample Product 94",Hose,box,176.59,280.72,4.913
IMP-000095,"Sample Product 95",Fittings,pallet,346.26,88.17,4.643
IMP-000096,"Sample Product 96",Valves,each,446.49,195.81,4.561
IMP-000097,"Sample Product 97",Tables,box,184.93,96.70,1.344
IMP-000098,"Sample Product 98",Cookware,pallet,138.38,112.11,1.709
IMP-000099,"Sample Product 99",Storage,each,160.46,102.89,0.459
IMP-000100,"Sample Product 100",Bolts,box,342.40,260.83,4.888
IMP-000101,"Sample Product 101",Nuts,pallet,335.38,271.17,2.397
IMP-000102,"Sample Product 102",Washers,each,466.78,65.68,1.709
IMP-000103,"Sample Product 103",Screws,box,357.80,46.41,1.065
IMP-000104,"Sample Product 104",Hose,pallet,271.48,121.42,3.109
IMP-000105,"Sample Product 105",Fittings,each,182.34,234.83,4.319
IMP-000106,"Sample Product 106",Valves,box,424.26,268.54,2.319
IMP-000107,"Sample Product 107",Tables,pallet,280.41,156.92,0.560
IMP-000108,"Sample Product 108",Cookware,each,44.56,8.09,3.480
IMP-000109,"Sample Product 109",Storage,box,436.46,30.40,0.814
IMP-000110,"Sample Product 110",Bolts,pallet,46.56,17.80,1.913
IMP-000111,"Sample Product 111",Nuts,each,431.71,89.66,0.148
IMP-000112,"Sample Product 112",Washers,box,440.46,153.25,0.955
IMP-000113,"Sample Product 113",Screws,pallet,201.46,45.53,3.835
IMP-000114,"Sample Product 114",Hose,each,496.18,205.15,1.037
IMP-000115,"Sample Product 115",Fittings,box,99.53,65.73,3.792
IMP-000116,"Sample Product 116",Valves,pallet,171.72,144.77,2.177
IMP-000117,"Sample Product 117",Tables,each,76.21,14.83,1.753
IMP-000118,"Sample Product 118",Cookware,box,366.31,253.46,2.463
IMP-000119,"Sample Product 119",Storage,pallet,399.81,161.61,3.096
IMP-000120,"Sample Product 120",Bolts,each,42.96,110.49,2.116
IMP-000121,"Sample Product 121",Nuts,box,483.97,81.88,3.540
IMP-000122,"Sample Product 122",Washers,pallet,112.33,13.46,3.550
IMP-000123,"Sample Product 123",Screws,each,316.37,177.66,0.083
IMP-000124,"Sample Product 124",Hose,box,144.20,214.48,1.425
IMP-000125,"Sample Product 125",Fittings,pallet,415.32,106.37,4.005
IMP-000126,"Sample Product 126",Valves,each,43.84,148.97,2.962
IMP-000127,"Sample Product 127",Tables,box,462.31,285.57,1.231
IMP-000128,"Sample Product 128",Cookware,pallet,379.83,69.40,3.865
IMP-000129,"Sample Product 129",Storage,each,473.96,30.20,2.016
IMP-000130,"Sample Product 130",Bolts,box,281.97,13.29,2.538
IMP-000131,"Sample Product 131",Nuts,pallet,260.12,189.67,4.434
IMP-000132,"Sample Product 132",Washers,each,115.85,137.48,0.674
IMP-000133,"Sample Product 133",Screws,box,186.02,170.51,3.416
IMP-000134,"Sample Product 134",Hose,pallet,70.67,138.34,4.639
IMP-000135,"Sample Product 135",Fittings,each,416.48,205.14,1.313
IMP-000136,"Sample Product 136",Valves,box,123.62,57.26,3.053
IMP-000137,"Sample Product 137",Tables,pallet,310.20,44.42,1.982
IMP-000138,"Sample Product 138",Cookware,each,152.27,91.81,2.213
IMP-000139,"Sample Product 139",Storage,box,348.92,148.19,3.139
IMP-000140,"Sample Product 140",Bolts,pallet,292.03,37.71,4.863
IMP-000141,"Sample Product 141",Nuts,each,96.62,209.13,2.663
IMP-000142,"Sample Product 142",Washers,box,212.82,208.03,1.248
IMP-000143,"Sample Product 143",Screws,pallet,261.49,265.92,2.410
IMP-000144,"Sample Product 144",Hose,each,200.23,274.71,0.483
IMP-000145,"Sample Product 145",Fittings,box,42.88,210.04,1.852
IMP-000146,"Sample Product 146",Valves,pallet,243.33,282.10,3.358
IMP-000147,"Sample Product 147",Tables,each,273.29,164.32,1.657
IMP-000148,"Sample Product 148",Cookware,box,43.55,92.13,1.709
IMP-000149,"Sample Product 149",Storage,pallet,269.89,245.03,0.264
IMP-000150,"Sample Product 150",Bolts,each,139.48,204.47,2.121
IMP-000151,"Sample Product 151",Nuts,box,128.19,152.51,4.094
IMP-000152,"Sample Product 152",Washers,pallet,362.32,139.28,1.077
IMP-000153,"Sample Product 153",Screws,each,239.42,295.05,1.284
IMP-000154,"Sample Product 154",Hose,box,142.04,170.17,1.060
IMP-000155,"Sample Product 155",Fittings,pallet,70.94,162.82,3.631
IMP-000156,"Sample Product 156",Valves,each,447.71,114.53,3.180
IMP-000157,"Sample Product 157",Tables,box,22.72,95.67,4.055
IMP-000158,"Sample Product 158",Cookware,pallet,166.84,252.94,4.111
IMP-000159,"Sample Product 159",Storage,each,5.03,18.26,3.792
IMP-000160,"Sample Product 160",Bolts,box,168.19,211.17,3.800
IMP-000161,"Sample Product 161",Nuts,pallet,63.50,127.04,2.526
IMP-000162,"Sample Product 162",Washers,each,417.07,234.12,2.103
IMP-000163,"Sample Product 163",Screws,box,414.77,115.21,2.084
IMP-000164,"Sample Product 164",Hose,pallet,37.47,1.67,3.726
IMP-000165,"Sample Product 165",Fittings,each,430.67,131.93,1.551
IMP-000166,"Sample Product 166",Valves,box,429.38,185.47,3.745
IMP-000167,"Sample Product 167",Tables,pallet,423.51,2.36,1.557
IMP-000168,"Sample Product 168",Cookware,each,50.36,175.32,0.080
IMP-000169,"Sample Product 169",Storage,box,272.17,10.85,4.606
IMP-000170,"Sample Product 170",Bolts,pallet,397.89,195.79,3.262
IMP-000171,"Sample Product 171",Nuts,each,409.15,123.29,0.461
IMP-000172,"Sample Product 172",Washers,box,319.57,166.10,1.421
IMP-000173,"Sample Product 173",Screws,pallet,80.97,268.78,3.401
IMP-000174,"Sample Product 174",Hose,each,477.69,144.36,2.651
IMP-000175,"Sample Product 175",Fittings,box,283.28,38.09,1.062
IMP-000176,"Sample Product 176",Valves,pallet,448.82,158.30,1.854
IMP-000177,"Sample Product 177",Tables,each,153.69,138.67,3.852
IMP-000178,"Sample Product 178",Cookware,box,410.75,295.92,3.669
IMP-000179,"Sample Product 179",Storage,pallet,110.12,83.58,4.127
IMP-000180,"Sample Product 180",Bolts,each,31.65,55.63,1.359
IMP-000181,"Sample Product 181",Nuts,box,441.98,105.73,0.378
IMP-000182,"Sample Product 182",Washers,pallet,149.32,170.70,0.812
IMP-000183,"Sample Product 183",Screws,each,249.29,62.11,0.540
IMP-000184,"Sample Product 184",Hose,box,343.00,216.51,2.779
IMP-000185,"Sample Product 185",Fittings,pallet,57.81,265.35,0.889
IMP-000186,"Sample Product 186",Valves,each,37.33,112.27,0.516
IMP-000187,"Sample Product 187",Tables,box,126.27,180.12,4.451
IMP-000188,"Sample Product 188",Cookware,pallet,43.80,199.10,0.679
IMP-000189,"Sample Product 189",Storage,each,276.24,193.41,3.566
IMP-000190,"Sample Product 190",Bolts,box,43.32,110.86,2.910
IMP-000191,"Sample Product 191",Nuts,pallet,8.72,122.83,4.034
IMP-000192,"Sample Product 192",Washers,each,93.49,28.28,1.687
IMP-000193,"Sample Product 193",Screws,box,384.45,280.11,2.016
IMP-000194,"Sample Product 194",Hose,pallet,484.80,293.80,4.423
IMP-000195,"Sample Product 195",Fittings,each,388.37,210.37,4.108
IMP-000196,"Sample Product 196",Valves,box,84.18,108.05,0.054
IMP-000197,"Sample Product 197",Tables,pallet,297.89,122.16,1.062
IMP-000198,"Sample Product 198",Cookware,each,118.54,38.62,1.552
IMP-000199,"Sample Product 199",Storage,box,216.81,236.94,1.072
IMP-000123,"Sample Product 200",Bolts,pallet,475.40,9.94,2.361
IMP-000201,"Sample Product 201",Nuts,each,448.60,172.30,4.834
IMP-000202,"Sample Product 202",Washers,box,304.94,75.84,2.061
IMP-000203,"Sample Product 203",Screws,pallet,431.00,180.63,4.723
IMP-000204,"Sample Product 204",Hose,each,464.84,252.29,0.650
IMP-000205,"Sample Product 205",Fittings,box,297.80,124.67,1.618
IMP-000206,"Sample Product 206",Valves,pallet,289.88,42.81,3.527
IMP-000207,"Sample Product 207",Tables,each,24.41,229.82,0.434
IMP-000208,"Sample Product 208",Cookware,box,421.50,195.16,1.210
IMP-000209,"Sample Product 209",Storage,pallet,282.81,169.77,2.411
IMP-000210,"Sample Product 210",Bolts,each,162.84,16.86,1.759
IMP-000211,"Sample Product 211",Nuts,box,197.92,226.11,0.620
IMP-000212,"Sample Product 212",Washers,pallet,218.95,133.35,0.483
IMP-000213,"Sample Product 213",Screws,each,136.75,160.56,1.282
IMP-000214,"Sample Product 214",Hose,box,494.32,7.91,2.208
IMP-000215,"Sample Product 215",Fittings,pallet,47.76,21.99,1.252
IMP-000216,"Sample Product 216",Valves,each,25.38,7.92,1.809
IMP-000217,"Sample Product 217",Tables,box,398.28,106.39,1.103
IMP-000218,"Sample Product 218",Cookware,pallet,477.93,115.27,3.481
IMP-000219,"Sample Product 219",Storage,each,73.87,25.36,4.319
IMP-000220,"Sample Product 220",Bolts,box,52.47,81.09,0.854
IMP-000221,"Sample Product 221",Nuts,pallet,274.78,140.31,2.234
IMP-000222,"Sample Product 222",Washers,each,392.96,125.01,3.081
IMP-000223,"Sample Product 223",Screws,box,240.12,233.91,1.890
IMP-000224,"Sample Product 224",Hose,pallet,173.23,103.68,0.951
IMP-000225,"Sample Product 225",Fittings,each,286.49,122.07,1.360
IMP-000226,"Sample Product 226",Valves,box,364.84,64.34,0.442
IMP-000227,"Sample Product 227",Tables,pallet,492.64,20.19,1.481
IMP-000228,"Sample Product 228",Cookware,each,181.86,142.10,3.750
IMP-000229,"Sample Product 229",Storage,box,2.64,17.88,1.618
IMP-000230,"Sample Product 230",Bolts,pallet,157.03,44.29,2.944
IMP-000231,"Sample Product 231",Nuts,each,424.20,297.72,1.129
IMP-000232,"Sample Product 232",Washers,box,486.44,50.14,3.155
IMP-000233,"Sample Product 233",Screws,pallet,24.61,64.14,2.866
IMP-000234,"Sample Product 234",Hose,each,11.01,111.67,4.465
IMP-000235,"Sample Product 235",Fittings,box,390.33,234.42,4.443
IMP-000236,"Sample Product 236",Valves,pallet,97.75,66.02,4.702
IMP-000237,"Sample Product 237",Tables,each,40.36,292.88,3.720
IMP-000238,"Sample Product 238",Cookware,box,78.48,170.97,1.664
IMP-000239,"Sample Product 239",Storage,pallet,353.93,104.21,3.098
IMP-000163,"Sample Product 240",Bolts,each,372.65,126.99,1.566
IMP-000241,"Sample Product 241",Nuts,box,57.69,51.54,1.714
IMP-000242,"Sample Product 242",Washers,pallet,343.99,282.46,2.493
IMP-000243,"Sample Product 243",Screws,each,31.18,201.56,1.038
IMP-000244,"Sample Product 244",Hose,box,204.15,199.90,0.410
IMP-000245,"Sample Product 245",Fittings,pallet,205.03,230.79,4.269
IMP-000246,"Sample Product 246",Valves,each,75.11,282.48,0.811
IMP-000247,"Sample Product 247",Tables,box,355.71,260.54,1.765
IMP-000248,"Sample Product 248",Cookware,pallet,291.50,30.02,2.036
IMP-000249,"Sample Product 249",Storage,each,7.95,182.18,3.532
IMP-000250,"Sample Product 250",Bolts,box,443.56,155.22,1.258
IMP-000251,"Sample Product 251",Nuts,pallet,47.50,59.21,1.872
IMP-000252,"Sample Product 252",Washers,each,392.85,150.55,3.555
IMP-000253,"Sample Product 253",Screws,box,446.90,27.38,1.129
IMP-000254,"Sample Product 254",Hose,pallet,134.21,139.15,3.974
IMP-000255,"Sample Product 255",Fittings,each,63.97,255.07,1.971
IMP-000256,"Sample Product 256",Valves,box,363.55,13.35,1.726
IMP-000257,"Sample Product 257",Tables,pallet,306.81,242.75,0.387
IMP-000258,"Sample Product 258",Cookware,each,10.71,206.91,4.892
IMP-000259,"Sample Product 259",Storage,box,448.30,159.18,1.998
IMP-000260,"Sample Product 260",Bolts,pallet,171.69,258.02,0.546
IMP-000261,"Sample Product 261",Nuts,each,441.27,140.36,2.652
IMP-000262,"Sample Product 262",Washers,box,161.25,100.62,3.619
IMP-000263,"Sample Product 263",Screws,pallet,157.48,230.78,4.647
IMP-000264,"Sample Product 264",Hose,each,134.73,26.92,4.922
IMP-000265,"Sample Product 265",Fittings,box,247.51,112.98,3.342
IMP-000266,"Sample Product 266",Valves,pallet,384.52,231.57,1.941
IMP-000267,"Sample Product 267",Tables,each,367.25,14.92,4.852
IMP-000268,"Sample Product 268",Cookware,box,268.34,271.10,3.218
IMP-000269,"Sample Product 269",Storage,pallet,456.51,159.07,3.625
IMP-000270,"Sample Product 270",Bolts,each,57.36,14.09,2.542
IMP-000271,"Sample Product 271",Nuts,box,420.49,126.89,3.233
IMP-000272,"Sample Product 272",Washers,pallet,387.24,4.59,3.334
IMP-000273,"Sample Product 273",Screws,each,88.31,269.03,3.975
IMP-000274,"Sample Product 274",Hose,box,388.43,163.99,1.478
IMP-000275,"Sample Product 275",Fittings,pallet,25.18,106.03,2.020
IMP-000276,"Sample Product 276",Valves,each,121.89,229.90,4.442
IMP-000277,"Sample Product 277",Tables,box,239.67,292.73,1.742
IMP-000278,"Sample Product 278",Cookware,pallet,258.70,82.15,3.761
IMP-000279,"Sample Product 279",Storage,each,293.12,199.56,1.068
IMP-000203,"Sample Product 280",Bolts,box,107.86,89.64,4.057
IMP-000281,"Sample Product 281",Nuts,pallet,267.85,247.45,1.260
IMP-000282,"Sample Product 282",Washers,each,403.61,188.36,1.498
IMP-000283,"Sample Product 283",Screws,box,318.90,62.76,1.204
IMP-000284,"Sample Product 284",Hose,pallet,37.89,20.94,0.943
IMP-000285,"Sample Product 285",Fittings,each,249.05,122.46,3.526
IMP-000286,"Sample Product 286",Valves,box,409.25,51.62,0.252
IMP-000287,"Sample Product 287",Tables,pallet,218.57,223.40,1.591
IMP-000288,"Sample Product 288",Cookware,each,372.23,39.28,1.333
IMP-000289,"Sample Product 289",Storage,box,266.45,106.43,2.765
IMP-000290,"Sample Product 290",Bolts,pallet,405.40,178.92,2.354
IMP-000291,"Sample Product 291",Nuts,each,308.12,224.81,2.564
IMP-000292,"Sample Product 292",Washers,box,175.43,233.95,1.436
IMP-000293,"Sample Product 293",Screws,pallet,405.49,55.92,3.725
IMP-000294,"Sample Product 294",Hose,each,287.86,107.27,3.631
IMP-000295,"Sample Product 295",Fittings,box,30.47,164.72,4.785
IMP-000296,"Sample Product 296",Valves,pallet,67.22,118.00,3.237
IMP-000297,"Sample Product 297",Tables,each,243.38,91.90,0.784
IMP-000298,"Sample Product 298",Cookware,box,127.76,221.43,0.396
IMP-000299,"Sample Product 299",Storage,pallet,165.83,224.93,3.746
IMP-000300,"Sample Product 300",Bolts,each,75.46,43.19,4.531
IMP-000301,"Sample Product 301",Nuts,box,183.09,13.36,4.418
IMP-000302,"Sample Product 302",Washers,pallet,321.41,19.24,1.021
IMP-000303,"Sample Product 303",Screws,each,443.34,17.28,3.731
IMP-000304,"Sample Product 304",Hose,box,135.84,288.85,1.363
IMP-000305,"Sample Product 305",Fittings,pallet,235.63,151.78,2.272
IMP-000306,"Sample Product 306",Valves,each,40.28,192.29,1.338
IMP-000307,"Sample Product 307",Tables,box,49.94,63.77,1.348
IMP-000308,"Sample Product 308",Cookware,pallet,50.19,169.04,0.835
IMP-000309,"Sample Product 309",Storage,each,486.04,51.29,0.516
IMP-000310,"Sample Product 310",Bolts,box,246.96,211.33,3.867
IMP-000311,"Sample Product 311",Nuts,pallet,412.19,242.15,1.905
IMP-000312,"Sample Product 312",Washers,each,167.32,186.07,3.882
IMP-000313,"Sample Product 313",Screws,box,412.99,293.51,1.518
IMP-000314,"Sample Product 314",Hose,pallet,260.36,93.97,2.206
IMP-000315,"Sample Product 315",Fittings,each,291.53,121.60,4.750
IMP-000316,"Sample Product 316",Valves,box,145.32,220.77,0.217
IMP-000317,"Sample Product 317",Tables,pallet,460.82,183.85,2.478
IMP-000318,"Sample Product 318",Cookware,each,258.59,171.32,3.269
IMP-000319,"Sample Product 319",Storage,box,172.87,183.09,0.520
IMP-000243,"Sample Product 320",Bolts,pallet,236.73,189.67,4.431
IMP-000321,"Sample Product 321",Nuts,each,436.49,196.66,1.027
IMP-000322,"Sample Product 322",Washers,box,393.01,28.54,3.678
IMP-000323,"Sample Product 323",Screws,pallet,485.05,216.90,0.294
IMP-000324,"Sample Product 324",Hose,each,12.64,201.23,4.786
IMP-000325,"Sample Product 325",Fittings,box,467.11,85.04,2.590
IMP-000326,"Sample Product 326",Valves,pallet,257.03,229.77,2.703
IMP-000327,"Sample Product 327",Tables,each,478.52,295.85,3.590
IMP-000328,"Sample Product 328",Cookware,box,99.52,156.11,1.096
IMP-000329,"Sample Product 329",Storage,pallet,283.75,87.51,4.402
IMP-000330,"Sample Product 330",Bolts,each,71.65,176.17,4.058
IMP-000331,"Sample Product 331",Nuts,box,76.39,116.30,4.551
IMP-000332,"Sample Product 332",Washers,pallet,395.67,267.58,0.139
IMP-000333,"Sample Product 333",Screws,each,438.48,232.96,0.877
IMP-000334,"Sample Product 334",Hose,box,271.74,200.64,1.347
IMP-000335,"Sample Product 335",Fittings,pallet,136.73,79.86,2.406
IMP-000336,"Sample Product 336",Valves,each,199.24,277.81,0.869
IMP-000337,"Sample Product 337",Tables,box,497.75,244.92,2.679
IMP-000338,"Sample Product 338",Cookware,pallet,118.40,123.51,1.257
IMP-000339,"Sample Product 339",Storage,each,318.82,136.92,2.416
IMP-000340,"Sample Product 340",Bolts,box,255.83,11.19,2.484
IMP-000341,"Sample Product 341",Nuts,pallet,156.77,39.22,1.667
IMP-000342,"Sample Product 342",Washers,each,190.97,177.90,3.789
IMP-000343,"Sample Product 343",Screws,box,218.73,218.55,3.026
IMP-000344,"Sample Product 344",Hose,pallet,121.80,108.15,3.764
IMP-000345,"Sample Product 345",Fittings,each,234.76,287.60,3.411
IMP-000346,"Sample Product 346",Valves,box,65.10,8.40,3.557
IMP-000347,"Sample Product 347",Tables,pallet,91.13,191.03,1.011
IMP-000348,"Sample Product 348",Cookware,each,404.50,171.94,1.223
IMP-000349,"Sample Product 349",Storage,box,166.46,97.06,1.465
IMP-000350,"Sample Product 350",Bolts,pallet,272.39,176.95,2.447
IMP-000351,"Sample Product 351",Nuts,each,266.50,15.15,1.097
IMP-000352,"Sample Product 352",Washers,box,42.31,164.01,0.320
IMP-000353,"Sample Product 353",Screws,pallet,362.33,238.13,2.984
IMP-000354,"Sample Product 354",Hose,each,223.33,6.23,3.334
IMP-000355,"Sample Product 355",Fittings,box,468.78,222.50,2.366
IMP-000356,"Sample Product 356",Valves,pallet,42.21,294.03,2.652
IMP-000357,"Sample Product 357",Tables,each,167.58,277.13,0.882
IMP-000358,"Sample Product 358",Cookware,box,424.21,141.40,2.402
IMP-000359,"Sample Product 359",Storage,pallet,175.04,120.34,1.231
IMP-000283,"Sample Product 360",Bolts,each,99.55,189.87,2.350
IMP-000361,"Sample Product 361",Nuts,box,254.72,224.27,1.741
IMP-000362,"Sample Product 362",Washers,pallet,198.69,264.46,4.671
IMP-000363,"Sample Product 363",Screws,each,432.63,80.00,2.385
IMP-000364,"Sample Product 364",Hose,box,137.03,74.20,2.307
IMP-000365,"Sample Product 365",Fittings,pallet,383.75,276.37,1.526
IMP-000366,"Sample Product 366",Valves,each,406.92,184.37,0.439
IMP-000367,"Sample Product 367",Tables,box,426.46,106.01,0.607
IMP-000368,"Sample Product 368",Cookware,pallet,125.52,26.32,4.331
IMP-000369,"Sample Product 369",Storage,each,181.15,73.06,3.663
IMP-000370,"Sample Product 370",Bolts,box,343.27,7.33,3.400
IMP-000371,"Sample Product 371",Nuts,pallet,277.84,171.79,0.336
IMP-000372,"Sample Product 372",Washers,each,447.37,242.48,1.932
IMP-000373,"Sample Product 373",Screws,box,114.82,259.38,3.224
IMP-000374,"Sample Product 374",Hose,pallet,76.41,170.90,0.911
IMP-000375,"Sample Product 375",Fittings,each,496.91,263.15,2.882
IMP-000376,"Sample Product 376",Valves,box,111.67,177.10,1.621
IMP-000377,"Sample Product 377",Tables,pallet,298.48,128.32,0.708
IMP-000378,"Sample Product 378",Cookware,each,234.57,60.39,0.728
IMP-000379,"Sample Product 379",Storage,box,333.37,55.61,0.151
IMP-000380,"Sample Product 380",Bolts,pallet,323.43,218.05,1.217
IMP-000381,"Sample Product 381",Nuts,each,439.89,189.48,1.099
IMP-000382,"Sample Product 382",Washers,box,221.43,156.65,1.971
IMP-000383,"Sample Product 383",Screws,pallet,125.57,167.68,2.497
IMP-000384,"Sample Product 384",Hose,each,274.30,151.14,0.608
IMP-000385,"Sample Product 385",Fittings,box,481.89,45.54,3.154
IMP-000386,"Sample Product 386",Valves,pallet,292.00,276.64,0.348
IMP-000387,"Sample Product 387",Tables,each,110.73,233.54,2.364
IMP-000388,"Sample Product 388",Cookware,box,434.72,267.73,2.492
IMP-000389,"Sample Product 389",Storage,pallet,129.46,77.77,2.536
IMP-000390,"Sample Product 390",Bolts,each,387.37,232.03,2.982
IMP-000391,"Sample Product 391",Nuts,box,293.06,132.19,3.968
IMP-000392,"Sample Product 392",Washers,pallet,353.90,19.08,3.522
IMP-000393,"Sample Product 393",Screws,each,52.43,11.25,1.325
IMP-000394,"Sample Product 394",Hose,box,118.29,28.68,2.638
IMP-000395,"Sample Product 395",Fittings,pallet,432.79,184.80,3.504
IMP-000396,"Sample Product 396",Valves,each,76.01,108.08,4.245
IMP-000397,"Sample Product 397",Tables,box,343.39,143.38,1.158
IMP-000398,"Sample Product 398",Cookware,pallet,18.98,138.18,3.824
IMP-000399,"Sample Product 399",Storage,each,485.45,263.85,2.344
IMP-000323,"Sample Product 400",Bolts,box,59.38,78.03,0.022
IMP-000401,"Sample Product 401",Nuts,pallet,358.66,296.09,1.946
IMP-000402,"Sample Product 402",Washers,each,126.89,231.26,3.605
IMP-000403,"Sample Product 403",Screws,box,302.38,179.45,3.719
IMP-000404,"Sample Product 404",Hose,pallet,277.62,198.34,2.032
IMP-000405,"Sample Product 405",Fittings,each,131.69,45.01,4.017
IMP-000406,"Sample Product 406",Valves,box,30.91,227.66,3.530
IMP-000407,"Sample Product 407",Tables,pallet,196.07,154.47,4.876
IMP-000408,"Sample Product 408",Cookware,each,94.79,286.29,1.375
IMP-000409,"Sample Product 409",Storage,box,336.55,258.14,2.441
IMP-000410,"Sample Product 410",Bolts,pallet,78.37,86.27,1.555
IMP-000411,"Sample Product 411",Nuts,each,154.39,297.55,4.562
IMP-000412,"Sample Product 412",Washers,box,419.33,194.86,4.003
IMP-000413,"Sample Product 413",Screws,pallet,305.67,14.29,3.542
IMP-000414,"Sample Product 414",Hose,each,64.45,160.31,4.515
IMP-000415,"Sample Product 415",Fittings,box,345.95,152.91,1.887
IMP-000416,"Sample Product 416",Valves,pallet,207.50,223.37,2.090
IMP-000417,"Sample Product 417",Tables,each,139.54,95.86,0.436
IMP-000418,"Sample Product 418",Cookware,box,188.71,273.14,1.408
IMP-000419,"Sample Product 419",Storage,pallet,457.68,115.30,1.205
IMP-000420,"Sample Product 420",Bolts,each,347.15,69.66,1.056
IMP-000421,"Sample Product 421",Nuts,box,48.82,80.18,0.937
IMP-000422,"Sample Product 422",Washers,pallet,221.57,78.30,1.141
IMP-000423,"Sample Product 423",Screws,each,251.71,210.38,0.461
IMP-000424,"Sample Product 424",Hose,box,445.52,11.21,4.742
IMP-000425,"Sample Product 425",Fittings,pallet,177.75,90.00,4.792
IMP-000426,"Sample Product 426",Valves,each,413.09,107.72,1.470
IMP-000427,"Sample Product 427",Tables,box,302.45,165.66,4.810
IMP-000428,"Sample Product 428",Cookware,pallet,10.38,161.71,2.569
IMP-000429,"Sample Product 429",Storage,each,426.00,46.26,3.729
IMP-000430,"Sample Product 430",Bolts,box,497.87,4.44,3.433
IMP-000431,"Sample Product 431",Nuts,pallet,215.42,269.51,4.157
IMP-000432,"Sample Product 432",Washers,each,30.88,140.08,0.293
IMP-000433,"Sample Product 433",Screws,box,195.13,129.04,4.668
IMP-000434,"Sample Product 434",Hose,pallet,239.28,36.86,1.094
IMP-000435,"Sample Product 435",Fittings,each,318.72,297.06,4.375
IMP-000436,"Sample Product 436",Valves,box,128.85,16.37,2.709
IMP-000437,"Sample Product 437",Tables,pallet,254.68,264.73,1.480
IMP-000438,"Sample Product 438",Cookware,each,236.45,155.95,3.525
IMP-000439,"Sample Product 439",Storage,box,347.10,102.05,3.029
IMP-000363,"Sample Product 440",Bolts,pallet,10.24,256.83,1.761
IMP-000441,"Sample Product 441",Nuts,each,146.80,21.13,3.345
IMP-000442,"Sample Product 442",Washers,box,475.75,180.12,4.083
IMP-000443,"Sample Product 443",Screws,pallet,103.00,283.15,1.221
IMP-000444,"Sample Product 444",Hose,each,406.54,218.34,3.119
IMP-000445,"Sample Product 445",Fittings,box,389.50,246.80,1.244
IMP-000446,"Sample Product 446",Valves,pallet,295.95,250.58,3.673
IMP-000447,"Sample Product 447",Tables,each,458.10,84.77,3.949
IMP-000448,"Sample Product 448",Cookware,box,45.70,116.84,4.422
IMP-000449,"Sample Product 449",Storage,pallet,412.23,111.64,2.178
IMP-000450,"Sample Product 450",Bolts,each,30.77,216.76,4.063
IMP-000451,"Sample Product 451",Nuts,box,65.55,116.55,4.414
IMP-000452,"Sample Product 452",Washers,pallet,22.51,298.74,1.872
IMP-000453,"Sample Product 453",Screws,each,368.58,277.09,3.030
IMP-000454,"Sample Product 454",Hose,box,90.36,218.80,0.848
IMP-000455,"Sample Product 455",Fittings,pallet,30.05,29.65,1.888
IMP-000456,"Sample Product 456",Valves,each,254.64,222.92,0.596
IMP-000457,"Sample Product 457",Tables,box,11.42,242.74,1.474
IMP-000458,"Sample Product 458",Cookware,pallet,145.39,264.60,4.224
IMP-000459,"Sample Product 459",Storage,each,440.60,150.91,0.470
IMP-000460,"Sample Product 460",Bolts,box,42.30,43.64,3.862
IMP-000461,"Sample Product 461",Nuts,pallet,185.85,265.17,4.576
IMP-000462,"Sample Product 462",Washers,each,274.93,290.72,1.915
IMP-000463,"Sample Product 463",Screws,box,452.91,137.80,2.201
IMP-000464,"Sample Product 464",Hose,pallet,363.26,172.55,1.644
IMP-000465,"Sample Product 465",Fittings,each,371.15,102.73,2.775
IMP-000466,"Sample Product 466",Valves,box,103.82,134.16,2.053
IMP-000467,"Sample Product 467",Tables,pallet,141.25,227.20,0.425
IMP-000468,"Sample Product 468",Cookware,each,164.37,88.53,2.470
IMP-000469,"Sample Product 469",Storage,box,187.68,245.00,2.190
IMP-000470,"Sample Product 470",Bolts,pallet,327.06,28.08,3.997
IMP-000471,"Sample Product 471",Nuts,each,453.95,176.73,3.628
IMP-000472,"Sample Product 472",Washers,box,77.22,123.53,2.887
IMP-000473,"Sample Product 473",Screws,pallet,32.03,50.55,4.521
IMP-000474,"Sample Product 474",Hose,each,408.01,154.60,0.426
IMP-000475,"Sample Product 475",Fittings,box,122.03,16.07,4.762
IMP-000476,"Sample Product 476",Valves,pallet,149.78,244.69,2.974
IMP-000477,"Sample Product 477",Tables,each,483.59,29.80,4.418
IMP-000478,"Sample Product 478",Cookware,box,135.61,19.28,2.537
IMP-000479,"Sample Product 479",Storage,pallet,119.46,150.03,1.299
IMP-000403,"Sample Product 480",Bolts,each,233.51,219.72,0.326
IMP-000481,"Sample Product 481",Nuts,box,115.83,298.21,1.642
IMP-000482,"Sample Product 482",Washers,pallet,58.24,116.66,0.883
IMP-000483,"Sample Product 483",Screws,each,228.55,132.38,2.921
IMP-000484,"Sample Product 484",Hose,box,403.59,60.00,0.797
IMP-000485,"Sample Product 485",Fittings,pallet,197.44,53.39,2.597
IMP-000486,"Sample Product 486",Valves,each,484.77,183.21,4.496
IMP-000487,"Sample Product 487",Tables,box,85.21,31.78,1.935
IMP-000488,"Sample Product 488",Cookware,pallet,353.44,56.80,4.561
IMP-000489,"Sample Product 489",Storage,each,248.15,4.63,2.984
IMP-000490,"Sample Product 490",Bolts,box,428.05,144.14,1.306
IMP-000491,"Sample Product 491",Nuts,pallet,229.18,122.27,4.261
IMP-000492,"Sample Product 492",Washers,each,14.34,147.23,0.298
IMP-000493,"Sample Product 493",Screws,box,248.52,234.61,2.616
IMP-000494,"Sample Product 494",Hose,pallet,317.81,95.42,3.525
IMP-000495,"Sample Product 495",Fittings,each,17.26,142.38,2.117
IMP-000496,"Sample Product 496",Valves,box,472.76,133.38,1.213
IMP-000497,"Sample Product 497",Tables,pallet,47.97,37.25,0.502
IMP-000498,"Sample Product 498",Cookware,each,158.95,151.27,1.296
IMP-000499,"Sample Product 499",Storage,box,314.32,76.95,3.995
IMP-000500,"Sample Product 500",Bolts,pallet,200.20,229.42,2.126
IMP-000501,"Sample Product 501",Nuts,each,423.14,293.97,0.085
IMP-000502,"Sample Product 502",Washers,box,495.53,145.11,4.503
IMP-000503,"Sample Product 503",Screws,pallet,418.40,153.20,0.850
IMP-000504,"Sample Product 504",Hose,each,307.59,236.37,4.311
IMP-000505,"Sample Product 505",Fittings,box,428.72,52.90,3.785
IMP-000506,"Sample Product 506",Valves,pallet,56.84,243.16,2.811
IMP-000507,"Sample Product 507",Tables,each,201.97,266.01,1.889
IMP-000508,"Sample Product 508",Cookware,box,374.84,294.40,3.903
IMP-000509,"Sample Product 509",Storage,pallet,453.44,7.35,3.553
IMP-000510,"Sample Product 510",Bolts,each,304.22,92.14,1.170
IMP-000511,"Sample Product 511",Nuts,box,67.59,213.42,3.165
IMP-000512,"Sample Product 512",Washers,pallet,471.08,102.97,3.329
IMP-000513,"Sample Product 513",Screws,each,374.11,291.00,1.793
IMP-000514,"Sample Product 514",Hose,box,318.12,290.49,3.449
IMP-000515,"Sample Product 515",Fittings,pallet,344.19,6.98,2.215
IMP-000516,"Sample Product 516",Valves,each,391.12,239.60,1.134
IMP-000517,"Sample Product 517",Tables,box,357.81,85.69,0.884
IMP-000518,"Sample Product 518",Cookware,pallet,313.79,29.33,1.461
IMP-000519,"Sample Product 519",Storage,each,152.62,212.50,3.247
IMP-000443,"Sample Product 520",Bolts,box,330.88,155.17,2.791
IMP-000521,"Sample Product 521",Nuts,pallet,384.13,265.37,3.703
IMP-000522,"Sample Product 522",Washers,each,82.17,89.25,2.237
IMP-000523,"Sample Product 523",Screws,box,484.25,278.70,4.684
IMP-000524,"Sample Product 524",Hose,pallet,169.31,273.32,0.591
IMP-000525,"Sample Product 525",Fittings,each,25.09,172.44,0.287
IMP-000526,"Sample Product 526",Valves,box,487.73,40.84,2.691
IMP-000527,"Sample Product 527",Tables,pallet,152.26,115.38,1.018
IMP-000528,"Sample Product 528",Cookware,each,179.89,182.83,2.308
IMP-000529,"Sample Product 529",Storage,box,35.49,106.72,2.330
IMP-000530,"Sample Product 530",Bolts,pallet,174.51,35.96,2.239
IMP-000531,"Sample Product 531",Nuts,each,41.13,84.59,0.090
IMP-000532,"Sample Product 532",Washers,box,103.66,252.23,4.699
IMP-000533,"Sample Product 533",Screws,pallet,440.69,236.05,4.073
IMP-000534,"Sample Product 534",Hose,each,194.51,81.95,3.453
IMP-000535,"Sample Product 535",Fittings,box,491.99,16.10,2.618
IMP-000536,"Sample Product 536",Valves,pallet,179.11,122.76,4.958
IMP-000537,"Sample Product 537",Tables,each,412.62,65.97,4.963
IMP-000538,"Sample Product 538",Cookware,box,410.51,208.73,0.943
IMP-000539,"Sample Product 539",Storage,pallet,392.77,48.95,1.671
IMP-000540,"Sample Product 540",Bolts,each,440.16,274.16,2.526
IMP-000541,"Sample Product 541",Nuts,box,395.46,184.79,1.111
IMP-000542,"Sample Product 542",Washers,pallet,464.60,108.25,4.479
IMP-000543,"Sample Product 543",Screws,each,396.04,298.31,3.111
IMP-000544,"Sample Product 544",Hose,box,18.96,130.42,3.950
IMP-000545,"Sample Product 545",Fittings,pallet,285.94,122.07,4.946
IMP-000546,"Sample Product 546",Valves,each,128.11,224.15,0.469
IMP-000547,"Sample Product 547",Tables,box,27.06,210.07,1.977
IMP-000548,"Sample Product 548",Cookware,pallet,88.96,156.96,2.208
IMP-000549,"Sample Product 549",Storage,each,316.04,153.69,2.490
IMP-000550,"Sample Product 550",Bolts,box,89.42,103.30,0.580
IMP-000551,"Sample Product 551",Nuts,pallet,184.40,216.15,1.682
IMP-000552,"Sample Product 552",Washers,each,20.13,192.63,1.890
IMP-000553,"Sample Product 553",Screws,box,81.07,279.20,3.730
IMP-000554,"Sample Product 554",Hose,pallet,119.42,20.26,1.084
IMP-000555,"Sample Product 555",Fittings,each,345.96,47.28,4.618
IMP-000556,"Sample Product 556",Valves,box,236.79,279.22,1.410
IMP-000557,"Sample Product 557",Tables,pallet,150.91,87.69,2.981
IMP-000558,"Sample Product 558",Cookware,each,45.10,20.54,4.461
IMP-000559,"Sample Product 559",Storage,box,400.67,150.43,0.144
IMP-000483,"Sample Product 560",Bolts,pallet,15.97,195.22,0.013
IMP-000561,"Sample Product 561",Nuts,each,1.67,29.27,2.481
IMP-000562,"Sample Product 562",Washers,box,324.35,8.20,3.744
IMP-000563,"Sample Product 563",Screws,pallet,61.12,149.58,1.539
IMP-000564,"Sample Product 564",Hose,each,421.39,181.97,0.817
IMP-000565,"Sample Product 565",Fittings,box,432.59,247.21,2.225
IMP-000566,"Sample Product 566",Valves,pallet,494.40,239.42,1.334
IMP-000567,"Sample Product 567",Tables,each,465.30,214.63,3.839
IMP-000568,"Sample Product 568",Cookware,box,470.45,250.10,0.382
IMP-000569,"Sample Product 569",Storage,pallet,323.71,224.20,0.250
IMP-000570,"Sample Product 570",Bolts,each,109.16,151.27,4.220
IMP-000571,"Sample Product 571",Nuts,box,222.26,121.72,3.886
IMP-000572,"Sample Product 572",Washers,pallet,155.93,257.36,0.517
IMP-000573,"Sample Product 573",Screws,each,343.94,100.01,0.712
IMP-000574,"Sample Product 574",Hose,box,136.24,277.85,0.338
IMP-000575,"Sample Product 575",Fittings,pallet,181.30,261.21,1.854
IMP-000576,"Sample Product 576",Valves,each,137.48,127.59,1.022
IMP-000577,"Sample Product 577",Tables,box,215.00,215.61,1.997
IMP-000578,"Sample Product 578",Cookware,pallet,388.84,193.64,0.288
IMP-000579,"Sample Product 579",Storage,each,140.63,88.94,0.544
IMP-000580,"Sample Product 580",Bolts,box,56.99,266.18,4.674
IMP-000581,"Sample Product 581",Nuts,pallet,16.90,30.54,2.868
IMP-000582,"Sample Product 582",Washers,each,452.07,215.60,3.475
IMP-000583,"Sample Product 583",Screws,box,268.11,176.59,1.218
IMP-000584,"Sample Product 584",Hose,pallet,59.83,57.73,4.518
IMP-000585,"Sample Product 585",Fittings,each,229.60,25.02,0.163
IMP-000586,"Sample Product 586",Valves,box,105.94,97.71,2.556
IMP-000587,"Sample Product 587",Tables,pallet,224.70,105.15,4.599
IMP-000588,"Sample Product 588",Cookware,each,147.37,219.37,0.188
IMP-000589,"Sample Product 589",Storage,box,434.46,268.43,3.962
IMP-000590,"Sample Product 590",Bolts,pallet,78.13,133.08,2.640
IMP-000591,"Sample Product 591",Nuts,each,274.38,68.29,0.343
IMP-000592,"Sample Product 592",Washers,box,108.87,272.62,3.412
IMP-000593,"Sample Product 593",Screws,pallet,481.35,88.07,3.367
IMP-000594,"Sample Product 594",Hose,each,88.64,209.23,2.796
IMP-000595,"Sample Product 595",Fittings,box,323.36,99.19,4.878
IMP-000596,"Sample Product 596",Valves,pallet,79.21,274.81,4.286
IMP-000597,"Sample Product 597",Tables,each,274.08,75.87,0.399
IMP-000598,"Sample Product 598",Cookware,box,303.57,245.08,2.924
IMP-000599,"Sample Product 599",Storage,pallet,72.42,276.42,2.093
IMP-000523,"Sample Product 600",Bolts,each,19.76,258.33,0.292
IMP-000601,"Sample Product 601",Nuts,box,148.07,7.75,2.958
IMP-000602,"Sample Product 602",Washers,pallet,490.31,57.77,0.651
IMP-000603,"Sample Product 603",Screws,each,432.52,209.21,1.692
IMP-000604,"Sample Product 604",Hose,box,445.84,231.30,0.406
IMP-000605,"Sample Product 605",Fittings,pallet,404.35,138.47,2.023
IMP-000606,"Sample Product 606",Valves,each,135.39,173.30,1.620
IMP-000607,"Sample Product 607",Tables,box,67.72,162.61,1.554
IMP-000608,"Sample Product 608",Cookware,pallet,65.73,215.71,1.709
IMP-000609,"Sample Product 609",Storage,each,53.77,254.44,1.701
IMP-000610,"Sample Product 610",Bolts,box,35.34,297.64,2.587
IMP-000611,"Sample Product 611",Nuts,pallet,466.23,205.29,0.893
IMP-000612,"Sample Product 612",Washers,each,474.44,17.60,2.969
IMP-000613,"Sample Product 613",Screws,box,380.66,40.71,2.765
IMP-000614,"Sample Product 614",Hose,pallet,478.29,13.00,3.580
IMP-000615,"Sample Product 615",Fittings,each,296.47,37.88,3.143
IMP-000616,"Sample Product 616",Valves,box,179.28,247.35,1.922
IMP-000617,"Sample Product 617",Tables,pallet,16.91,52.16,0.344
IMP-000618,"Sample Product 618",Cookware,each,307.06,136.66,4.235
IMP-000619,"Sample Product 619",Storage,box,168.97,248.05,2.079
IMP-000620,"Sample Product 620",Bolts,pallet,454.84,258.05,0.459
IMP-000621,"Sample Product 621",Nuts,each,454.55,23.70,0.406
IMP-000622,"Sample Product 622",Washers,box,28.35,153.86,1.745
IMP-000623,"Sample Product 623",Screws,pallet,443.45,24.35,1.302
IMP-000624,"Sample Product 624",Hose,each,384.53,21.48,1.771
IMP-000625,"Sample Product 625",Fittings,box,82.50,162.81,2.056
IMP-000626,"Sample Product 626",Valves,pallet,113.70,144.58,3.230
IMP-000627,"Sample Product 627",Tables,each,241.11,254.14,0.807
IMP-000628,"Sample Product 628",Cookware,box,494.76,177.59,3.447
IMP-000629,"Sample Product 629",Storage,pallet,274.22,255.81,4.563
IMP-000630,"Sample Product 630",Bolts,each,25.64,182.39,1.206
IMP-000631,"Sample Product 631",Nuts,box,427.18,298.60,0.118
IMP-000632,"Sample Product 632",Washers,pallet,154.13,259.92,1.020
IMP-000633,"Sample Product 633",Screws,each,378.61,25.08,4.158
IMP-000634,"Sample Product 634",Hose,box,357.87,78.29,1.338
IMP-000635,"Sample Product 635",Fittings,pallet,73.23,240.28,4.668
IMP-000636,"Sample Product 636",Valves,each,26.42,103.46,1.543
IMP-000637,"Sample Product 637",Tables,box,404.98,216.08,3.064
IMP-000638,"Sample Product 638",Cookware,pallet,476.70,236.48,1.065
IMP-000639,"Sample Product 639",Storage,each,361.47,219.07,4.214
IMP-000563,"Sample Product 640",Bolts,box,327.98,46.02,4.653
IMP-000641,"Sample Product 641",Nuts,pallet,448.90,130.02,4.707
IMP-000642,"Sample Product 642",Washers,each,371.67,139.56,3.223
IMP-000643,"Sample Product 643",Screws,box,468.05,55.08,0.402
IMP-000644,"Sample Product 644",Hose,pallet,428.90,61.61,2.209
IMP-000645,"Sample Product 645",Fittings,each,331.71,92.41,2.042
IMP-000646,"Sample Product 646",Valves,box,95.14,137.63,0.873
IMP-000647,"Sample Product 647",Tables,pallet,313.03,108.50,1.527
IMP-000648,"Sample Product 648",Cookware,each,27.26,131.67,2.854
IMP-000649,"Sample Product 649",Storage,box,213.87,241.13,0.978
IMP-000650,"Sample Product 650",Bolts,pallet,356.75,94.18,3.035
IMP-000651,"Sample Product 651",Nuts,each,489.31,141.89,2.234
IMP-000652,"Sample Product 652",Washers,box,102.20,35.29,3.673
IMP-000653,"Sample Product 653",Screws,pallet,88.84,235.82,2.729
IMP-000654,"Sample Product 654",Hose,each,369.65,207.34,1.864
IMP-000655,"Sample Product 655",Fittings,box,174.58,102.67,4.965
IMP-000656,"Sample Product 656",Valves,pallet,382.13,85.90,4.613
IMP-000657,"Sample Product 657",Tables,each,352.53,9.00,0.971
IMP-000658,"Sample Product 658",Cookware,box,73.74,39.08,0.597
IMP-000659,"Sample Product 659",Storage,pallet,482.64,45.73,4.600
IMP-000660,"Sample Product 660",Bolts,each,345.16,91.62,0.939
IMP-000661,"Sample Product 661",Nuts,box,143.66,73.71,3.461
IMP-000662,"Sample Product 662",Washers,pallet,358.93,40.02,0.704
IMP-000663,"Sample Product 663",Screws,each,402.17,148.95,0.036
IMP-000664,"Sample Product 664",Hose,box,165.72,195.42,4.718
IMP-000665,"Sample Product 665",Fittings,pallet,261.42,40.04,4.806
IMP-000666,"Sample Product 666",Valves,each,27.68,10.88,3.244
IMP-000667,"Sample Product 667",Tables,box,360.43,194.88,0.901
IMP-000668,"Sample Product 668",Cookware,pallet,404.98,48.66,0.916
IMP-000669,"Sample Product 669",Storage,each,484.78,288.21,2.139
IMP-000670,"Sample Product 670",Bolts,box,187.54,17.88,2.930
IMP-000671,"Sample Product 671",Nuts,pallet,456.35,179.75,3.641
IMP-000672,"Sample Product 672",Washers,each,25.43,270.62,3.855
IMP-000673,"Sample Product 673",Screws,box,0.67,278.18,4.117
IMP-000674,"Sample Product 674",Hose,pallet,370.91,178.96,3.965
IMP-000675,"Sample Product 675",Fittings,each,51.70,193.98,5.000
IMP-000676,"Sample Product 676",Valves,box,495.04,213.56,1.842
IMP-000677,"Sample Product 677",Tables,pallet,313.22,94.33,4.062
IMP-000678,"Sample Product 678",Cookware,each,2.40,37.45,3.414
IMP-000679,"Sample Product 679",Storage,box,135.72,79.64,2.986
IMP-000603,"Sample Product 680",Bolts,pallet,250.21,60.42,2.078
IMP-000681,"Sample Product 681",Nuts,each,336.27,256.40,2.539
IMP-000682,"Sample Product 682",Washers,box,74.04,243.37,1.068
IMP-000683,"Sample Product 683",Screws,pallet,5.37,97.96,1.748
IMP-000684,"Sample Product 684",Hose,each,486.99,131.10,2.357
IMP-000685,"Sample Product 685",Fittings,box,5.80,36.27,0.284
IMP-000686,"Sample Product 686",Valves,pallet,1.40,256.03,1.697
IMP-000687,"Sample Product 687",Tables,each,419.88,209.76,0.612
IMP-000688,"Sample Product 688",Cookware,box,264.86,200.75,3.198
IMP-000689,"Sample Product 689",Storage,pallet,268.93,75.43,3.152
IMP-000690,"Sample Product 690",Bolts,each,19.90,98.34,1.099
IMP-000691,"Sample Product 691",Nuts,box,446.20,171.93,2.534
IMP-000692,"Sample Product 692",Washers,pallet,124.59,30.96,4.918
IMP-000693,"Sample Product 693",Screws,each,384.11,252.94,0.505
IMP-000694,"Sample Product 694",Hose,box,195.69,91.98,1.566
IMP-000695,"Sample Product 695",Fittings,pallet,169.75,8.06,3.211
IMP-000696,"Sample Product 696",Valves,each,359.56,197.17,0.667
IMP-000697,"Sample Product 697",Tables,box,365.33,86.70,2.805
IMP-000698,"Sample Product 698",Cookware,pallet,71.00,128.98,1.273
IMP-000699,"Sample Product 699",Storage,each,490.01,113.88,2.573
IMP-000700,"Sample Product 700",Bolts,box,365.48,19.64,2.298
IMP-000701,"Sample Product 701",Nuts,pallet,198.67,234.71,0.047
IMP-000702,"Sample Product 702",Washers,each,491.58,77.22,3.877
IMP-000703,"Sample Product 703",Screws,box,429.71,209.15,3.751
IMP-000704,"Sample Product 704",Hose,pallet,452.66,71.21,1.260
IMP-000705,"Sample Product 705",Fittings,each,184.22,63.94,2.988
IMP-000706,"Sample Product 706",Valves,box,213.67,127.63,2.850
IMP-000707,"Sample Product 707",Tables,pallet,404.24,86.50,4.953
IMP-000708,"Sample Product 708",Cookware,each,421.32,251.74,1.715
IMP-000709,"Sample Product 709",Storage,box,396.50,284.56,4.642
IMP-000710,"Sample Product 710",Bolts,pallet,220.31,56.62,4.008
IMP-000711,"Sample Product 711",Nuts,each,194.78,240.51,1.555
IMP-000712,"Sample Product 712",Washers,box,488.56,103.64,3.395
IMP-000713,"Sample Product 713",Screws,pallet,135.44,231.45,2.258
IMP-000714,"Sample Product 714",Hose,each,489.45,157.37,0.245
IMP-000715,"Sample Product 715",Fittings,box,417.40,43.79,3.230
IMP-000716,"Sample Product 716",Valves,pallet,306.70,83.27,1.022
IMP-000717,"Sample Product 717",Tables,each,216.23,90.65,3.343
IMP-000718,"Sample Product 718",Cookware,box,49.27,112.74,3.200
IMP-000719,"Sample Product 719",Storage,pallet,21.17,227.38,4.960
IMP-000643,"Sample Product 720",Bolts,each,387.12,50.75,1.318
IMP-000721,"Sample Product 721",Nuts,box,182.78,203.47,4.137
IMP-000722,"Sample Product 722",Washers,pallet,485.55,86.82,2.957
IMP-000723,"Sample Product 723",Screws,each,163.89,260.00,3.778
IMP-000724,"Sample Product 724",Hose,box,187.50,109.17,2.090
IMP-000725,"Sample Product 725",Fittings,pallet,277.34,190.85,2.785
IMP-000726,"Sample Product 726",Valves,each,304.16,120.88,1.512
IMP-000727,"Sample Product 727",Tables,box,364.34,171.54,1.205
IMP-000728,"Sample Product 728",Cookware,pallet,430.65,22.62,4.155
IMP-000729,"Sample Product 729",Storage,each,214.83,36.94,2.823
IMP-000730,"Sample Product 730",Bolts,box,222.50,104.48,3.351
IMP-000731,"Sample Product 731",Nuts,pallet,430.81,49.49,1.281
IMP-000732,"Sample Product 732",Washers,each,297.04,177.60,1.232
IMP-000733,"Sample Product 733",Screws,box,42.31,266.69,4.569
IMP-000734,"Sample Product 734",Hose,pallet,441.19,33.03,2.261
IMP-000735,"Sample Product 735",Fittings,each,381.48,75.71,1.200
IMP-000736,"Sample Product 736",Valves,box,13.96,130.43,3.149
IMP-000737,"Sample Product 737",Tables,pallet,229.85,136.25,2.092
IMP-000738,"Sample Product 738",Cookware,each,122.96,57.29,0.042
IMP-000739,"Sample Product 739",Storage,box,486.94,149.23,3.182
IMP-000740,"Sample Product 740",Bolts,pallet,163.21,52.94,4.311
IMP-000741,"Sample Product 741",Nuts,each,380.16,178.21,4.770
IMP-000742,"Sample Product 742",Washers,box,397.59,51.39,0.654
IMP-000743,"Sample Product 743",Screws,pallet,370.10,58.43,0.314
IMP-000744,"Sample Product 744",Hose,each,287.31,185.50,4.590
IMP-000745,"Sample Product 745",Fittings,box,129.52,73.05,1.794
IMP-000746,"Sample Product 746",Valves,pallet,340.60,17.93,3.749
IMP-000747,"Sample Product 747",Tables,each,4.10,234.21,3.146
IMP-000748,"Sample Product 748",Cookware,box,100.95,57.59,4.307
IMP-000749,"Sample Product 749",Storage,pallet,372.99,127.16,3.602
IMP-000750,"Sample Product 750",Bolts,each,291.38,88.90,0.021
IMP-000751,"Sample Product 751",Nuts,box,317.95,224.29,2.560
IMP-000752,"Sample Product 752",Washers,pallet,221.43,177.93,0.901
IMP-000753,"Sample Product 753",Screws,each,379.88,29.43,1.237
IMP-000754,"Sample Product 754",Hose,box,295.76,193.72,4.847
IMP-000755,"Sample Product 755",Fittings,pallet,422.55,186.09,4.685
IMP-000756,"Sample Product 756",Valves,each,175.32,152.61,2.083
IMP-000757,"Sample Product 757",Tables,box,282.59,183.96,1.264
IMP-000758,"Sample Product 758",Cookware,pallet,334.43,50.84,2.929
IMP-000759,"Sample Product 759",Storage,each,62.87,163.37,2.363
IMP-000683,"Sample Product 760",Bolts,box,109.12,59.32,1.943
IMP-000761,"Sample Product 761",Nuts,pallet,45.07,294.71,4.057
IMP-000762,"Sample Product 762",Washers,each,295.52,183.67,2.713
IMP-000763,"Sample Product 763",Screws,box,474.69,224.04,1.172
IMP-000764,"Sample Product 764",Hose,pallet,90.77,60.86,3.615
IMP-000765,"Sample Product 765",Fittings,each,272.86,298.72,1.574
IMP-000766,"Sample Product 766",Valves,box,140.08,138.96,4.321
IMP-000767,"Sample Product 767",Tables,pallet,458.97,37.63,3.721
IMP-000768,"Sample Product 768",Cookware,each,266.58,208.35,2.205
IMP-000769,"Sample Product 769",Storage,box,309.13,119.00,1.489
IMP-000770,"Sample Product 770",Bolts,pallet,428.91,286.17,3.733
IMP-000771,"Sample Product 771",Nuts,each,117.70,138.47,4.825
IMP-000772,"Sample Product 772",Washers,box,138.38,117.66,3.171
IMP-000773,"Sample Product 773",Screws,pallet,450.43,202.35,0.184
IMP-000774,"Sample Product 774",Hose,each,380.47,92.43,3.955
IMP-000775,"Sample Product 775",Fittings,box,311.50,85.26,0.583
IMP-000776,"Sample Product 776",Valves,pallet,262.87,207.32,0.503
IMP-000777,"Sample Product 777",Tables,each,272.31,163.52,0.014
IMP-000778,"Sample Product 778",Cookware,box,407.94,269.99,3.041
IMP-000779,"Sample Product 779",Storage,pallet,343.69,274.45,1.775
IMP-000780,"Sample Product 780",Bolts,each,160.65,38.91,4.130
IMP-000781,"Sample Product 781",Nuts,box,453.99,267.41,4.181
IMP-000782,"Sample Product 782",Washers,pallet,201.61,107.98,2.533
IMP-000783,"Sample Product 783",Screws,each,409.16,217.15,1.582
IMP-000784,"Sample Product 784",Hose,box,96.81,188.59,1.327
IMP-000785,"Sample Product 785",Fittings,pallet,198.21,201.74,4.162
IMP-000786,"Sample Product 786",Valves,each,219.27,283.66,3.177
IMP-000787,"Sample Product 787",Tables,box,335.10,35.51,4.976
IMP-000788,"Sample Product 788",Cookware,pallet,477.12,251.42,1.252
IMP-000789,"Sample Product 789",Storage,each,147.04,286.68,3.680
IMP-000790,"Sample Product 790",Bolts,box,368.38,193.61,2.165
IMP-000791,"Sample Product 791",Nuts,pallet,76.69,257.14,0.168
IMP-000792,"Sample Product 792",Washers,each,385.43,283.14,4.386
IMP-000793,"Sample Product 793",Screws,box,104.50,139.84,1.485
IMP-000794,"Sample Product 794",Hose,pallet,299.85,289.35,0.337
IMP-000795,"Sample Product 795",Fittings,each,150.15,227.69,2.317
IMP-000796,"Sample Product 796",Valves,box,195.30,32.71,4.921
IMP-000797,"Sample Product 797",Tables,pallet,472.24,158.21,2.413
IMP-000798,"Sample Product 798",Cookware,each,24.46,214.03,0.779
IMP-000799,"Sample Product 799",Storage,box,154.88,250.32,2.200
IMP-000723,"Sample Product 800",Bolts,pallet,133.70,161.15,3.220
IMP-000801,"Sample Product 801",Nuts,each,381.24,286.69,1.874
IMP-000802,"Sample Product 802",Washers,box,274.09,44.71,0.043
IMP-000803,"Sample Product 803",Screws,pallet,55.04,137.37,4.909
IMP-000804,"Sample Product 804",Hose,each,240.63,142.21,0.365
IMP-000805,"Sample Product 805",Fittings,box,388.57,205.50,1.987
IMP-000806,"Sample Product 806",Valves,pallet,110.32,143.87,1.610
IMP-000807,"Sample Product 807",Tables,each,190.10,275.26,1.954
IMP-000808,"Sample Product 808",Cookware,box,225.71,265.43,0.279
IMP-000809,"Sample Product 809",Storage,pallet,192.02,210.89,3.195
IMP-000810,"Sample Product 810",Bolts,each,23.86,14.53,1.792
IMP-000811,"Sample Product 811",Nuts,box,297.82,52.93,4.072
IMP-000812,"Sample Product 812",Washers,pallet,458.01,271.08,0.576
IMP-000813,"Sample Product 813",Screws,each,283.83,11.57,4.319
IMP-000814,"Sample Product 814",Hose,box,198.37,203.24,2.638
IMP-000815,"Sample Product 815",Fittings,pallet,326.07,234.96,1.609
IMP-000816,"Sample Product 816",Valves,each,30.58,267.14,4.811
IMP-000817,"Sample Product 817",Tables,box,76.01,152.62,3.381
IMP-000818,"Sample Product 818",Cookware,pallet,156.41,298.92,0.199
IMP-000819,"Sample Product 819",Storage,each,190.94,163.35,3.732
IMP-000820,"Sample Product 820",Bolts,box,476.13,116.20,1.460
IMP-000821,"Sample Product 821",Nuts,pallet,247.59,119.65,1.103
IMP-000822,"Sample Product 822",Washers,each,179.99,166.16,3.369
IMP-000823,"Sample Product 823",Screws,box,252.84,112.47,2.052
IMP-000824,"Sample Product 824",Hose,pallet,292.38,146.90,4.059
IMP-000825,"Sample Product 825",Fittings,each,367.51,155.46,1.387
IMP-000826,"Sample Product 826",Valves,box,425.20,298.38,1.409
IMP-000827,"Sample Product 827",Tables,pallet,239.15,56.10,2.208
IMP-000828,"Sample Product 828",Cookware,each,457.58,221.99,1.101
IMP-000829,"Sample Product 829",Storage,box,372.58,234.75,0.091
IMP-000830,"Sample Product 830",Bolts,pallet,480.36,109.81,0.155
IMP-000831,"Sample Product 831",Nuts,each,244.98,135.82,3.962
IMP-000832,"Sample Product 832",Washers,box,389.51,222.84,3.226
IMP-000833,"Sample Product 833",Screws,pallet,322.47,256.38,0.307
IMP-000834,"Sample Product 834",Hose,each,223.87,45.84,1.101
IMP-000835,"Sample Product 835",Fittings,box,267.68,268.31,1.829
IMP-000836,"Sample Product 836",Valves,pallet,276.09,33.65,4.695
IMP-000837,"Sample Product 837",Tables,each,28.91,61.72,1.843
IMP-000838,"Sample Product 838",Cookware,box,153.64,4.67,2.493
IMP-000839,"Sample Product 839",Storage,pallet,466.31,21.11,4.968
IMP-000763,"Sample Product 840",Bolts,each,101.65,132.47,1.710
IMP-000841,"Sample Product 841",Nuts,box,135.02,41.84,1.104
IMP-000842,"Sample Product 842",Washers,pallet,29.04,51.00,2.800
IMP-000843,"Sample Product 843",Screws,each,380.66,46.83,3.460
IMP-000844,"Sample Product 844",Hose,box,117.02,161.81,0.416
IMP-000845,"Sample Product 845",Fittings,pallet,53.14,116.32,3.949
IMP-000846,"Sample Product 846",Valves,each,128.67,126.33,1.358
IMP-000847,"Sample Product 847",Tables,box,261.77,188.48,0.975
IMP-000848,"Sample Product 848",Cookware,pallet,52.43,25.38,0.013
IMP-000849,"Sample Product 849",Storage,each,78.75,159.45,2.888
IMP-000850,"Sample Product 850",Bolts,box,362.38,178.17,0.627
IMP-000851,"Sample Product 851",Nuts,pallet,380.16,31.37,3.932
IMP-000852,"Sample Product 852",Washers,each,162.83,77.81,1.189
IMP-000853,"Sample Product 853",Screws,box,353.65,293.35,4.254
IMP-000854,"Sample Product 854",Hose,pallet,323.58,73.94,2.658
IMP-000855,"Sample Product 855",Fittings,each,270.32,296.34,4.547
IMP-000856,"Sample Product 856",Valves,box,178.43,90.80,0.210
IMP-000857,"Sample Product 857",Tables,pallet,172.21,174.04,4.499
IMP-000858,"Sample Product 858",Cookware,each,293.60,136.72,1.147
IMP-000859,"Sample Product 859",Storage,box,273.18,251.91,1.315
IMP-000860,"Sample Product 860",Bolts,pallet,165.57,237.28,1.492
IMP-000861,"Sample Product 861",Nuts,each,389.24,67.92,1.024
IMP-000862,"Sample Product 862",Washers,box,77.48,100.82,2.641
IMP-000863,"Sample Product 863",Screws,pallet,190.26,245.38,4.020
IMP-000864,"Sample Product 864",Hose,each,298.40,233.55,3.912
IMP-000865,"Sample Product 865",Fittings,box,347.35,198.76,0.738
IMP-000866,"Sample Product 866",Valves,pallet,177.83,291.97,4.489
IMP-000867,"Sample Product 867",Tables,each,499.81,84.70,0.086
IMP-000868,"Sample Product 868",Cookware,box,276.12,215.61,4.773
IMP-000869,"Sample Product 869",Storage,pallet,437.55,285.80,3.684
IMP-000870,"Sample Product 870",Bolts,each,330.08,49.27,3.234
IMP-000871,"Sample Product 871",Nuts,box,204.02,195.57,4.444
IMP-000872,"Sample Product 872",Washers,pallet,134.96,13.67,1.439
IMP-000873,"Sample Product 873",Screws,each,42.97,146.34,0.172
IMP-000874,"Sample Product 874",Hose,box,241.50,121.27,0.612
IMP-000875,"Sample Product 875",Fittings,pallet,254.57,4.63,2.806
IMP-000876,"Sample Product 876",Valves,each,192.15,181.58,3.627
IMP-000877,"Sample Product 877",Tables,box,339.77,229.05,4.469
IMP-000878,"Sample Product 878",Cookware,pallet,457.39,60.70,0.621
IMP-000879,"Sample Product 879",Storage,each,293.17,299.60,1.028
IMP-000803,"Sample Product 880",Bolts,box,215.04,1.05,1.600
IMP-000881,"Sample Product 881",Nuts,pallet,400.70,95.87,4.501
IMP-000882,"Sample Product 882",Washers,each,299.42,24.23,2.571
IMP-000883,"Sample Product 883",Screws,box,202.08,26.84,4.205
IMP-000884,"Sample Product 884",Hose,pallet,443.72,264.63,4.258
IMP-000885,"Sample Product 885",Fittings,each,372.21,123.59,3.307
IMP-000886,"Sample Product 886",Valves,box,199.57,266.22,0.691
IMP-000887,"Sample Product 887",Tables,pallet,425.03,55.88,1.037
IMP-000888,"Sample Product 888",Cookware,each,444.49,84.82,4.973
IMP-000889,"Sample Product 889",Storage,box,440.88,297.95,2.713
IMP-000890,"Sample Product 890",Bolts,pallet,398.65,196.02,4.488
IMP-000891,"Sample Product 891",Nuts,each,85.40,7.75,1.959
IMP-000892,"Sample Product 892",Washers,box,18.35,188.59,4.280
IMP-000893,"Sample Product 893",Screws,pallet,46.00,282.99,2.953
IMP-000894,"Sample Product 894",Hose,each,196.89,120.44,2.974
IMP-000895,"Sample Product 895",Fittings,box,181.22,144.96,1.149
IMP-000896,"Sample Product 896",Valves,pallet,258.85,39.72,2.312
IMP-000897,"Sample Product 897",Tables,each,396.65,241.62,2.166
IMP-000898,"Sample Product 898",Cookware,box,496.48,101.72,4.937
IMP-000899,"Sample Product 899",Storage,pallet,497.32,141.89,3.378
IMP-000900,"Sample Product 900",Bolts,each,198.82,102.78,4.337
IMP-000901,"Sample Product 901",Nuts,box,306.82,127.95,4.033
IMP-000902,"Sample Product 902",Washers,pallet,166.70,149.71,3.151
IMP-000903,"Sample Product 903",Screws,each,18.68,118.19,2.820
IMP-000904,"Sample Product 904",Hose,box,375.58,65.70,0.090
IMP-000905,"Sample Product 905",Fittings,pallet,456.90,110.21,3.971
IMP-000906,"Sample Product 906",Valves,each,461.65,260.80,0.994
IMP-000907,"Sample Product 907",Tables,box,88.60,198.89,1.960
IMP-000908,"Sample Product 908",Cookware,pallet,220.42,217.62,2.808
IMP-000909,"Sample Product 909",Storage,each,414.72,73.43,2.349
IMP-000910,"Sample Product 910",Bolts,box,79.61,176.96,2.163
IMP-000911,"Sample Product 911",Nuts,pallet,94.99,136.30,3.727
IMP-000912,"Sample Product 912",Washers,each,50.88,274.58,2.665
IMP-000913,"Sample Product 913",Screws,box,77.50,107.96,4.095
IMP-000914,"Sample Product 914",Hose,pallet,367.92,244.54,0.870
IMP-000915,"Sample Product 915",Fittings,each,333.13,284.97,3.111
IMP-000916,"Sample Product 916",Valves,box,30.70,52.32,4.052
IMP-000917,"Sample Product 917",Tables,pallet,216.34,282.79,4.059
IMP-000918,"Sample Product 918",Cookware,each,161.75,60.16,1.098
IMP-000919,"Sample Product 919",Storage,box,343.44,85.46,3.653
IMP-000843,"Sample Product 920",Bolts,pallet,284.35,152.57,1.616
IMP-000921,"Sample Product 921",Nuts,each,408.77,81.20,0.732
IMP-000922,"Sample Product 922",Washers,box,348.60,146.08,0.866
IMP-000923,"Sample Product 923",Screws,pallet,203.13,10.93,3.463
IMP-000924,"Sample Product 924",Hose,each,173.19,223.26,4.726
IMP-000925,"Sample Product 925",Fittings,box,300.35,159.55,0.613
IMP-000926,"Sample Product 926",Valves,pallet,182.94,147.42,0.541
IMP-000927,"Sample Product 927",Tables,each,183.96,56.52,4.266
IMP-000928,"Sample Product 928",Cookware,box,160.22,165.98,0.204
IMP-000929,"Sample Product 929",Storage,pallet,437.04,177.74,4.444
IMP-000930,"Sample Product 930",Bolts,each,391.77,132.11,0.660
IMP-000931,"Sample Product 931",Nuts,box,250.70,203.60,2.288
IMP-000932,"Sample Product 932",Washers,pallet,3.14,266.38,2.634
IMP-000933,"Sample Product 933",Screws,each,432.30,2.32,2.128
IMP-000934,"Sample Product 934",Hose,box,63.63,12.20,3.365
IMP-000935,"Sample Product 935",Fittings,pallet,300.39,127.74,0.220
IMP-000936,"Sample Product 936",Valves,each,143.69,149.55,4.733
IMP-000937,"Sample Product 937",Tables,box,113.54,98.31,0.886
IMP-000938,"Sample Product 938",Cookware,pallet,467.05,85.74,4.788
IMP-000939,"Sample Product 939",Storage,each,197.61,234.30,3.902
IMP-000940,"Sample Product 940",Bolts,box,461.37,256.70,3.693
IMP-000941,"Sample Product 941",Nuts,pallet,411.47,199.28,1.299
IMP-000942,"Sample Product 942",Washers,each,464.56,187.19,2.574
IMP-000943,"Sample Product 943",Screws,box,363.46,240.28,0.385
IMP-000944,"Sample Product 944",Hose,pallet,29.81,184.13,4.652
IMP-000945,"Sample Product 945",Fittings,each,362.19,295.11,0.621
IMP-000946,"Sample Product 946",Valves,box,420.38,216.12,1.614
IMP-000947,"Sample Product 947",Tables,pallet,381.15,150.52,2.917
IMP-000948,"Sample Product 948",Cookware,each,415.88,80.15,1.200
IMP-000949,"Sample Product 949",Storage,box,279.89,210.80,0.185
IMP-000950,"Sample Product 950",Bolts,pallet,52.26,76.30,3.494
IMP-000951,"Sample Product 951",Nuts,each,174.46,166.27,2.115
IMP-000952,"Sample Product 952",Washers,box,30.86,268.15,0.196
IMP-000953,"Sample Product 953",Screws,pallet,385.90,112.20,1.456
IMP-000954,"Sample Product 954",Hose,each,400.57,30.82,3.859
IMP-000955,"Sample Product 955",Fittings,box,170.22,80.24,1.929
IMP-000956,"Sample Product 956",Valves,pallet,364.28,244.02,0.643
IMP-000957,"Sample Product 957",Tables,each,40.01,247.15,3.954
IMP-000958,"Sample Product 958",Cookware,box,163.26,91.13,0.730
IMP-000959,"Sample Product 959",Storage,pallet,10.47,275.32,2.575
IMP-000883,"Sample Product 960",Bolts,each,242.21,169.46,3.525
IMP-000961,"Sample Product 961",Nuts,box,158.47,192.66,1.077
IMP-000962,"Sample Product 962",Washers,pallet,420.44,218.12,0.992
IMP-000963,"Sample Product 963",Screws,each,301.84,239.56,4.525
IMP-000964,"Sample Product 964",Hose,box,26.90,234.99,2.971
IMP-000965,"Sample Product 965",Fittings,pallet,61.43,21.43,3.277
IMP-000966,"Sample Product 966",Valves,each,154.19,115.09,4.215
IMP-000967,"Sample Product 967",Tables,box,1.09,266.82,0.749
IMP-000968,"Sample Product 968",Cookware,pallet,187.17,127.19,0.738
IMP-000969,"Sample Product 969",Storage,each,272.65,33.40,3.226
IMP-000970,"Sample Product 970",Bolts,box,5.55,36.45,3.490
IMP-000971,"Sample Product 971",Nuts,pallet,7.99,63.84,3.287
IMP-000972,"Sample Product 972",Washers,each,172.12,9.33,0.612
IMP-000973,"Sample Product 973",Screws,box,61.97,189.86,0.781
IMP-000974,"Sample Product 974",Hose,pallet,48.05,186.45,4.970
IMP-000975,"Sample Product 975",Fittings,each,253.90,276.23,1.870
IMP-000976,"Sample Product 976",Valves,box,284.42,214.85,0.075
IMP-000977,"Sample Product 977",Tables,pallet,334.51,229.29,0.121
IMP-000978,"Sample Product 978",Cookware,each,382.07,275.48,4.247
IMP-000979,"Sample Product 979",Storage,box,419.93,166.05,0.683
IMP-000980,"Sample Product 980",Bolts,pallet,181.30,157.34,4.779
IMP-000981,"Sample Product 981",Nuts,each,14.76,53.09,0.623
IMP-000982,"Sample Product 982",Washers,box,456.15,24.37,3.133
IMP-000983,"Sample Product 983",Screws,pallet,192.26,50.30,2.396
IMP-000984,"Sample Product 984",Hose,each,107.45,124.78,3.465
IMP-000985,"Sample Product 985",Fittings,box,264.44,258.97,2.263
IMP-000986,"Sample Product 986",Valves,pallet,308.73,200.43,2.584
IMP-000987,"Sample Product 987",Tables,each,345.62,55.01,1.581
IMP-000988,"Sample Product 988",Cookware,box,13.18,169.20,4.798
IMP-000989,"Sample Product 989",Storage,pallet,302.74,185.30,3.405
IMP-000990,"Sample Product 990",Bolts,each,347.71,115.29,2.857
IMP-000991,"Sample Product 991",Nuts,box,470.59,28.67,4.479
IMP-000992,"Sample Product 992",Washers,pallet,314.27,153.60,3.819
IMP-000993,"Sample Product 993",Screws,each,138.20,64.86,1.194
IMP-000994,"Sample Product 994",Hose,box,118.65,123.30,2.632
IMP-000995,"Sample Product 995",Fittings,pallet,230.67,282.45,1.434
IMP-000996,"Sample Product 996",Valves,each,333.56,251.27,2.921
IMP-000997,"Sample Product 997",Tables,box,381.24,57.30,3.125
IMP-000998,"Sample Product 998",Cookware,pallet,24.24,85.45,4.272
IMP-000999,"Sample Product 999",Storage,each,394.05,30.45,3.853
IMP-000923,"Sample Product 1000",Bolts,box,198.55,177.08,0.777
IMP-001001,"Sample Product 1001",Nuts,pallet,159.98,247.82,1.259
IMP-001002,"Sample Product 1002",Washers,each,45.22,133.39,2.027
IMP-001003,"Sample Product 1003",Screws,box,16.20,108.03,1.778
IMP-001004,"Sample Product 1004",Hose,pallet,232.45,25.36,4.889
IMP-001005,"Sample Product 1005",Fittings,each,428.20,57.64,0.110
IMP-001006,"Sample Product 1006",Valves,box,155.97,114.68,0.809
IMP-001007,"Sample Product 1007",Tables,pallet,160.61,104.95,3.502
IMP-001008,"Sample Product 1008",Cookware,each,471.32,238.87,2.593
IMP-001009,"Sample Product 1009",Storage,box,304.33,159.17,4.901
IMP-001010,"Sample Product 1010",Bolts,pallet,152.97,200.24,1.319
IMP-001011,"Sample Product 1011",Nuts,each,264.56,37.75,0.793
IMP-001012,"Sample Product 1012",Washers,box,415.61,113.12,3.694
IMP-001013,"Sample Product 1013",Screws,pallet,311.71,242.46,2.565
IMP-001014,"Sample Product 1014",Hose,each,425.26,134.29,4.837
IMP-001015,"Sample Product 1015",Fittings,box,414.13,25.93,4.947
IMP-001016,"Sample Product 1016",Valves,pallet,485.25,7.77,1.036
IMP-001017,"Sample Product 1017",Tables,each,121.55,47.77,2.397
IMP-001018,"Sample Product 1018",Cookware,box,9.41,27.97,2.428
IMP-001019,"Sample Product 1019",Storage,pallet,69.45,268.41,0.757
IMP-001020,"Sample Product 1020",Bolts,each,108.22,182.15,0.755
IMP-001021,"Sample Product 1021",Nuts,box,385.28,46.63,4.448
IMP-001022,"Sample Product 1022",Washers,pallet,61.28,105.64,1.795
IMP-001023,"Sample Product 1023",Screws,each,64.70,179.71,3.714
IMP-001024,"Sample Product 1024",Hose,box,250.10,266.27,2.730
IMP-001025,"Sample Product 1025",Fittings,pallet,50.11,257.17,4.907
IMP-001026,"Sample Product 1026",Valves,each,380.34,41.07,1.292
IMP-001027,"Sample Product 1027",Tables,box,275.40,13.12,4.751
IMP-001028,"Sample Product 1028",Cookware,pallet,469.63,140.79,1.035
IMP-001029,"Sample Product 1029",Storage,each,391.61,184.07,1.388
IMP-001030,"Sample Product 1030",Bolts,box,466.03,249.35,4.838
IMP-001031,"Sample Product 1031",Nuts,pallet,176.73,168.60,2.724
IMP-001032,"Sample Product 1032",Washers,each,391.80,52.55,0.239
IMP-001033,"Sample Product 1033",Screws,box,258.19,223.80,3.830
IMP-001034,"Sample Product 1034",Hose,pallet,189.76,45.84,3.557
IMP-001035,"Sample Product 1035",Fittings,each,128.79,159.10,1.464
IMP-001036,"Sample Product 1036",Valves,box,493.63,118.30,4.177
IMP-001037,"Sample Product 1037",Tables,pallet,427.04,9.37,4.196
IMP-001038,"Sample Product 1038",Cookware,each,108.08,124.95,2.487
IMP-001039,"Sample Product 1039",Storage,box,153.89,32.66,3.412
IMP-000963,"Sample Product 1040",Bolts,pallet,85.09,192.61,0.746
IMP-001041,"Sample Product 1041",Nuts,each,162.05,99.65,0.349
IMP-001042,"Sample Product 1042",Washers,box,200.44,51.88,2.052
IMP-001043,"Sample Product 1043",Screws,pallet,325.76,104.93,3.707
IMP-001044,"Sample Product 1044",Hose,each,177.87,149.99,1.693
IMP-001045,"Sample Product 1045",Fittings,box,293.78,33.65,1.680
IMP-001046,"Sample Product 1046",Valves,pallet,52.60,14.93,3.017
IMP-001047,"Sample Product 1047",Tables,each,490.76,89.67,4.987
IMP-001048,"Sample Product 1048",Cookware,box,277.16,163.60,0.878
IMP-001049,"Sample Product 1049",Storage,pallet,73.88,194.81,4.568
IMP-001050,"Sample Product 1050",Bolts,each,21.34,247.80,4.107
IMP-001051,"Sample Product 1051",Nuts,box,181.67,255.14,1.839
IMP-001052,"Sample Product 1052",Washers,pallet,286.79,273.14,0.725
IMP-001053,"Sample Product 1053",Screws,each,48.67,251.70,0.844
IMP-001054,"Sample Product 1054",Hose,box,410.69,167.56,0.265
IMP-001055,"Sample Product 1055",Fittings,pallet,286.99,156.73,4.403
IMP-001056,"Sample Product 1056",Valves,each,462.00,24.10,0.335
IMP-001057,"Sample Product 1057",Tables,box,348.34,36.21,2.986
IMP-001058,"Sample Product 1058",Cookware,pallet,112.19,196.31,0.888
IMP-001059,"Sample Product 1059",Storage,each,4.60,162.75,3.938
IMP-001060,"Sample Product 1060",Bolts,box,14.45,297.68,0.973
IMP-001061,"Sample Product 1061",Nuts,pallet,260.41,240.44,3.457
IMP-001062,"Sample Product 1062",Washers,each,405.71,38.87,2.860
IMP-001063,"Sample Product 1063",Screws,box,21.16,205.84,2.036
IMP-001064,"Sample Product 1064",Hose,pallet,469.21,43.43,0.870
IMP-001065,"Sample Product 1065",Fittings,each,162.79,256.95,1.331
IMP-001066,"Sample Product 1066",Valves,box,390.60,236.61,1.772
IMP-001067,"Sample Product 1067",Tables,pallet,271.05,6.76,4.755
IMP-001068,"Sample Product 1068",Cookware,each,490.94,298.17,2.706
IMP-001069,"Sample Product 1069",Storage,box,57.47,232.83,4.840
IMP-001070,"Sample Product 1070",Bolts,pallet,169.66,12.86,4.667
IMP-001071,"Sample Product 1071",Nuts,each,39.43,136.63,0.602
IMP-001072,"Sample Product 1072",Washers,box,488.19,178.60,0.259
IMP-001073,"Sample Product 1073",Screws,pallet,441.12,48.34,1.975
IMP-001074,"Sample Product 1074",Hose,each,253.42,76.06,3.982
IMP-001075,"Sample Product 1075",Fittings,box,50.10,259.86,4.620
IMP-001076,"Sample Product 1076",Valves,pallet,110.79,249.38,4.315
IMP-001077,"Sample Product 1077",Tables,each,250.07,73.50,2.131
IMP-001078,"Sample Product 1078",Cookware,box,83.64,167.34,3.879
IMP-001079,"Sample Product 1079",Storage,pallet,226.86,161.85,1.374
IMP-001003,"Sample Product 1080",Bolts,each,104.12,197.22,4.916
IMP-001081,"Sample Product 1081",Nuts,box,405.86,68.47,0.794
IMP-001082,"Sample Product 1082",Washers,pallet,252.55,164.51,0.033
IMP-001083,"Sample Product 1083",Screws,each,462.83,203.22,1.377
IMP-001084,"Sample Product 1084",Hose,box,173.74,245.41,4.815
IMP-001085,"Sample Product 1085",Fittings,pallet,394.62,218.61,4.573
IMP-001086,"Sample Product 1086",Valves,each,316.91,264.88,3.008
IMP-001087,"Sample Product 1087",Tables,box,332.47,41.67,3.736
IMP-001088,"Sample Product 1088",Cookware,pallet,85.79,291.90,2.749
IMP-001089,"Sample Product 1089",Storage,each,356.82,149.76,4.761
IMP-001090,"Sample Product 1090",Bolts,box,319.99,147.27,2.497
IMP-001091,"Sample Product 1091",Nuts,pallet,285.19,202.26,0.235
IMP-001092,"Sample Product 1092",Washers,each,242.72,29.59,4.416
IMP-001093,"Sample Product 1093",Screws,box,194.51,215.61,2.148
IMP-001094,"Sample Product 1094",Hose,pallet,50.88,283.94,3.606
IMP-001095,"Sample Product 1095",Fittings,each,198.07,220.15,1.158
IMP-001096,"Sample Product 1096",Valves,box,466.75,74.69,3.518
IMP-001097,"Sample Product 1097",Tables,pallet,431.92,173.85,4.820
IMP-001098,"Sample Product 1098",Cookware,each,75.89,88.26,0.266
IMP-001099,"Sample Product 1099",Storage,box,345.41,181.03,4.037
IMP-001100,"Sample Product 1100",Bolts,pallet,95.97,175.12,1.157
IMP-001101,"Sample Product 1101",Nuts,each,339.73,213.18,1.988
IMP-001102,"Sample Product 1102",Washers,box,348.99,261.57,1.517
IMP-001103,"Sample Product 1103",Screws,pallet,116.82,42.37,2.056
IMP-001104,"Sample Product 1104",Hose,each,157.61,69.15,4.618
IMP-001105,"Sample Product 1105",Fittings,box,87.20,43.13,3.444
IMP-001106,"Sample Product 1106",Valves,pallet,133.52,110.50,1.670
IMP-001107,"Sample Product 1107",Tables,each,331.35,97.05,2.280
IMP-001108,"Sample Product 1108",Cookware,box,291.05,74.52,2.791
IMP-001109,"Sample Product 1109",Storage,pallet,62.11,186.22,0.379
IMP-001110,"Sample Product 1110",Bolts,each,286.93,280.98,2.797
IMP-001111,"Sample Product 1111",Nuts,box,63.76,214.76,3.526
IMP-001112,"Sample Product 1112",Washers,pallet,112.03,268.55,3.340
IMP-001113,"Sample Product 1113",Screws,each,490.68,287.70,1.853
IMP-001114,"Sample Product 1114",Hose,box,187.30,298.84,4.748
IMP-001115,"Sample Product 1115",Fittings,pallet,422.63,133.54,4.139
IMP-001116,"Sample Product 1116",Valves,each,321.10,14.04,1.723
IMP-001117,"Sample Product 1117",Tables,box,347.41,159.65,3.819
IMP-001118,"Sample Product 1118",Cookware,pallet,412.04,61.80,1.921
IMP-001119,"Sample Product 1119",Storage,each,303.81,237.75,0.885
IMP-001043,"Sample Product 1120",Bolts,box,455.57,283.24,0.453
IMP-001121,"Sample Product 1121",Nuts,pallet,2.63,249.50,3.243
IMP-001122,"Sample Product 1122",Washers,each,424.84,45.12,0.381
IMP-001123,"Sample Product 1123",Screws,box,398.89,206.45,4.752
IMP-001124,"Sample Product 1124",Hose,pallet,229.32,31.61,2.298
IMP-001125,"Sample Product 1125",Fittings,each,192.68,112.17,0.163
IMP-001126,"Sample Product 1126",Valves,box,407.98,280.21,2.375
IMP-001127,"Sample Product 1127",Tables,pallet,413.66,125.10,3.364
IMP-001128,"Sample Product 1128",Cookware,each,176.21,71.64,4.594
IMP-001129,"Sample Product 1129",Storage,box,313.52,184.45,2.894
IMP-001130,"Sample Product 1130",Bolts,pallet,370.12,228.50,1.822
IMP-001131,"Sample Product 1131",Nuts,each,360.73,68.85,0.827
IMP-001132,"Sample Product 1132",Washers,box,309.47,143.86,0.408
IMP-001133,"Sample Product 1133",Screws,pallet,162.99,56.18,2.391
IMP-001134,"Sample Product 1134",Hose,each,377.58,134.58,1.748
IMP-001135,"Sample Product 1135",Fittings,box,418.56,265.02,3.353
IMP-001136,"Sample Product 1136",Valves,pallet,422.98,266.66,0.074
IMP-001137,"Sample Product 1137",Tables,each,215.18,271.48,1.646
IMP-001138,"Sample Product 1138",Cookware,box,225.76,125.82,3.101
IMP-001139,"Sample Product 1139",Storage,pallet,465.98,64.80,1.853
IMP-001140,"Sample Product 1140",Bolts,each,278.39,149.11,3.950
IMP-001141,"Sample Product 1141",Nuts,box,61.88,112.45,3.839
IMP-001142,"Sample Product 1142",Washers,pallet,153.92,28.34,1.188
IMP-001143,"Sample Product 1143",Screws,each,168.61,181.89,4.367
IMP-001144,"Sample Product 1144",Hose,box,174.91,265.32,4.668
IMP-001145,"Sample Product 1145",Fittings,pallet,87.45,7.22,3.616
IMP-001146,"Sample Product 1146",Valves,each,479.78,192.29,3.709
IMP-001147,"Sample Product 1147",Tables,box,61.79,81.67,3.875
IMP-001148,"Sample Product 1148",Cookware,pallet,425.23,212.14,0.856
IMP-001149,"Sample Product 1149",Storage,each,377.31,150.10,4.706
IMP-001150,"Sample Product 1150",Bolts,box,198.65,89.82,4.954
IMP-001151,"Sample Product 1151",Nuts,pallet,474.60,238.67,4.204
IMP-001152,"Sample Product 1152",Washers,each,479.35,81.69,2.296
IMP-001153,"Sample Product 1153",Screws,box,237.37,107.30,2.423
IMP-001154,"Sample Product 1154",Hose,pallet,287.58,74.75,4.958
IMP-001155,"Sample Product 1155",Fittings,each,443.93,157.50,3.354
IMP-001156,"Sample Product 1156",Valves,box,491.94,75.01,4.109
IMP-001157,"Sample Product 1157",Tables,pallet,60.01,177.89,0.500
IMP-001158,"Sample Product 1158",Cookware,each,63.72,280.28,2.980
IMP-001159,"Sample Product 1159",Storage,box,356.56,62.11,1.800
IMP-001083,"Sample Product 1160",Bolts,pallet,29.71,0.38,1.341
IMP-001161,"Sample Product 1161",Nuts,each,393.98,240.49,3.884
IMP-001162,"Sample Product 1162",Washers,box,203.83,218.77,4.882
IMP-001163,"Sample Product 1163",Screws,pallet,256.45,20.94,1.347
IMP-001164,"Sample Product 1164",Hose,each,492.57,75.04,1.858
IMP-001165,"Sample Product 1165",Fittings,box,120.44,213.19,4.013
IMP-001166,"Sample Product 1166",Valves,pallet,308.53,45.53,0.546
IMP-001167,"Sample Product 1167",Tables,each,353.18,259.82,0.299
IMP-001168,"Sample Product 1168",Cookware,box,348.68,274.01,1.952
IMP-001169,"Sample Product 1169",Storage,pallet,169.74,11.92,2.035
IMP-001170,"Sample Product 1170",Bolts,each,140.80,12.40,3.293
IMP-001171,"Sample Product 1171",Nuts,box,488.82,228.74,0.577
IMP-001172,"Sample Product 1172",Washers,pallet,203.48,173.14,4.893
IMP-001173,"Sample Product 1173",Screws,each,70.71,227.12,1.826
IMP-001174,"Sample Product 1174",Hose,box,381.45,53.84,3.772
IMP-001175,"Sample Product 1175",Fittings,pallet,219.00,280.58,3.729
IMP-001176,"Sample Product 1176",Valves,each,458.25,37.43,3.097
IMP-001177,"Sample Product 1177",Tables,box,176.90,63.22,4.599
IMP-001178,"Sample Product 1178",Cookware,pallet,378.93,119.00,1.147
IMP-001179,"Sample Product 1179",Storage,each,119.48,201.53,4.111
IMP-001180,"Sample Product 1180",Bolts,box,480.97,198.64,1.643
IMP-001181,"Sample Product 1181",Nuts,pallet,104.99,202.20,2.742
IMP-001182,"Sample Product 1182",Washers,each,188.28,211.44,4.317
IMP-001183,"Sample Product 1183",Screws,box,429.51,245.20,3.070
IMP-001184,"Sample Product 1184",Hose,pallet,134.36,153.29,2.731
IMP-001185,"Sample Product 1185",Fittings,each,214.25,56.16,0.698
IMP-001186,"Sample Product 1186",Valves,box,369.44,157.00,4.409
IMP-001187,"Sample Product 1187",Tables,pallet,9.39,86.44,0.085
IMP-001188,"Sample Product 1188",Cookware,each,23.93,33.85,1.534
IMP-001189,"Sample Product 1189",Storage,box,72.84,57.44,1.738
IMP-001190,"Sample Product 1190",Bolts,pallet,183.08,79.06,1.186
IMP-001191,"Sample Product 1191",Nuts,each,59.10,172.07,1.212
IMP-001192,"Sample Product 1192",Washers,box,241.55,163.06,4.983
IMP-001193,"Sample Product 1193",Screws,pallet,318.39,94.85,3.163
IMP-001194,"Sample Product 1194",Hose,each,105.98,190.07,2.538
IMP-001195,"Sample Product 1195",Fittings,box,74.80,253.59,0.459
IMP-001196,"Sample Product 1196",Valves,pallet,376.27,2.66,3.928
IMP-001197,"Sample Product 1197",Tables,each,364.72,285.98,3.439
IMP-001198,"Sample Product 1198",Cookware,box,320.18,281.28,2.256
IMP-001199,"Sample Product 1199",Storage,pallet,456.05,245.13,3.204
IMP-001123,"Sample Product 1200",Bolts,each,375.24,296.43,1.293
IMP-001201,"Sample Product 1201",Nuts,box,280.77,295.47,2.585
IMP-001202,"Sample Product 1202",Washers,pallet,113.01,127.23,0.749
IMP-001203,"Sample Product 1203",Screws,each,484.97,2.06,3.794
IMP-001204,"Sample Product 1204",Hose,box,388.90,65.11,0.856
IMP-001205,"Sample Product 1205",Fittings,pallet,290.22,16.45,3.290
IMP-001206,"Sample Product 1206",Valves,each,481.18,73.64,0.082
IMP-001207,"Sample Product 1207",Tables,box,369.91,175.31,0.546
IMP-001208,"Sample Product 1208",Cookware,pallet,297.40,171.02,4.527
IMP-001209,"Sample Product 1209",Storage,each,498.64,157.85,0.466
IMP-001210,"Sample Product 1210",Bolts,box,381.74,73.31,3.649
IMP-001211,"Sample Product 1211",Nuts,pallet,443.39,127.83,4.156
IMP-001212,"Sample Product 1212",Washers,each,349.50,80.29,1.487
IMP-001213,"Sample Product 1213",Screws,box,352.67,57.26,0.043
IMP-001214,"Sample Product 1214",Hose,pallet,321.14,177.33,4.443
IMP-001215,"Sample Product 1215",Fittings,each,271.49,3.99,4.344
IMP-001216,"Sample Product 1216",Valves,box,314.39,133.21,2.173
IMP-001217,"Sample Product 1217",Tables,pallet,421.98,280.82,2.284
IMP-001218,"Sample Product 1218",Cookware,each,315.46,197.91,3.594
IMP-001219,"Sample Product 1219",Storage,box,144.40,161.84,1.110
IMP-001220,"Sample Product 1220",Bolts,pallet,406.48,229.22,4.181
IMP-001221,"Sample Product 1221",Nuts,each,138.27,279.58,3.314
IMP-001222,"Sample Product 1222",Washers,box,479.23,194.93,1.934
IMP-001223,"Sample Product 1223",Screws,pallet,390.48,215.29,3.920
IMP-001224,"Sample Product 1224",Hose,each,227.19,259.39,1.598
IMP-001225,"Sample Product 1225",Fittings,box,338.54,202.83,4.376
IMP-001226,"Sample Product 1226",Valves,pallet,259.92,59.64,1.840
IMP-001227,"Sample Product 1227",Tables,each,246.22,124.33,4.145
IMP-001228,"Sample Product 1228",Cookware,box,253.85,189.13,0.906
IMP-001229,"Sample Product 1229",Storage,pallet,324.32,258.66,4.950
IMP-001230,"Sample Product 1230",Bolts,each,70.31,147.14,2.534
IMP-001231,"Sample Product 1231",Nuts,box,1.24,146.75,4.610
IMP-001232,"Sample Product 1232",Washers,pallet,317.87,171.20,1.069
IMP-001233,"Sample Product 1233",Screws,each,317.45,243.91,4.665
IMP-001234,"Sample Product 1234",Hose,box,303.57,39.79,2.817
IMP-001235,"Sample Product 1235",Fittings,pallet,167.00,154.48,3.954
IMP-001236,"Sample Product 1236",Valves,each,398.35,5.37,2.853
IMP-001237,"Sample Product 1237",Tables,box,21.17,91.97,4.866
IMP-001238,"Sample Product 1238",Cookware,pallet,477.32,262.80,1.600
IMP-001239,"Sample Product 1239",Storage,each,234.68,229.36,2.555
IMP-001163,"Sample Product 1240",Bolts,box,278.00,43.85,4.868
IMP-001241,"Sample Product 1241",Nuts,pallet,200.97,118.81,3.030
IMP-001242,"Sample Product 1242",Washers,each,161.77,97.64,4.627
IMP-001243,"Sample Product 1243",Screws,box,69.21,275.98,1.691
IMP-001244,"Sample Product 1244",Hose,pallet,396.79,56.58,1.048
IMP-001245,"Sample Product 1245",Fittings,each,25.92,7.70,3.452
IMP-001246,"Sample Product 1246",Valves,box,215.39,273.83,3.997
IMP-001247,"Sample Product 1247",Tables,pallet,360.44,59.65,3.872
IMP-001248,"Sample Product 1248",Cookware,each,331.48,269.30,2.365
IMP-001249,"Sample Product 1249",Storage,box,297.84,198.68,4.777
IMP-001250,"Sample Product 1250",Bolts,pallet,263.33,226.67,4.211
IMP-001251,"Sample Product 1251",Nuts,each,253.48,27.18,3.034
IMP-001252,"Sample Product 1252",Washers,box,293.70,28.81,1.571
IMP-001253,"Sample Product 1253",Screws,pallet,274.33,207.54,4.041
IMP-001254,"Sample Product 1254",Hose,each,49.63,159.77,4.070
IMP-001255,"Sample Product 1255",Fittings,box,137.26,97.88,2.022
IMP-001256,"Sample Product 1256",Valves,pallet,1.38,144.95,0.275
IMP-001257,"Sample Product 1257",Tables,each,6.20,178.00,1.037
IMP-001258,"Sample Product 1258",Cookware,box,61.03,282.19,0.709
IMP-001259,"Sample Product 1259",Storage,pallet,471.41,71.40,1.863
IMP-001260,"Sample Product 1260",Bolts,each,389.43,12.07,1.643
IMP-001261,"Sample Product 1261",Nuts,box,412.26,167.72,2.373
IMP-001262,"Sample Product 1262",Washers,pallet,388.08,281.07,2.719
IMP-001263,"Sample Product 1263",Screws,each,296.23,171.00,2.571
IMP-001264,"Sample Product 1264",Hose,box,366.22,218.55,3.204
IMP-001265,"Sample Product 1265",Fittings,pallet,6.48,251.31,0.580
IMP-001266,"Sample Product 1266",Valves,each,296.19,31.53,3.330
IMP-001267,"Sample Product 1267",Tables,box,287.83,178.32,4.920
IMP-001268,"Sample Product 1268",Cookware,pallet,361.24,186.27,0.839
IMP-001269,"Sample Product 1269",Storage,each,478.07,113.60,4.354
IMP-001270,"Sample Product 1270",Bolts,box,479.41,85.01,1.554
IMP-001271,"Sample Product 1271",Nuts,pallet,450.20,177.94,1.075
IMP-001272,"Sample Product 1272",Washers,each,29.85,159.80,0.367
IMP-001273,"Sample Product 1273",Screws,box,59.36,167.63,0.626
IMP-001274,"Sample Product 1274",Hose,pallet,126.98,50.06,2.929
IMP-001275,"Sample Product 1275",Fittings,each,210.21,154.70,1.399
IMP-001276,"Sample Product 1276",Valves,box,294.38,125.21,1.215
IMP-001277,"Sample Product 1277",Tables,pallet,400.31,118.95,4.141
IMP-001278,"Sample Product 1278",Cookware,each,433.85,122.74,3.659
IMP-001279,"Sample Product 1279",Storage,box,95.34,154.69,3.345
IMP-001203,"Sample Product 1280",Bolts,pallet,288.12,145.04,3.242
IMP-001281,"Sample Product 1281",Nuts,each,261.57,68.12,1.591
IMP-001282,"Sample Product 1282",Washers,box,148.63,171.03,2.170
IMP-001283,"Sample Product 1283",Screws,pallet,71.18,140.28,4.276
IMP-001284,"Sample Product 1284",Hose,each,254.68,86.87,3.256
IMP-001285,"Sample Product 1285",Fittings,box,478.37,239.85,4.889
IMP-001286,"Sample Product 1286",Valves,pallet,468.65,264.31,1.471
IMP-001287,"Sample Product 1287",Tables,each,22.23,31.25,0.148
IMP-001288,"Sample Product 1288",Cookware,box,39.36,284.91,4.682
IMP-001289,"Sample Product 1289",Storage,pallet,117.50,153.25,4.886
IMP-001290,"Sample Product 1290",Bolts,each,392.63,42.06,0.979
IMP-001291,"Sample Product 1291",Nuts,box,33.15,134.64,4.677
IMP-001292,"Sample Product 1292",Washers,pallet,147.39,166.24,0.813
IMP-001293,"Sample Product 1293",Screws,each,123.26,245.94,2.865
IMP-001294,"Sample Product 1294",Hose,box,84.52,251.82,3.700
IMP-001295,"Sample Product 1295",Fittings,pallet,273.39,297.92,1.105
IMP-001296,"Sample Product 1296",Valves,each,208.78,198.97,2.140
IMP-001297,"Sample Product 1297",Tables,box,478.61,289.93,2.373
IMP-001298,"Sample Product 1298",Cookware,pallet,10.61,177.66,0.724
IMP-001299,"Sample Product 1299",Storage,each,410.38,239.04,1.015
IMP-001300,"Sample Product 1300",Bolts,box,241.65,237.25,1.542
IMP-001301,"Sample Product 1301",Nuts,pallet,366.83,66.58,0.322
IMP-001302,"Sample Product 1302",Washers,each,461.28,133.85,3.886
IMP-001303,"Sample Product 1303",Screws,box,56.13,71.04,4.622
IMP-001304,"Sample Product 1304",Hose,pallet,76.30,52.20,4.312
IMP-001305,"Sample Product 1305",Fittings,each,312.80,195.09,3.438
IMP-001306,"Sample Product 1306",Valves,box,410.12,91.20,4.323
IMP-001307,"Sample Product 1307",Tables,pallet,132.37,98.20,1.200
IMP-001308,"Sample Product 1308",Cookware,each,111.06,144.97,3.686
IMP-001309,"Sample Product 1309",Storage,box,461.65,254.01,2.226
IMP-001310,"Sample Product 1310",Bolts,pallet,77.51,299.05,0.247
IMP-001311,"Sample Product 1311",Nuts,each,157.99,9.14,1.942
IMP-001312,"Sample Product 1312",Washers,box,58.61,211.84,2.129
IMP-001313,"Sample Product 1313",Screws,pallet,397.32,158.24,0.149
IMP-001314,"Sample Product 1314",Hose,each,134.85,291.88,4.489
IMP-001315,"Sample Product 1315",Fittings,box,62.72,147.36,1.647
IMP-001316,"Sample Product 1316",Valves,pallet,302.61,155.01,0.701
IMP-001317,"Sample Product 1317",Tables,each,136.61,2.43,0.885
IMP-001318,"Sample Product 1318",Cookware,box,194.75,89.84,1.017
IMP-001319,"Sample Product 1319",Storage,pallet,416.10,21.64,1.816
IMP-001243,"Sample Product 1320",Bolts,each,376.30,172.59,1.020
IMP-001321,"Sample Product 1321",Nuts,box,348.49,287.65,3.489
IMP-001322,"Sample Product 1322",Washers,pallet,414.30,189.51,2.684
IMP-001323,"Sample Product 1323",Screws,each,351.07,38.30,1.439
IMP-001324,"Sample Product 1324",Hose,box,102.50,248.18,1.065
IMP-001325,"Sample Product 1325",Fittings,pallet,81.70,13.92,3.937
IMP-001326,"Sample Product 1326",Valves,each,440.01,21.42,4.387
IMP-001327,"Sample Product 1327",Tables,box,486.58,50.47,1.296
IMP-001328,"Sample Product 1328",Cookware,pallet,172.78,53.19,0.959
IMP-001329,"Sample Product 1329",Storage,each,348.32,208.27,1.732
IMP-001330,"Sample Product 1330",Bolts,box,104.26,204.80,2.480
IMP-001331,"Sample Product 1331",Nuts,pallet,240.20,238.33,2.929
IMP-001332,"Sample Product 1332",Washers,each,472.40,42.12,2.955
IMP-001333,"Sample Product 1333",Screws,box,222.13,19.50,2.310
IMP-001334,"Sample Product 1334",Hose,pallet,268.33,29.38,4.525
IMP-001335,"Sample Product 1335",Fittings,each,184.63,140.29,4.976
IMP-001336,"Sample Product 1336",Valves,box,297.02,44.19,3.809
IMP-001337,"Sample Product 1337",Tables,pallet,109.86,276.42,1.037
IMP-001338,"Sample Product 1338",Cookware,each,73.84,131.39,4.109
IMP-001339,"Sample Product 1339",Storage,box,64.84,215.63,0.545
IMP-001340,"Sample Product 1340",Bolts,pallet,146.72,213.19,2.901
IMP-001341,"Sample Product 1341",Nuts,each,384.22,205.12,0.507
IMP-001342,"Sample Product 1342",Washers,box,48.89,101.29,2.487
IMP-001343,"Sample Product 1343",Screws,pallet,139.80,40.15,1.426
IMP-001344,"Sample Product 1344",Hose,each,161.41,75.85,3.392
IMP-001345,"Sample Product 1345",Fittings,box,449.22,18.66,1.795
IMP-001346,"Sample Product 1346",Valves,pallet,444.68,19.63,0.230
IMP-001347,"Sample Product 1347",Tables,each,119.87,120.58,3.944
IMP-001348,"Sample Product 1348",Cookware,box,285.46,38.88,2.111
IMP-001349,"Sample Product 1349",Storage,pallet,105.17,59.99,4.331
IMP-001350,"Sample Product 1350",Bolts,each,263.81,247.91,1.439
IMP-001351,"Sample Product 1351",Nuts,box,290.68,265.79,1.042
IMP-001352,"Sample Product 1352",Washers,pallet,361.52,145.66,3.011
IMP-001353,"Sample Product 1353",Screws,each,388.61,59.22,4.392
IMP-001354,"Sample Product 1354",Hose,box,60.43,185.32,2.738
IMP-001355,"Sample Product 1355",Fittings,pallet,399.93,2.16,3.506
IMP-001356,"Sample Product 1356",Valves,each,493.76,221.03,2.432
IMP-001357,"Sample Product 1357",Tables,box,382.14,63.92,3.818
IMP-001358,"Sample Product 1358",Cookware,pallet,75.48,260.07,0.202
IMP-001359,"Sample Product 1359",Storage,each,454.03,231.50,4.223
IMP-001283,"Sample Product 1360",Bolts,box,252.43,170.32,0.103
IMP-001361,"Sample Product 1361",Nuts,pallet,160.03,289.06,2.813
IMP-001362,"Sample Product 1362",Washers,each,162.55,82.68,3.439
IMP-001363,"Sample Product 1363",Screws,box,183.91,85.83,4.908
IMP-001364,"Sample Product 1364",Hose,pallet,33.50,115.30,1.512
IMP-001365,"Sample Product 1365",Fittings,each,327.37,272.25,4.507
IMP-001366,"Sample Product 1366",Valves,box,121.91,189.14,1.642
IMP-001367,"Sample Product 1367",Tables,pallet,17.38,264.29,3.640
IMP-001368,"Sample Product 1368",Cookware,each,150.51,153.51,3.078
IMP-001369,"Sample Product 1369",Storage,box,345.58,249.28,0.271
IMP-001370,"Sample Product 1370",Bolts,pallet,69.03,17.42,3.207
IMP-001371,"Sample Product 1371",Nuts,each,266.97,85.97,2.492
IMP-001372,"Sample Product 1372",Washers,box,391.25,154.60,4.012
IMP-001373,"Sample Product 1373",Screws,pallet,448.94,186.82,3.548
IMP-001374,"Sample Product 1374",Hose,each,255.23,238.98,2.625
IMP-001375,"Sample Product 1375",Fittings,box,108.08,214.22,3.554
IMP-001376,"Sample Product 1376",Valves,pallet,286.56,12.25,3.647
IMP-001377,"Sample Product 1377",Tables,each,182.70,198.90,2.619
IMP-001378,"Sample Product 1378",Cookware,box,454.92,198.45,4.846
IMP-001379,"Sample Product 1379",Storage,pallet,8.76,40.90,0.372
IMP-001380,"Sample Product 1380",Bolts,each,469.42,209.61,1.077
IMP-001381,"Sample Product 1381",Nuts,box,110.98,153.44,4.716
IMP-001382,"Sample Product 1382",Washers,pallet,139.41,273.16,1.181
IMP-001383,"Sample Product 1383",Screws,each,439.16,207.54,3.448
IMP-001384,"Sample Product 1384",Hose,box,98.28,6.38,3.864
IMP-001385,"Sample Product 1385",Fittings,pallet,203.67,153.38,0.971
IMP-001386,"Sample Product 1386",Valves,each,395.69,283.62,2.099
IMP-001387,"Sample Product 1387",Tables,box,416.28,206.81,4.364
IMP-001388,"Sample Product 1388",Cookware,pallet,102.02,270.25,2.234
IMP-001389,"Sample Product 1389",Storage,each,134.70,103.41,3.897
IMP-001390,"Sample Product 1390",Bolts,box,28.29,228.84,0.641
IMP-001391,"Sample Product 1391",Nuts,pallet,110.55,271.15,3.582
IMP-001392,"Sample Product 1392",Washers,each,386.65,80.06,1.913
IMP-001393,"Sample Product 1393",Screws,box,469.13,62.79,2.445
IMP-001394,"Sample Product 1394",Hose,pallet,119.91,138.62,3.546
IMP-001395,"Sample Product 1395",Fittings,each,355.24,99.35,1.291
IMP-001396,"Sample Product 1396",Valves,box,118.30,282.62,3.041
IMP-001397,"Sample Product 1397",Tables,pallet,145.91,150.16,4.735
IMP-001398,"Sample Product 1398",Cookware,each,378.17,84.62,3.563
IMP-001399,"Sample Product 1399",Storage,box,328.26,276.67,1.948
IMP-001323,"Sample Product 1400",Bolts,pallet,283.76,141.46,2.784
IMP-001401,"Sample Product 1401",Nuts,each,288.41,21.08,4.087
IMP-001402,"Sample Product 1402",Washers,box,59.10,121.35,0.335
IMP-001403,"Sample Product 1403",Screws,pallet,213.96,86.63,0.366
IMP-001404,"Sample Product 1404",Hose,each,273.72,63.20,4.032
IMP-001405,"Sample Product 1405",Fittings,box,85.31,82.26,3.127
IMP-001406,"Sample Product 1406",Valves,pallet,294.77,200.29,1.459
IMP-001407,"Sample Product 1407",Tables,each,89.51,215.79,4.009
IMP-001408,"Sample Product 1408",Cookware,box,305.14,113.84,4.056
IMP-001409,"Sample Product 1409",Storage,pallet,206.40,23.91,1.782
IMP-001410,"Sample Product 1410",Bolts,each,453.89,48.36,3.601
IMP-001411,"Sample Product 1411",Nuts,box,383.57,157.01,3.145
IMP-001412,"Sample Product 1412",Washers,pallet,226.03,18.54,0.440
IMP-001413,"Sample Product 1413",Screws,each,348.65,187.70,1.078
IMP-001414,"Sample Product 1414",Hose,box,221.27,237.80,0.228
IMP-001415,"Sample Product 1415",Fittings,pallet,270.73,146.13,1.301
IMP-001416,"Sample Product 1416",Valves,each,331.14,188.68,2.445
IMP-001417,"Sample Product 1417",Tables,box,370.73,253.21,4.235
IMP-001418,"Sample Product 1418",Cookware,pallet,82.10,139.57,3.809
IMP-001419,"Sample Product 1419",Storage,each,262.04,224.52,2.201
IMP-001420,"Sample Product 1420",Bolts,box,199.53,50.92,4.122
IMP-001421,"Sample Product 1421",Nuts,pallet,452.74,261.60,4.711
IMP-001422,"Sample Product 1422",Washers,each,298.60,177.09,4.240
IMP-001423,"Sample Product 1423",Screws,box,126.66,117.29,3.163
IMP-001424,"Sample Product 1424",Hose,pallet,211.27,153.49,4.023
IMP-001425,"Sample Product 1425",Fittings,each,22.14,270.45,1.500
IMP-001426,"Sample Product 1426",Valves,box,457.82,89.32,0.519
IMP-001427,"Sample Product 1427",Tables,pallet,47.66,250.63,1.966
IMP-001428,"Sample Product 1428",Cookware,each,300.25,211.02,4.745
IMP-001429,"Sample Product 1429",Storage,box,379.44,23.04,1.494
IMP-001430,"Sample Product 1430",Bolts,pallet,255.64,256.85,1.011
IMP-001431,"Sample Product 1431",Nuts,each,139.23,107.62,3.853
IMP-001432,"Sample Product 1432",Washers,box,346.86,254.79,1.166
IMP-001433,"Sample Product 1433",Screws,pallet,181.35,42.65,3.878
IMP-001434,"Sample Product 1434",Hose,each,6.05,294.75,3.140
IMP-001435,"Sample Product 1435",Fittings,box,285.40,143.33,4.363
IMP-001436,"Sample Product 1436",Valves,pallet,462.70,82.91,3.396
IMP-001437,"Sample Product 1437",Tables,each,318.05,47.76,0.288
IMP-001438,"Sample Product 1438",Cookware,box,135.54,199.50,0.264
IMP-001439,"Sample Product 1439",Storage,pallet,52.90,106.02,1.043
IMP-001363,"Sample Product 1440",Bolts,each,234.00,200.21,1.666
IMP-001441,"Sample Product 1441",Nuts,box,153.41,232.77,2.677
IMP-001442,"Sample Product 1442",Washers,pallet,197.67,25.43,4.115
IMP-001443,"Sample Product 1443",Screws,each,485.30,233.23,2.196
IMP-001444,"Sample Product 1444",Hose,box,197.13,218.42,1.868
IMP-001445,"Sample Product 1445",Fittings,pallet,92.50,166.76,0.745
IMP-001446,"Sample Product 1446",Valves,each,388.27,165.09,2.734
IMP-001447,"Sample Product 1447",Tables,box,341.24,199.50,2.836
IMP-001448,"Sample Product 1448",Cookware,pallet,375.81,10.79,0.990
IMP-001449,"Sample Product 1449",Storage,each,146.77,165.36,3.264
IMP-001450,"Sample Product 1450",Bolts,box,86.70,206.95,2.881
IMP-001451,"Sample Product 1451",Nuts,pallet,367.63,244.42,4.700
IMP-001452,"Sample Product 1452",Washers,each,416.63,195.27,3.070
IMP-001453,"Sample Product 1453",Screws,box,370.61,198.41,4.098
IMP-001454,"Sample Product 1454",Hose,pallet,211.24,162.57,2.138
IMP-001455,"Sample Product 1455",Fittings,each,162.27,276.45,1.687
IMP-001456,"Sample Product 1456",Valves,box,440.86,256.59,3.060
IMP-001457,"Sample Product 1457",Tables,pallet,19.84,192.64,4.159
IMP-001458,"Sample Product 1458",Cookware,each,270.21,26.82,3.758
IMP-001459,"Sample Product 1459",Storage,box,196.19,34.03,2.705
IMP-001460,"Sample Product 1460",Bolts,pallet,362.50,104.75,1.714
IMP-001461,"Sample Product 1461",Nuts,each,82.40,153.09,4.760
IMP-001462,"Sample Product 1462",Washers,box,156.00,197.50,2.349
IMP-001463,"Sample Product 1463",Screws,pallet,128.59,128.98,2.680
IMP-001464,"Sample Product 1464",Hose,each,242.93,141.00,3.152
IMP-001465,"Sample Product 1465",Fittings,box,212.65,246.55,2.393
IMP-001466,"Sample Product 1466",Valves,pallet,52.43,204.59,1.085
IMP-001467,"Sample Product 1467",Tables,each,355.93,150.19,0.082
IMP-001468,"Sample Product 1468",Cookware,box,198.84,93.11,0.852
IMP-001469,"Sample Product 1469",Storage,pallet,213.34,56.51,3.903
IMP-001470,"Sample Product 1470",Bolts,each,353.00,140.29,0.640
IMP-001471,"Sample Product 1471",Nuts,box,243.44,182.00,0.419
IMP-001472,"Sample Product 1472",Washers,pallet,492.58,240.38,2.552
IMP-001473,"Sample Product 1473",Screws,each,75.18,196.04,1.923
IMP-001474,"Sample Product 1474",Hose,box,277.85,171.48,3.163
IMP-001475,"Sample Product 1475",Fittings,pallet,83.19,110.90,3.269
IMP-001476,"Sample Product 1476",Valves,each,48.62,239.42,3.844
IMP-001477,"Sample Product 1477",Tables,box,111.42,31.03,2.764
IMP-001478,"Sample Product 1478",Cookware,pallet,358.82,201.79,2.972
IMP-001479,"Sample Product 1479",Storage,each,453.09,75.11,2.947
IMP-001403,"Sample Product 1480",Bolts,box,35.38,161.60,2.605
IMP-001481,"Sample Product 1481",Nuts,pallet,232.90,261.33,1.454
IMP-001482,"Sample Product 1482",Washers,each,408.56,187.79,0.960
IMP-001483,"Sample Product 1483",Screws,box,153.66,218.41,0.737
IMP-001484,"Sample Product 1484",Hose,pallet,368.77,59.38,3.494
IMP-001485,"Sample Product 1485",Fittings,each,382.21,73.66,1.565
IMP-001486,"Sample Product 1486",Valves,box,89.68,221.62,4.099
IMP-001487,"Sample Product 1487",Tables,pallet,43.16,71.19,2.696
IMP-001488,"Sample Product 1488",Cookware,each,81.18,134.25,1.604
IMP-001489,"Sample Product 1489",Storage,box,17.88,268.20,1.303
IMP-001490,"Sample Product 1490",Bolts,pallet,313.77,250.16,2.465
IMP-001491,"Sample Product 1491",Nuts,each,277.82,263.82,3.585
IMP-001492,"Sample Product 1492",Washers,box,367.29,115.03,4.367
IMP-001493,"Sample Product 1493",Screws,pallet,465.94,264.89,2.559
IMP-001494,"Sample Product 1494",Hose,each,203.63,101.11,2.941
IMP-001495,"Sample Product 1495",Fittings,box,132.70,58.57,1.766
IMP-001496,"Sample Product 1496",Valves,pallet,210.46,173.23,3.039
IMP-001497,"Sample Product 1497",Tables,each,188.00,160.78,0.820
IMP-001498,"Sample Product 1498",Cookware,box,333.87,14.26,2.113
IMP-001499,"Sample Product 1499",Storage,pallet,147.93,104.28,2.980
IMP-001500,"Sample Product 1500",Bolts,each,187.40,251.08,4.603
IMP-001501,"Sample Product 1501",Nuts,box,461.33,16.79,0.905
IMP-001502,"Sample Product 1502",Washers,pallet,377.79,63.55,1.778
IMP-001503,"Sample Product 1503",Screws,each,176.02,59.02,1.675
IMP-001504,"Sample Product 1504",Hose,box,124.03,70.20,4.480
IMP-001505,"Sample Product 1505",Fittings,pallet,69.80,99.69,3.860
IMP-001506,"Sample Product 1506",Valves,each,396.35,119.51,2.333
IMP-001507,"Sample Product 1507",Tables,box,368.39,128.21,4.275
IMP-001508,"Sample Product 1508",Cookware,pallet,482.79,108.58,2.884
IMP-001509,"Sample Product 1509",Storage,each,419.77,93.84,4.267
IMP-001510,"Sample Product 1510",Bolts,box,474.06,238.50,4.405
IMP-001511,"Sample Product 1511",Nuts,pallet,18.44,169.06,2.720
IMP-001512,"Sample Product 1512",Washers,each,245.99,269.50,4.251
IMP-001513,"Sample Product 1513",Screws,box,151.66,183.17,1.842
IMP-001514,"Sample Product 1514",Hose,pallet,251.97,192.27,3.728
IMP-001515,"Sample Product 1515",Fittings,each,198.43,84.43,3.363
IMP-001516,"Sample Product 1516",Valves,box,182.74,51.26,4.142
IMP-001517,"Sample Product 1517",Tables,pallet,73.27,233.15,2.415
IMP-001518,"Sample Product 1518",Cookware,each,459.96,102.41,0.033
IMP-001519,"Sample Product 1519",Storage,box,326.61,261.46,3.551
IMP-001443,"Sample Product 1520",Bolts,pallet,206.45,215.70,4.001
IMP-001521,"Sample Product 1521",Nuts,each,138.15,195.68,4.682
IMP-001522,"Sample Product 1522",Washers,box,231.19,38.46,1.518
IMP-001523,"Sample Product 1523",Screws,pallet,360.66,12.00,4.565
IMP-001524,"Sample Product 1524",Hose,each,490.78,247.71,0.179
IMP-001525,"Sample Product 1525",Fittings,box,331.39,126.76,1.600
IMP-001526,"Sample Product 1526",Valves,pallet,420.44,126.96,4.459
IMP-001527,"Sample Product 1527",Tables,each,455.63,33.06,1.378
IMP-001528,"Sample Product 1528",Cookware,box,250.02,180.80,4.918
IMP-001529,"Sample Product 1529",Storage,pallet,385.22,6.43,3.945
IMP-001530,"Sample Product 1530",Bolts,each,428.50,51.20,3.146
IMP-001531,"Sample Product 1531",Nuts,box,132.50,135.37,2.553
IMP-001532,"Sample Product 1532",Washers,pallet,262.53,266.42,0.186
IMP-001533,"Sample Product 1533",Screws,each,16.07,266.03,3.828
IMP-001534,"Sample Product 1534",Hose,box,452.77,248.47,4.525
IMP-001535,"Sample Product 1535",Fittings,pallet,397.95,264.31,1.364
IMP-001536,"Sample Product 1536",Valves,each,480.10,89.35,0.226
IMP-001537,"Sample Product 1537",Tables,box,448.21,48.22,4.871
IMP-001538,"Sample Product 1538",Cookware,pallet,132.68,260.58,0.854
IMP-001539,"Sample Product 1539",Storage,each,13.89,278.20,3.838
IMP-001540,"Sample Product 1540",Bolts,box,297.67,78.11,4.278
IMP-001541,"Sample Product 1541",Nuts,pallet,35.07,271.53,1.384
IMP-001542,"Sample Product 1542",Washers,each,279.04,135.11,4.280
IMP-001543,"Sample Product 1543",Screws,box,443.92,132.70,1.645
IMP-001544,"Sample Product 1544",Hose,pallet,342.27,61.78,1.999
IMP-001545,"Sample Product 1545",Fittings,each,349.31,175.40,2.975
IMP-001546,"Sample Product 1546",Valves,box,325.49,269.39,3.521
IMP-001547,"Sample Product 1547",Tables,pallet,67.45,34.81,2.746
IMP-001548,"Sample Product 1548",Cookware,each,58.64,273.10,2.192
IMP-001549,"Sample Product 1549",Storage,box,480.67,259.01,3.620
IMP-001550,"Sample Product 1550",Bolts,pallet,361.89,215.60,0.936
IMP-001551,"Sample Product 1551",Nuts,each,383.86,279.04,1.222
IMP-001552,"Sample Product 1552",Washers,box,246.08,209.65,1.441
IMP-001553,"Sample Product 1553",Screws,pallet,153.12,192.99,2.963
IMP-001554,"Sample Product 1554",Hose,each,327.52,64.04,3.313
IMP-001555,"Sample Product 1555",Fittings,box,457.84,58.48,0.316
IMP-001556,"Sample Product 1556",Valves,pallet,186.52,69.55,2.096
IMP-001557,"Sample Product 1557",Tables,each,59.31,81.83,0.427
IMP-001558,"Sample Product 1558",Cookware,box,164.49,55.37,2.689
IMP-001559,"Sample Product 1559",Storage,pallet,325.19,39.31,1.584
IMP-001483,"Sample Product 1560",Bolts,each,44.84,290.17,3.395
IMP-001561,"Sample Product 1561",Nuts,box,48.66,50.82,2.372
IMP-001562,"Sample Product 1562",Washers,pallet,438.01,141.57,2.035
IMP-001563,"Sample Product 1563",Screws,each,245.02,225.48,1.248
IMP-001564,"Sample Product 1564",Hose,box,406.78,271.38,3.013
IMP-001565,"Sample Product 1565",Fittings,pallet,62.10,294.48,2.413
IMP-001566,"Sample Product 1566",Valves,each,183.23,175.10,0.799
IMP-001567,"Sample Product 1567",Tables,box,402.90,233.36,0.778
IMP-001568,"Sample Product 1568",Cookware,pallet,317.29,2.82,2.912
IMP-001569,"Sample Product 1569",Storage,each,435.01,267.52,2.077
IMP-001570,"Sample Product 1570",Bolts,box,425.37,248.00,4.153
IMP-001571,"Sample Product 1571",Nuts,pallet,14.30,274.86,3.663
IMP-001572,"Sample Product 1572",Washers,each,177.14,176.34,2.189
IMP-001573,"Sample Product 1573",Screws,box,151.83,32.34,1.303
IMP-001574,"Sample Product 1574",Hose,pallet,488.43,181.68,1.041
IMP-001575,"Sample Product 1575",Fittings,each,206.35,184.33,4.898
IMP-001576,"Sample Product 1576",Valves,box,427.08,60.24,2.972
IMP-001577,"Sample Product 1577",Tables,pallet,435.86,155.09,2.078
IMP-001578,"Sample Product 1578",Cookware,each,84.01,259.37,4.412
IMP-001579,"Sample Product 1579",Storage,box,203.61,77.82,3.300
IMP-001580,"Sample Product 1580",Bolts,pallet,112.58,183.41,2.442
IMP-001581,"Sample Product 1581",Nuts,each,117.34,118.68,4.778
IMP-001582,"Sample Product 1582",Washers,box,482.39,262.16,2.916
IMP-001583,"Sample Product 1583",Screws,pallet,357.21,20.98,3.536
IMP-001584,"Sample Product 1584",Hose,each,103.44,197.73,1.165
IMP-001585,"Sample Product 1585",Fittings,box,296.09,80.77,3.194
IMP-001586,"Sample Product 1586",Valves,pallet,185.50,258.26,2.533
IMP-001587,"Sample Product 1587",Tables,each,260.60,41.24,4.528
IMP-001588,"Sample Product 1588",Cookware,box,404.49,282.08,1.064
IMP-001589,"Sample Product 1589",Storage,pallet,202.91,273.09,2.267
IMP-001590,"Sample Product 1590",Bolts,each,462.96,66.73,4.610
IMP-001591,"Sample Product 1591",Nuts,box,210.71,119.68,4.310
IMP-001592,"Sample Product 1592",Washers,pallet,103.19,183.33,2.565
IMP-001593,"Sample Product 1593",Screws,each,425.04,67.19,3.775
IMP-001594,"Sample Product 1594",Hose,box,30.57,87.01,4.829
IMP-001595,"Sample Product 1595",Fittings,pallet,386.60,140.66,4.581
IMP-001596,"Sample Product 1596",Valves,each,373.50,161.56,4.306
IMP-001597,"Sample Product 1597",Tables,box,187.65,73.31,3.630
IMP-001598,"Sample Product 1598",Cookware,pallet,342.38,52.49,2.781
IMP-001599,"Sample Product 1599",Storage,each,214.75,280.75,4.800
IMP-001523,"Sample Product 1600",Bolts,box,77.40,59.60,2.257
IMP-001601,"Sample Product 1601",Nuts,pallet,499.59,231.54,0.437
IMP-001602,"Sample Product 1602",Washers,each,32.07,252.14,4.862
IMP-001603,"Sample Product 1603",Screws,box,357.11,182.53,0.253
IMP-001604,"Sample Product 1604",Hose,pallet,386.53,36.76,2.078
IMP-001605,"Sample Product 1605",Fittings,each,437.23,81.90,4.045
IMP-001606,"Sample Product 1606",Valves,box,19.91,68.58,0.125
IMP-001607,"Sample Product 1607",Tables,pallet,14.35,75.67,0.310
IMP-001608,"Sample Product 1608",Cookware,each,19.75,271.96,3.985
IMP-001609,"Sample Product 1609",Storage,box,157.54,235.81,0.521
IMP-001610,"Sample Product 1610",Bolts,pallet,196.69,173.45,1.883
IMP-001611,"Sample Product 1611",Nuts,each,22.74,49.94,3.981
IMP-001612,"Sample Product 1612",Washers,box,321.73,165.92,0.942
IMP-001613,"Sample Product 1613",Screws,pallet,240.75,130.75,1.309
IMP-001614,"Sample Product 1614",Hose,each,132.42,270.32,1.255
IMP-001615,"Sample Product 1615",Fittings,box,421.74,94.50,4.574
IMP-001616,"Sample Product 1616",Valves,pallet,126.46,276.10,3.070
IMP-001617,"Sample Product 1617",Tables,each,317.86,17.28,4.294
IMP-001618,"Sample Product 1618",Cookware,box,134.89,48.12,3.528
IMP-001619,"Sample Product 1619",Storage,pallet,128.23,299.25,3.414
IMP-001620,"Sample Product 1620",Bolts,each,1.87,199.16,0.012
IMP-001621,"Sample Product 1621",Nuts,box,88.51,292.49,4.107
IMP-001622,"Sample Product 1622",Washers,pallet,137.49,216.28,1.878
IMP-001623,"Sample Product 1623",Screws,each,414.57,156.73,0.399
IMP-001624,"Sample Product 1624",Hose,box,402.15,171.31,1.318
IMP-001625,"Sample Product 1625",Fittings,pallet,407.89,135.37,1.848
IMP-001626,"Sample Product 1626",Valves,each,88.70,294.86,3.695
IMP-001627,"Sample Product 1627",Tables,box,330.54,93.13,4.152
IMP-001628,"Sample Product 1628",Cookware,pallet,65.72,42.29,0.342
IMP-001629,"Sample Product 1629",Storage,each,260.87,123.04,2.183
IMP-001630,"Sample Product 1630",Bolts,box,480.14,61.87,4.892
IMP-001631,"Sample Product 1631",Nuts,pallet,204.81,267.13,2.642
IMP-001632,"Sample Product 1632",Washers,each,227.08,248.67,1.705
IMP-001633,"Sample Product 1633",Screws,box,76.21,182.91,2.159
IMP-001634,"Sample Product 1634",Hose,pallet,373.56,282.17,2.157
IMP-001635,"Sample Product 1635",Fittings,each,282.23,190.54,2.671
IMP-001636,"Sample Product 1636",Valves,box,265.80,251.79,1.745
IMP-001637,"Sample Product 1637",Tables,pallet,257.97,166.13,0.122
IMP-001638,"Sample Product 1638",Cookware,each,187.30,159.86,2.591
IMP-001639,"Sample Product 1639",Storage,box,100.23,39.11,3.571
IMP-001563,"Sample Product 1640",Bolts,pallet,52.30,272.04,3.243
IMP-001641,"Sample Product 1641",Nuts,each,164.35,205.13,4.191
IMP-001642,"Sample Product 1642",Washers,box,308.94,158.89,2.196
IMP-001643,"Sample Product 1643",Screws,pallet,256.64,268.55,0.546
IMP-001644,"Sample Product 1644",Hose,each,266.33,1.89,2.229
IMP-001645,"Sample Product 1645",Fittings,box,13.15,257.88,3.394
IMP-001646,"Sample Product 1646",Valves,pallet,11.10,71.70,2.135
IMP-001647,"Sample Product 1647",Tables,each,395.80,275.32,2.665
IMP-001648,"Sample Product 1648",Cookware,box,194.31,203.59,0.377
IMP-001649,"Sample Product 1649",Storage,pallet,81.01,149.29,0.196
IMP-001650,"Sample Product 1650",Bolts,each,344.29,213.10,0.876
IMP-001651,"Sample Product 1651",Nuts,box,139.97,132.16,4.328
IMP-001652,"Sample Product 1652",Washers,pallet,374.74,212.43,0.887
IMP-001653,"Sample Product 1653",Screws,each,415.40,0.74,4.807
IMP-001654,"Sample Product 1654",Hose,box,347.49,51.74,1.444
IMP-001655,"Sample Product 1655",Fittings,pallet,468.34,143.68,0.952
IMP-001656,"Sample Product 1656",Valves,each,425.33,224.65,3.955
IMP-001657,"Sample Product 1657",Tables,box,440.21,279.50,3.554
IMP-001658,"Sample Product 1658",Cookware,pallet,147.03,13.75,3.929
IMP-001659,"Sample Product 1659",Storage,each,23.29,79.57,2.650
IMP-001660,"Sample Product 1660",Bolts,box,323.03,164.00,0.584
IMP-001661,"Sample Product 1661",Nuts,pallet,450.12,51.15,3.242
IMP-001662,"Sample Product 1662",Washers,each,388.09,118.06,4.177
IMP-001663,"Sample Product 1663",Screws,box,34.33,272.50,2.449
IMP-001664,"Sample Product 1664",Hose,pallet,92.88,126.79,1.436
IMP-001665,"Sample Product 1665",Fittings,each,360.66,124.09,1.740
IMP-001666,"Sample Product 1666",Valves,box,386.11,48.08,2.370
IMP-001667,"Sample Product 1667",Tables,pallet,202.71,103.77,4.381
IMP-001668,"Sample Product 1668",Cookware,each,158.45,102.01,3.814
IMP-001669,"Sample Product 1669",Storage,box,54.04,17.74,3.355
IMP-001670,"Sample Product 1670",Bolts,pallet,267.23,253.92,4.238
IMP-001671,"Sample Product 1671",Nuts,each,296.97,291.91,3.104
IMP-001672,"Sample Product 1672",Washers,box,135.54,142.00,0.768
IMP-001673,"Sample Product 1673",Screws,pallet,152.81,38.06,1.540
IMP-001674,"Sample Product 1674",Hose,each,480.89,210.54,3.770
IMP-001675,"Sample Product 1675",Fittings,box,423.06,94.40,4.119
IMP-001676,"Sample Product 1676",Valves,pallet,22.66,163.33,0.540
IMP-001677,"Sample Product 1677",Tables,each,31.22,167.18,3.611
IMP-001678,"Sample Product 1678",Cookware,box,405.53,113.07,1.715
IMP-001679,"Sample Product 1679",Storage,pallet,327.15,151.80,4.696
IMP-001603,"Sample Product 1680",Bolts,each,450.53,0.41,0.561
IMP-001681,"Sample Product 1681",Nuts,box,39.38,30.42,4.437
IMP-001682,"Sample Product 1682",Washers,pallet,474.34,53.49,2.497
IMP-001683,"Sample Product 1683",Screws,each,174.96,287.34,4.280
IMP-001684,"Sample Product 1684",Hose,box,170.28,164.67,3.712
IMP-001685,"Sample Product 1685",Fittings,pallet,275.87,38.20,1.368
IMP-001686,"Sample Product 1686",Valves,each,248.63,204.59,2.524
IMP-001687,"Sample Product 1687",Tables,box,113.65,88.74,3.911
IMP-001688,"Sample Product 1688",Cookware,pallet,323.84,85.53,1.329
IMP-001689,"Sample Product 1689",Storage,each,382.95,17.06,4.881
IMP-001690,"Sample Product 1690",Bolts,box,47.91,267.39,0.631
IMP-001691,"Sample Product 1691",Nuts,pallet,295.81,47.36,0.061
IMP-001692,"Sample Product 1692",Washers,each,169.67,248.13,2.980
IMP-001693,"Sample Product 1693",Screws,box,153.96,104.26,1.328
IMP-001694,"Sample Product 1694",Hose,pallet,140.54,248.29,3.148
IMP-001695,"Sample Product 1695",Fittings,each,135.12,246.55,2.899
IMP-001696,"Sample Product 1696",Valves,box,489.84,281.55,0.908
IMP-001697,"Sample Product 1697",Tables,pallet,224.42,167.59,3.544
IMP-001698,"Sample Product 1698",Cookware,each,178.28,287.30,1.553
IMP-001699,"Sample Product 1699",Storage,box,54.35,156.98,2.646
IMP-001700,"Sample Product 1700",Bolts,pallet,315.61,35.87,2.583
IMP-001701,"Sample Product 1701",Nuts,each,474.93,158.92,4.417
IMP-001702,"Sample Product 1702",Washers,box,497.91,246.02,2.806
IMP-001703,"Sample Product 1703",Screws,pallet,462.93,201.98,3.831
IMP-001704,"Sample Product 1704",Hose,each,7.96,98.56,0.839
IMP-001705,"Sample Product 1705",Fittings,box,286.55,131.80,2.663
IMP-001706,"Sample Product 1706",Valves,pallet,388.13,219.96,3.694
IMP-001707,"Sample Product 1707",Tables,each,8.41,111.33,0.616
IMP-001708,"Sample Product 1708",Cookware,box,32.11,48.33,3.927
IMP-001709,"Sample Product 1709",Storage,pallet,88.26,277.43,3.330
IMP-001710,"Sample Product 1710",Bolts,each,210.27,250.85,2.656
IMP-001711,"Sample Product 1711",Nuts,box,220.10,144.80,4.307
IMP-001712,"Sample Product 1712",Washers,pallet,493.50,271.89,3.826
IMP-001713,"Sample Product 1713",Screws,each,210.41,45.73,2.111
IMP-001714,"Sample Product 1714",Hose,box,129.78,255.25,1.429
IMP-001715,"Sample Product 1715",Fittings,pallet,313.80,122.30,3.314
IMP-001716,"Sample Product 1716",Valves,each,394.86,218.70,4.067
IMP-001717,"Sample Product 1717",Tables,box,256.80,112.55,3.398
IMP-001718,"Sample Product 1718",Cookware,pallet,198.42,263.64,0.981
IMP-001719,"Sample Product 1719",Storage,each,155.06,172.73,3.414
IMP-001643,"Sample Product 1720",Bolts,box,230.23,219.61,1.105
IMP-001721,"Sample Product 1721",Nuts,pallet,146.99,171.70,0.118
IMP-001722,"Sample Product 1722",Washers,each,68.47,10.28,2.241
IMP-001723,"Sample Product 1723",Screws,box,8.19,122.19,0.294
IMP-001724,"Sample Product 1724",Hose,pallet,331.65,299.09,2.492
IMP-001725,"Sample Product 1725",Fittings,each,104.30,184.95,4.716
IMP-001726,"Sample Product 1726",Valves,box,304.22,164.49,4.601
IMP-001727,"Sample Product 1727",Tables,pallet,105.57,256.04,4.077
IMP-001728,"Sample Product 1728",Cookware,each,34.50,264.30,2.687
IMP-001729,"Sample Product 1729",Storage,box,97.28,221.42,4.484
IMP-001730,"Sample Product 1730",Bolts,pallet,360.94,267.31,4.135
IMP-001731,"Sample Product 1731",Nuts,each,50.82,202.76,3.416
IMP-001732,"Sample Product 1732",Washers,box,100.84,266.63,0.134
IMP-001733,"Sample Product 1733",Screws,pallet,325.39,143.36,4.621
IMP-001734,"Sample Product 1734",Hose,each,455.42,66.68,3.445
IMP-001735,"Sample Product 1735",Fittings,box,122.13,285.36,4.630
IMP-001736,"Sample Product 1736",Valves,pallet,495.63,276.36,2.847
IMP-001737,"Sample Product 1737",Tables,each,167.78,104.40,2.187
IMP-001738,"Sample Product 1738",Cookware,box,454.08,30.50,3.860
IMP-001739,"Sample Product 1739",Storage,pallet,110.05,66.06,2.238
IMP-001740,"Sample Product 1740",Bolts,each,162.16,198.78,3.167
IMP-001741,"Sample Product 1741",Nuts,box,63.72,53.65,3.294
IMP-001742,"Sample Product 1742",Washers,pallet,221.55,295.82,4.382
IMP-001743,"Sample Product 1743",Screws,each,188.21,252.54,2.978
IMP-001744,"Sample Product 1744",Hose,box,456.36,230.75,0.754
IMP-001745,"Sample Product 1745",Fittings,pallet,226.73,71.31,1.780
IMP-001746,"Sample Product 1746",Valves,each,143.01,134.79,3.587
IMP-001747,"Sample Product 1747",Tables,box,448.91,172.98,2.942
IMP-001748,"Sample Product 1748",Cookware,pallet,361.82,145.29,2.277
IMP-001749,"Sample Product 1749",Storage,each,262.11,174.33,3.036
IMP-001750,"Sample Product 1750",Bolts,box,72.49,154.22,1.077
IMP-001751,"Sample Product 1751",Nuts,pallet,64.40,230.04,4.939
IMP-001752,"Sample Product 1752",Washers,each,495.07,143.23,1.463
IMP-001753,"Sample Product 1753",Screws,box,300.81,151.49,1.792
IMP-001754,"Sample Product 1754",Hose,pallet,29.78,88.94,4.958
IMP-001755,"Sample Product 1755",Fittings,each,306.46,189.94,0.310
IMP-001756,"Sample Product 1756",Valves,box,348.10,135.18,3.802
IMP-001757,"Sample Product 1757",Tables,pallet,77.27,49.16,4.104
IMP-001758,"Sample Product 1758",Cookware,each,224.71,136.48,4.561
IMP-001759,"Sample Product 1759",Storage,box,333.66,232.34,1.320
IMP-001683,"Sample Product 1760",Bolts,pallet,458.41,11.46,0.524
IMP-001761,"Sample Product 1761",Nuts,each,163.57,200.80,2.179
IMP-001762,"Sample Product 1762",Washers,box,193.99,131.88,4.392
IMP-001763,"Sample Product 1763",Screws,pallet,319.25,279.66,2.188
IMP-001764,"Sample Product 1764",Hose,each,410.95,19.78,0.768
IMP-001765,"Sample Product 1765",Fittings,box,270.45,160.50,2.061
IMP-001766,"Sample Product 1766",Valves,pallet,199.43,256.47,0.076
IMP-001767,"Sample Product 1767",Tables,each,227.29,163.83,3.252
IMP-001768,"Sample Product 1768",Cookware,box,457.66,129.65,2.288
IMP-001769,"Sample Product 1769",Storage,pallet,356.03,143.30,4.515
IMP-001770,"Sample Product 1770",Bolts,each,275.28,135.40,3.872
IMP-001771,"Sample Product 1771",Nuts,box,435.19,288.57,3.204
IMP-001772,"Sample Product 1772",Washers,pallet,316.44,291.08,2.632
IMP-001773,"Sample Product 1773",Screws,each,339.10,246.69,3.398
IMP-001774,"Sample Product 1774",Hose,box,284.66,65.09,3.341
IMP-001775,"Sample Product 1775",Fittings,pallet,239.40,232.72,2.784
IMP-001776,"Sample Product 1776",Valves,each,303.21,49.23,3.964
IMP-001777,"Sample Product 1777",Tables,box,262.58,45.24,3.810
IMP-001778,"Sample Product 1778",Cookware,pallet,426.34,169.41,0.140
IMP-001779,"Sample Product 1779",Storage,each,133.71,257.08,0.133
IMP-001780,"Sample Product 1780",Bolts,box,241.37,84.51,3.723
IMP-001781,"Sample Product 1781",Nuts,pallet,48.01,248.30,1.172
IMP-001782,"Sample Product 1782",Washers,each,196.07,205.31,2.991
IMP-001783,"Sample Product 1783",Screws,box,468.32,18.94,0.610
IMP-001784,"Sample Product 1784",Hose,pallet,338.66,96.50,2.524
IMP-001785,"Sample Product 1785",Fittings,each,79.89,46.22,3.041
IMP-001786,"Sample Product 1786",Valves,box,278.59,266.02,1.919
IMP-001787,"Sample Product 1787",Tables,pallet,495.04,181.50,0.449
IMP-001788,"Sample Product 1788",Cookware,each,397.86,286.44,1.520
IMP-001789,"Sample Product 1789",Storage,box,123.81,42.10,3.968
IMP-001790,"Sample Product 1790",Bolts,pallet,384.55,121.56,0.603
IMP-001791,"Sample Product 1791",Nuts,each,5.55,111.33,2.566
IMP-001792,"Sample Product 1792",Washers,box,345.73,152.11,1.851
IMP-001793,"Sample Product 1793",Screws,pallet,167.80,35.08,4.268
IMP-001794,"Sample Product 1794",Hose,each,212.97,19.46,4.757
IMP-001795,"Sample Product 1795",Fittings,box,350.12,11.26,0.260
IMP-001796,"Sample Product 1796",Valves,pallet,251.75,246.83,3.563
IMP-001797,"Sample Product 1797",Tables,each,319.82,210.56,2.416
IMP-001798,"Sample Product 1798",Cookware,box,379.14,0.28,0.714
IMP-001799,"Sample Product 1799",Storage,pallet,417.34,127.33,3.941
IMP-001723,"Sample Product 1800",Bolts,each,151.33,98.46,1.817
IMP-001801,"Sample Product 1801",Nuts,box,140.12,53.08,4.197
IMP-001802,"Sample Product 1802",Washers,pallet,343.20,162.48,4.044
IMP-001803,"Sample Product 1803",Screws,each,444.35,271.01,1.131
IMP-001804,"Sample Product 1804",Hose,box,136.23,227.66,0.505
IMP-001805,"Sample Product 1805",Fittings,pallet,149.94,93.48,3.340
IMP-001806,"Sample Product 1806",Valves,each,429.63,218.03,1.457
IMP-001807,"Sample Product 1807",Tables,box,281.60,83.61,1.515
IMP-001808,"Sample Product 1808",Cookware,pallet,194.45,28.32,2.023
IMP-001809,"Sample Product 1809",Storage,each,41.91,236.00,3.460
IMP-001810,"Sample Product 1810",Bolts,box,307.47,100.13,0.709
IMP-001811,"Sample Product 1811",Nuts,pallet,274.08,233.98,2.271
IMP-001812,"Sample Product 1812",Washers,each,349.97,10.06,0.689
IMP-001813,"Sample Product 1813",Screws,box,155.35,206.02,2.038
IMP-001814,"Sample Product 1814",Hose,pallet,66.60,188.89,2.632
IMP-001815,"Sample Product 1815",Fittings,each,497.41,48.24,3.280
IMP-001816,"Sample Product 1816",Valves,box,347.97,190.51,4.266
IMP-001817,"Sample Product 1817",Tables,pallet,331.03,128.86,0.198
IMP-001818,"Sample Product 1818",Cookware,each,356.52,64.29,4.277
IMP-001819,"Sample Product 1819",Storage,box,450.92,160.19,1.019
IMP-001820,"Sample Product 1820",Bolts,pallet,157.62,63.84,2.727
IMP-001821,"Sample Product 1821",Nuts,each,380.03,208.38,0.620
IMP-001822,"Sample Product 1822",Washers,box,303.91,139.94,1.559
IMP-001823,"Sample Product 1823",Screws,pallet,324.39,299.70,1.340
IMP-001824,"Sample Product 1824",Hose,each,304.16,115.75,2.215
IMP-001825,"Sample Product 1825",Fittings,box,285.64,107.65,2.331
IMP-001826,"Sample Product 1826",Valves,pallet,439.08,189.41,2.810
IMP-001827,"Sample Product 1827",Tables,each,453.19,267.03,3.411
IMP-001828,"Sample Product 1828",Cookware,box,351.01,157.97,2.572
IMP-001829,"Sample Product 1829",Storage,pallet,453.98,84.13,2.336
IMP-001830,"Sample Product 1830",Bolts,each,113.83,60.43,4.636
IMP-001831,"Sample Product 1831",Nuts,box,22.75,241.84,2.632
IMP-001832,"Sample Product 1832",Washers,pallet,464.78,264.61,1.594
IMP-001833,"Sample Product 1833",Screws,each,416.23,292.13,2.761
IMP-001834,"Sample Product 1834",Hose,box,460.53,260.24,4.510
IMP-001835,"Sample Product 1835",Fittings,pallet,267.89,218.94,1.869
IMP-001836,"Sample Product 1836",Valves,each,297.30,217.02,2.654
IMP-001837,"Sample Product 1837",Tables,box,404.75,216.75,1.100
IMP-001838,"Sample Product 1838",Cookware,pallet,130.70,19.57,0.060
IMP-001839,"Sample Product 1839",Storage,each,133.40,172.53,4.991
IMP-001763,"Sample Product 1840",Bolts,box,380.83,124.53,4.110
IMP-001841,"Sample Product 1841",Nuts,pallet,82.87,30.59,1.795
IMP-001842,"Sample Product 1842",Washers,each,219.32,80.06,0.633
IMP-001843,"Sample Product 1843",Screws,box,407.11,190.45,3.714
IMP-001844,"Sample Product 1844",Hose,pallet,199.52,227.77,0.767
IMP-001845,"Sample Product 1845",Fittings,each,30.14,175.41,0.898
IMP-001846,"Sample Product 1846",Valves,box,3.57,258.09,1.860
IMP-001847,"Sample Product 1847",Tables,pallet,440.84,37.75,0.835
IMP-001848,"Sample Product 1848",Cookware,each,120.29,167.14,0.280
IMP-001849,"Sample Product 1849",Storage,box,20.92,187.56,4.666
IMP-001850,"Sample Product 1850",Bolts,pallet,79.87,101.03,2.919
IMP-001851,"Sample Product 1851",Nuts,each,368.19,234.84,4.804
IMP-001852,"Sample Product 1852",Washers,box,378.82,226.59,2.770
IMP-001853,"Sample Product 1853",Screws,pallet,111.97,122.60,2.708
IMP-001854,"Sample Product 1854",Hose,each,410.84,95.22,3.626
IMP-001855,"Sample Product 1855",Fittings,box,107.97,16.95,4.042
IMP-001856,"Sample Product 1856",Valves,pallet,123.03,93.79,3.716
IMP-001857,"Sample Product 1857",Tables,each,33.22,76.88,4.286
IMP-001858,"Sample Product 1858",Cookware,box,56.17,53.24,2.043
IMP-001859,"Sample Product 1859",Storage,pallet,334.58,2.85,1.437
IMP-001860,"Sample Product 1860",Bolts,each,5.94,35.94,3.710
IMP-001861,"Sample Product 1861",Nuts,box,362.58,154.84,4.497
IMP-001862,"Sample Product 1862",Washers,pallet,16.09,142.67,3.527
IMP-001863,"Sample Product 1863",Screws,each,33.53,123.36,3.654
IMP-001864,"Sample Product 1864",Hose,box,10.00,256.87,1.186
IMP-001865,"Sample Product 1865",Fittings,pallet,205.60,213.99,2.185
IMP-001866,"Sample Product 1866",Valves,each,186.48,62.37,4.860
IMP-001867,"Sample Product 1867",Tables,box,279.58,233.23,4.778
IMP-001868,"Sample Product 1868",Cookware,pallet,454.52,200.05,2.340
IMP-001869,"Sample Product 1869",Storage,each,200.55,200.31,0.141
IMP-001870,"Sample Product 1870",Bolts,box,402.05,260.24,3.938
IMP-001871,"Sample Product 1871",Nuts,pallet,217.38,296.50,4.644
IMP-001872,"Sample Product 1872",Washers,each,151.89,299.86,0.303
IMP-001873,"Sample Product 1873",Screws,box,307.67,7.76,3.785
IMP-001874,"Sample Product 1874",Hose,pallet,359.11,202.48,1.030
IMP-001875,"Sample Product 1875",Fittings,each,213.37,198.71,0.181
IMP-001876,"Sample Product 1876",Valves,box,421.55,238.85,0.122
IMP-001877,"Sample Product 1877",Tables,pallet,493.50,117.85,2.495
IMP-001878,"Sample Product 1878",Cookware,each,241.19,197.78,3.676
IMP-001879,"Sample Product 1879",Storage,box,419.36,83.36,4.835
IMP-001803,"Sample Product 1880",Bolts,pallet,152.82,160.06,4.754
IMP-001881,"Sample Product 1881",Nuts,each,434.32,22.07,1.824
IMP-001882,"Sample Product 1882",Washers,box,234.01,292.58,2.564
IMP-001883,"Sample Product 1883",Screws,pallet,127.44,149.00,3.852
IMP-001884,"Sample Product 1884",Hose,each,110.29,107.82,2.453
IMP-001885,"Sample Product 1885",Fittings,box,9.10,156.78,2.497
IMP-001886,"Sample Product 1886",Valves,pallet,142.74,200.13,4.703
IMP-001887,"Sample Product 1887",Tables,each,336.79,159.16,2.441
IMP-001888,"Sample Product 1888",Cookware,box,78.43,249.26,1.847
IMP-001889,"Sample Product 1889",Storage,pallet,424.67,173.87,4.104
IMP-001890,"Sample Product 1890",Bolts,each,107.71,100.05,0.122
IMP-001891,"Sample Product 1891",Nuts,box,264.18,150.10,3.508
IMP-001892,"Sample Product 1892",Washers,pallet,170.65,134.37,0.754
IMP-001893,"Sample Product 1893",Screws,each,86.77,185.84,3.379
IMP-001894,"Sample Product 1894",Hose,box,391.92,198.84,3.399
IMP-001895,"Sample Product 1895",Fittings,pallet,445.45,210.49,0.294
IMP-001896,"Sample Product 1896",Valves,each,429.64,204.02,4.200
IMP-001897,"Sample Product 1897",Tables,box,337.36,35.97,0.313
IMP-001898,"Sample Product 1898",Cookware,pallet,267.25,295.31,2.119
IMP-001899,"Sample Product 1899",Storage,each,11.19,242.09,0.093
IMP-001900,"Sample Product 1900",Bolts,box,267.60,12.20,1.414
IMP-001901,"Sample Product 1901",Nuts,pallet,396.93,185.04,4.324
IMP-001902,"Sample Product 1902",Washers,each,415.47,43.67,4.880
IMP-001903,"Sample Product 1903",Screws,box,171.56,66.65,1.015
IMP-001904,"Sample Product 1904",Hose,pallet,303.52,48.31,0.201
IMP-001905,"Sample Product 1905",Fittings,each,270.94,229.57,3.772
IMP-001906,"Sample Product 1906",Valves,box,127.04,162.61,4.741
IMP-001907,"Sample Product 1907",Tables,pallet,337.07,159.73,3.925
IMP-001908,"Sample Product 1908",Cookware,each,55.86,55.19,0.639
IMP-001909,"Sample Product 1909",Storage,box,234.69,56.87,2.796
IMP-001910,"Sample Product 1910",Bolts,pallet,79.12,270.04,4.622
IMP-001911,"Sample Product 1911",Nuts,each,253.41,117.75,3.032
IMP-001912,"Sample Product 1912",Washers,box,400.74,145.44,4.614
IMP-001913,"Sample Product 1913",Screws,pallet,258.29,265.60,2.424
IMP-001914,"Sample Product 1914",Hose,each,199.75,50.45,4.866
IMP-001915,"Sample Product 1915",Fittings,box,36.75,136.83,4.640
IMP-001916,"Sample Product 1916",Valves,pallet,313.22,66.39,0.783
IMP-001917,"Sample Product 1917",Tables,each,103.04,92.67,0.701
IMP-001918,"Sample Product 1918",Cookware,box,224.90,184.58,3.860
IMP-001919,"Sample Product 1919",Storage,pallet,241.26,267.20,4.367
IMP-001843,"Sample Product 1920",Bolts,each,411.27,199.78,3.943
IMP-001921,"Sample Product 1921",Nuts,box,89.51,115.08,4.955
IMP-001922,"Sample Product 1922",Washers,pallet,283.27,61.60,0.965
IMP-001923,"Sample Product 1923",Screws,each,315.18,269.46,4.775
IMP-001924,"Sample Product 1924",Hose,box,298.71,155.13,1.765
IMP-001925,"Sample Product 1925",Fittings,pallet,441.18,238.08,0.956
IMP-001926,"Sample Product 1926",Valves,each,202.04,111.96,2.808
IMP-001927,"Sample Product 1927",Tables,box,253.04,175.63,1.735
IMP-001928,"Sample Product 1928",Cookware,pallet,438.07,240.08,2.862
IMP-001929,"Sample Product 1929",Storage,each,39.24,61.85,3.150
IMP-001930,"Sample Product 1930",Bolts,box,296.99,113.61,3.802
IMP-001931,"Sample Product 1931",Nuts,pallet,388.58,100.97,3.764
IMP-001932,"Sample Product 1932",Washers,each,183.21,3.23,3.968
IMP-001933,"Sample Product 1933",Screws,box,334.17,250.45,4.668
IMP-001934,"Sample Product 1934",Hose,pallet,468.93,243.24,4.884
IMP-001935,"Sample Product 1935",Fittings,each,101.52,142.51,0.925
IMP-001936,"Sample Product 1936",Valves,box,323.24,246.71,0.156
IMP-001937,"Sample Product 1937",Tables,pallet,303.71,6.52,1.969
IMP-001938,"Sample Product 1938",Cookware,each,177.46,215.64,2.194
IMP-001939,"Sample Product 1939",Storage,box,0.77,229.85,3.906
IMP-001940,"Sample Product 1940",Bolts,pallet,65.68,171.45,0.199
IMP-001941,"Sample Product 1941",Nuts,each,279.93,59.57,2.370
IMP-001942,"Sample Product 1942",Washers,box,213.81,207.45,4.351
IMP-001943,"Sample Product 1943",Screws,pallet,256.90,142.14,3.812
IMP-001944,"Sample Product 1944",Hose,each,380.32,10.12,2.318
IMP-001945,"Sample Product 1945",Fittings,box,262.30,152.26,3.831
IMP-001946,"Sample Product 1946",Valves,pallet,427.86,268.33,4.934
IMP-001947,"Sample Product 1947",Tables,each,104.49,9.57,3.475
IMP-001948,"Sample Product 1948",Cookware,box,136.58,169.39,3.082
IMP-001949,"Sample Product 1949",Storage,pallet,277.99,0.68,3.962
IMP-001950,"Sample Product 1950",Bolts,each,451.13,94.53,0.033
IMP-001951,"Sample Product 1951",Nuts,box,254.53,248.52,2.967
IMP-001952,"Sample Product 1952",Washers,pallet,339.84,44.71,3.891
IMP-001953,"Sample Product 1953",Screws,each,87.16,54.83,4.255
IMP-001954,"Sample Product 1954",Hose,box,354.55,171.76,1.082
IMP-001955,"Sample Product 1955",Fittings,pallet,406.44,216.54,4.201
IMP-001956,"Sample Product 1956",Valves,each,272.69,0.78,4.496
IMP-001957,"Sample Product 1957",Tables,box,157.47,82.95,0.177
IMP-001958,"Sample Product 1958",Cookware,pallet,341.02,118.17,4.865
IMP-001959,"Sample Product 1959",Storage,each,242.18,17.41,0.886
IMP-001883,"Sample Product 1960",Bolts,box,200.78,282.37,3.167
IMP-001961,"Sample Product 1961",Nuts,pallet,42.64,95.75,1.709
IMP-001962,"Sample Product 1962",Washers,each,264.57,258.29,4.862
IMP-001963,"Sample Product 1963",Screws,box,371.00,105.77,2.430
IMP-001964,"Sample Product 1964",Hose,pallet,326.53,207.07,2.615
IMP-001965,"Sample Product 1965",Fittings,each,248.84,73.10,2.742
IMP-001966,"Sample Product 1966",Valves,box,201.97,10.89,4.690
IMP-001967,"Sample Product 1967",Tables,pallet,439.11,167.85,2.432
IMP-001968,"Sample Product 1968",Cookware,each,29.31,168.74,3.716
IMP-001969,"Sample Product 1969",Storage,box,468.44,128.74,2.128
IMP-001970,"Sample Product 1970",Bolts,pallet,238.62,186.63,2.104
IMP-001971,"Sample Product 1971",Nuts,each,381.83,298.54,2.486
IMP-001972,"Sample Product 1972",Washers,box,115.18,78.64,0.815
IMP-001973,"Sample Product 1973",Screws,pallet,36.71,168.87,3.785
IMP-001974,"Sample Product 1974",Hose,each,218.55,113.12,0.196
IMP-001975,"Sample Product 1975",Fittings,box,145.65,81.66,3.505
IMP-001976,"Sample Product 1976",Valves,pallet,201.35,185.59,1.103
IMP-001977,"Sample Product 1977",Tables,each,241.27,92.62,2.604
IMP-001978,"Sample Product 1978",Cookware,box,57.63,22.31,0.381
IMP-001979,"Sample Product 1979",Storage,pallet,382.49,288.83,0.928
IMP-001980,"Sample Product 1980",Bolts,each,363.79,179.80,0.304
IMP-001981,"Sample Product 1981",Nuts,box,244.95,288.67,4.925
IMP-001982,"Sample Product 1982",Washers,pallet,390.90,221.05,1.939
IMP-001983,"Sample Product 1983",Screws,each,225.58,120.49,3.660
IMP-001984,"Sample Product 1984",Hose,box,291.85,11.65,4.279
IMP-001985,"Sample Product 1985",Fittings,pallet,269.23,276.27,4.546
IMP-001986,"Sample Product 1986",Valves,each,190.55,93.97,0.635
IMP-001987,"Sample Product 1987",Tables,box,366.80,87.31,3.512
IMP-001988,"Sample Product 1988",Cookware,pallet,227.81,143.76,0.573
IMP-001989,"Sample Product 1989",Storage,each,168.87,102.12,0.098
IMP-001990,"Sample Product 1990",Bolts,box,389.91,225.13,1.745
IMP-001991,"Sample Product 1991",Nuts,pallet,19.77,16.08,4.084
IMP-001992,"Sample Product 1992",Washers,each,415.07,18.41,3.193
IMP-001993,"Sample Product 1993",Screws,box,432.65,171.84,3.470
IMP-001994,"Sample Product 1994",Hose,pallet,232.36,298.14,0.181
IMP-001995,"Sample Product 1995",Fittings,each,175.31,233.05,1.456
IMP-001996,"Sample Product 1996",Valves,box,421.44,132.19,0.095
IMP-001997,"Sample Product 1997",Tables,pallet,212.07,269.29,2.585
IMP-001998,"Sample Product 1998",Cookware,each,310.75,72.75,1.973
IMP-001999,"Sample Product 1999",Storage,box,364.86,254.84,3.478
IMP-001923,"Sample Product 2000",Bolts,pallet,35.35,26.96,1.802
IMP-002001,"Sample Product 2001",Nuts,each,45.13,132.70,1.586
IMP-002002,"Sample Product 2002",Washers,box,270.21,68.09,1.577
IMP-002003,"Sample Product 2003",Screws,pallet,354.67,244.23,0.617
IMP-002004,"Sample Product 2004",Hose,each,429.72,81.38,0.129
IMP-002005,"Sample Product 2005",Fittings,box,215.13,79.52,4.501
IMP-002006,"Sample Product 2006",Valves,pallet,328.62,97.01,3.957
IMP-002007,"Sample Product 2007",Tables,each,382.48,31.93,2.032
IMP-002008,"Sample Product 2008",Cookware,box,276.66,160.38,4.725
IMP-002009,"Sample Product 2009",Storage,pallet,359.64,14.75,1.802
IMP-002010,"Sample Product 2010",Bolts,each,342.28,37.87,2.868
IMP-002011,"Sample Product 2011",Nuts,box,391.43,138.00,1.613
IMP-002012,"Sample Product 2012",Washers,pallet,61.87,61.38,4.834
IMP-002013,"Sample Product 2013",Screws,each,389.19,44.59,1.008
IMP-002014,"Sample Product 2014",Hose,box,438.93,12.78,4.261
IMP-002015,"Sample Product 2015",Fittings,pallet,287.95,12.06,3.235
IMP-002016,"Sample Product 2016",Valves,each,432.48,44.78,3.910
IMP-002017,"Sample Product 2017",Tables,box,295.50,116.17,0.636
IMP-002018,"Sample Product 2018",Cookware,pallet,191.47,297.95,3.860
IMP-002019,"Sample Product 2019",Storage,each,403.70,293.92,3.799
IMP-002020,"Sample Product 2020",Bolts,box,86.56,150.16,2.555
IMP-002021,"Sample Product 2021",Nuts,pallet,251.57,261.28,4.123
IMP-002022,"Sample Product 2022",Washers,each,304.55,101.61,0.266
IMP-002023,"Sample Product 2023",Screws,box,297.23,27.67,0.950
IMP-002024,"Sample Product 2024",Hose,pallet,307.55,249.67,1.857
IMP-002025,"Sample Product 2025",Fittings,each,273.53,109.02,4.044
IMP-002026,"Sample Product 2026",Valves,box,82.13,132.16,1.236
IMP-002027,"Sample Product 2027",Tables,pallet,242.35,203.75,3.908
IMP-002028,"Sample Product 2028",Cookware,each,152.15,6.62,2.165
IMP-002029,"Sample Product 2029",Storage,box,449.05,280.54,0.464
IMP-002030,"Sample Product 2030",Bolts,pallet,388.75,274.97,2.368
IMP-002031,"Sample Product 2031",Nuts,each,461.12,166.90,1.414
IMP-002032,"Sample Product 2032",Washers,box,163.23,154.88,0.548
IMP-002033,"Sample Product 2033",Screws,pallet,30.32,142.60,2.484
IMP-002034,"Sample Product 2034",Hose,each,321.75,222.33,0.280
IMP-002035,"Sample Product 2035",Fittings,box,304.99,86.44,2.616
IMP-002036,"Sample Product 2036",Valves,pallet,177.98,1.45,3.131
IMP-002037,"Sample Product 2037",Tables,each,471.92,234.78,3.240
IMP-002038,"Sample Product 2038",Cookware,box,248.29,121.02,1.496
IMP-002039,"Sample Product 2039",Storage,pallet,114.57,165.82,1.608
IMP-001963,"Sample Product 2040",Bolts,each,4.26,240.89,1.263
IMP-002041,"Sample Product 2041",Nuts,box,58.44,97.05,3.676
IMP-002042,"Sample Product 2042",Washers,pallet,407.89,87.19,1.311
IMP-002043,"Sample Product 2043",Screws,each,118.69,173.33,3.564
IMP-002044,"Sample Product 2044",Hose,box,131.02,117.40,4.693
IMP-002045,"Sample Product 2045",Fittings,pallet,444.96,172.94,2.053
IMP-002046,"Sample Product 2046",Valves,each,44.14,132.51,1.020
IMP-002047,"Sample Product 2047",Tables,box,457.60,66.56,0.911
IMP-002048,"Sample Product 2048",Cookware,pallet,64.59,77.61,1.953
IMP-002049,"Sample Product 2049",Storage,each,231.00,297.36,3.086
IMP-002050,"Sample Product 2050",Bolts,box,26.84,179.87,2.197
IMP-002051,"Sample Product 2051",Nuts,pallet,337.28,222.54,0.226
IMP-002052,"Sample Product 2052",Washers,each,393.95,252.62,1.208
IMP-002053,"Sample Product 2053",Screws,box,463.17,69.65,2.590
IMP-002054,"Sample Product 2054",Hose,pallet,51.72,57.96,0.614
IMP-002055,"Sample Product 2055",Fittings,each,185.85,133.87,0.919
IMP-002056,"Sample Product 2056",Valves,box,441.53,1.29,2.936
IMP-002057,"Sample Product 2057",Tables,pallet,418.59,242.55,0.741
IMP-002058,"Sample Product 2058",Cookware,each,499.37,137.63,1.411
IMP-002059,"Sample Product 2059",Storage,box,244.53,61.09,1.904
IMP-002060,"Sample Product 2060",Bolts,pallet,375.66,220.56,3.457
IMP-002061,"Sample Product 2061",Nuts,each,240.93,15.14,4.924
IMP-002062,"Sample Product 2062",Washers,box,493.49,278.07,3.232
IMP-002063,"Sample Product 2063",Screws,pallet,14.31,172.55,1.448
IMP-002064,"Sample Product 2064",Hose,each,7.59,69.88,2.449
IMP-002065,"Sample Product 2065",Fittings,box,42.41,144.42,4.871
IMP-002066,"Sample Product 2066",Valves,pallet,210.86,193.85,2.231
IMP-002067,"Sample Product 2067",Tables,each,215.86,62.95,3.576
IMP-002068,"Sample Product 2068",Cookware,box,141.00,201.46,2.064
IMP-002069,"Sample Product 2069",Storage,pallet,247.45,173.26,1.308
IMP-002070,"Sample Product 2070",Bolts,each,450.16,106.02,1.493
IMP-002071,"Sample Product 2071",Nuts,box,160.19,43.35,2.168
IMP-002072,"Sample Product 2072",Washers,pallet,294.68,278.38,2.210
IMP-002073,"Sample Product 2073",Screws,each,257.40,152.69,1.489
IMP-002074,"Sample Product 2074",Hose,box,487.81,276.07,1.243
IMP-002075,"Sample Product 2075",Fittings,pallet,444.84,5.50,3.352
IMP-002076,"Sample Product 2076",Valves,each,440.59,7.26,4.234
IMP-002077,"Sample Product 2077",Tables,box,371.19,107.38,2.809
IMP-002078,"Sample Product 2078",Cookware,pallet,50.21,186.18,3.564
IMP-002079,"Sample Product 2079",Storage,each,97.52,200.98,0.504
IMP-002003,"Sample Product 2080",Bolts,box,246.04,178.93,1.452
IMP-002081,"Sample Product 2081",Nuts,pallet,364.39,21.33,4.850
IMP-002082,"Sample Product 2082",Washers,each,168.37,117.57,3.445
IMP-002083,"Sample Product 2083",Screws,box,360.35,47.45,4.845
IMP-002084,"Sample Product 2084",Hose,pallet,366.01,43.52,1.010
IMP-002085,"Sample Product 2085",Fittings,each,26.33,222.34,3.294
IMP-002086,"Sample Product 2086",Valves,box,458.85,247.45,3.833
IMP-002087,"Sample Product 2087",Tables,pallet,443.54,48.59,4.254
IMP-002088,"Sample Product 2088",Cookware,each,111.39,281.64,2.072
IMP-002089,"Sample Product 2089",Storage,box,280.82,264.04,1.587
IMP-002090,"Sample Product 2090",Bolts,pallet,260.00,59.19,0.305
IMP-002091,"Sample Product 2091",Nuts,each,481.81,217.65,4.758
IMP-002092,"Sample Product 2092",Washers,box,455.83,204.69,0.912
IMP-002093,"Sample Product 2093",Screws,pallet,184.23,162.98,0.948
IMP-002094,"Sample Product 2094",Hose,each,134.36,6.94,3.105
IMP-002095,"Sample Product 2095",Fittings,box,249.41,138.48,2.225
IMP-002096,"Sample Product 2096",Valves,pallet,186.13,39.14,0.023
IMP-002097,"Sample Product 2097",Tables,each,324.52,56.42,3.412
IMP-002098,"Sample Product 2098",Cookware,box,119.13,209.97,0.136
IMP-002099,"Sample Product 2099",Storage,pallet,392.95,130.94,3.557
IMP-002100,"Sample Product 2100",Bolts,each,449.73,201.35,0.423
IMP-002101,"Sample Product 2101",Nuts,box,251.41,80.08,4.894
IMP-002102,"Sample Product 2102",Washers,pallet,349.13,129.86,4.728
IMP-002103,"Sample Product 2103",Screws,each,306.79,31.45,0.086
IMP-002104,"Sample Product 2104",Hose,box,275.64,276.20,4.192
IMP-002105,"Sample Product 2105",Fittings,pallet,278.18,4.89,4.427
IMP-002106,"Sample Product 2106",Valves,each,208.70,132.76,1.789
IMP-002107,"Sample Product 2107",Tables,box,322.89,95.03,1.729
IMP-002108,"Sample Product 2108",Cookware,pallet,251.70,251.00,3.816
IMP-002109,"Sample Product 2109",Storage,each,463.77,278.62,2.235
IMP-002110,"Sample Product 2110",Bolts,box,200.92,169.14,1.087
IMP-002111,"Sample Product 2111",Nuts,pallet,43.02,193.85,0.317
IMP-002112,"Sample Product 2112",Washers,each,5.45,158.34,4.798
IMP-002113,"Sample Product 2113",Screws,box,57.28,242.05,3.673
IMP-002114,"Sample Product 2114",Hose,pallet,283.49,149.75,2.984
IMP-002115,"Sample Product 2115",Fittings,each,493.24,274.71,3.021
IMP-002116,"Sample Product 2116",Valves,box,338.97,184.96,1.343
IMP-002117,"Sample Product 2117",Tables,pallet,3.85,57.33,4.101
IMP-002118,"Sample Product 2118",Cookware,each,419.97,127.54,3.142
IMP-002119,"Sample Product 2119",Storage,box,469.63,116.60,2.769
IMP-002043,"Sample Product 2120",Bolts,pallet,158.23,231.09,3.124
IMP-002121,"Sample Product 2121",Nuts,each,441.51,98.84,0.598
IMP-002122,"Sample Product 2122",Washers,box,135.21,242.95,4.416
IMP-002123,"Sample Product 2123",Screws,pallet,265.11,277.79,3.570
IMP-002124,"Sample Product 2124",Hose,each,400.14,96.48,3.025
IMP-002125,"Sample Product 2125",Fittings,box,68.58,25.42,4.991
IMP-002126,"Sample Product 2126",Valves,pallet,419.33,218.59,3.803
IMP-002127,"Sample Product 2127",Tables,each,62.51,65.74,2.775
IMP-002128,"Sample Product 2128",Cookware,box,395.25,155.46,3.195
IMP-002129,"Sample Product 2129",Storage,pallet,204.78,83.54,2.095
IMP-002130,"Sample Product 2130",Bolts,each,283.44,17.03,1.729
IMP-002131,"Sample Product 2131",Nuts,box,264.00,189.13,4.692
IMP-002132,"Sample Product 2132",Washers,pallet,225.32,107.33,2.430
IMP-002133,"Sample Product 2133",Screws,each,408.36,54.27,1.500
IMP-002134,"Sample Product 2134",Hose,box,39.67,146.05,0.261
IMP-002135,"Sample Product 2135",Fittings,pallet,267.48,14.24,3.084
IMP-002136,"Sample Product 2136",Valves,each,213.29,64.08,3.751
IMP-002137,"Sample Product 2137",Tables,box,318.00,17.92,0.807
IMP-002138,"Sample Product 2138",Cookware,pallet,172.00,219.17,0.492
IMP-002139,"Sample Product 2139",Storage,each,447.05,176.95,4.618
IMP-002140,"Sample Product 2140",Bolts,box,350.65,198.99,0.889
IMP-002141,"Sample Product 2141",Nuts,pallet,6.46,161.54,4.496
IMP-002142,"Sample Product 2142",Washers,each,355.73,61.98,2.904
IMP-002143,"Sample Product 2143",Screws,box,255.27,228.71,3.851
IMP-002144,"Sample Product 2144",Hose,pallet,26.93,79.36,1.934
IMP-002145,"Sample Product 2145",Fittings,each,75.06,276.15,1.823
IMP-002146,"Sample Product 2146",Valves,box,344.22,16.22,2.945
IMP-002147,"Sample Product 2147",Tables,pallet,132.56,147.15,0.784
IMP-002148,"Sample Product 2148",Cookware,each,329.65,29.09,1.479
IMP-002149,"Sample Product 2149",Storage,box,339.92,296.12,4.243
IMP-002150,"Sample Product 2150",Bolts,pallet,496.13,170.38,1.191
IMP-002151,"Sample Product 2151",Nuts,each,134.34,50.72,0.371
IMP-002152,"Sample Product 2152",Washers,box,134.43,72.97,3.748
IMP-002153,"Sample Product 2153",Screws,pallet,124.07,116.52,2.178
IMP-002154,"Sample Product 2154",Hose,each,289.10,283.45,4.574
IMP-002155,"Sample Product 2155",Fittings,box,193.62,187.76,1.718
IMP-002156,"Sample Product 2156",Valves,pallet,452.79,11.22,1.143
IMP-002157,"Sample Product 2157",Tables,each,172.05,182.39,4.609
IMP-002158,"Sample Product 2158",Cookware,box,317.51,134.58,3.581
IMP-002159,"Sample Product 2159",Storage,pallet,488.96,235.62,4.410
IMP-002083,"Sample Product 2160",Bolts,each,456.61,211.70,3.223
IMP-002161,"Sample Product 2161",Nuts,box,243.57,294.99,0.535
IMP-002162,"Sample Product 2162",Washers,pallet,14.19,273.89,3.381
IMP-002163,"Sample Product 2163",Screws,each,47.18,99.50,4.342
IMP-002164,"Sample Product 2164",Hose,box,275.95,94.40,4.933
IMP-002165,"Sample Product 2165",Fittings,pallet,468.10,115.02,2.554
IMP-002166,"Sample Product 2166",Valves,each,32.61,298.75,0.932
IMP-002167,"Sample Product 2167",Tables,box,388.70,256.26,4.019
IMP-002168,"Sample Product 2168",Cookware,pallet,281.35,286.00,2.716
IMP-002169,"Sample Product 2169",Storage,each,326.50,251.13,4.204
IMP-002170,"Sample Product 2170",Bolts,box,44.97,215.35,3.847
IMP-002171,"Sample Product 2171",Nuts,pallet,123.49,109.19,3.551
IMP-002172,"Sample Product 2172",Washers,each,190.47,147.55,4.266
IMP-002173,"Sample Product 2173",Screws,box,8.54,219.07,0.946
IMP-002174,"Sample Product 2174",Hose,pallet,282.11,186.12,2.849
IMP-002175,"Sample Product 2175",Fittings,each,19.95,255.58,1.252
IMP-002176,"Sample Product 2176",Valves,box,271.49,2.97,0.752
IMP-002177,"Sample Product 2177",Tables,pallet,81.38,248.86,0.971
IMP-002178,"Sample Product 2178",Cookware,each,385.36,108.09,3.786
IMP-002179,"Sample Product 2179",Storage,box,74.22,123.32,4.062
IMP-002180,"Sample Product 2180",Bolts,pallet,61.54,14.14,1.752
IMP-002181,"Sample Product 2181",Nuts,each,208.76,32.58,0.385
IMP-002182,"Sample Product 2182",Washers,box,244.00,46.80,0.114
IMP-002183,"Sample Product 2183",Screws,pallet,399.54,110.73,0.817
IMP-002184,"Sample Product 2184",Hose,each,52.59,56.65,4.298
IMP-002185,"Sample Product 2185",Fittings,box,209.04,252.69,1.880
IMP-002186,"Sample Product 2186",Valves,pallet,322.32,236.77,2.338
IMP-002187,"Sample Product 2187",Tables,each,107.02,234.00,2.147
IMP-002188,"Sample Product 2188",Cookware,box,22.41,100.74,0.055
IMP-002189,"Sample Product 2189",Storage,pallet,13.42,201.68,0.376
IMP-002190,"Sample Product 2190",Bolts,each,432.32,285.15,4.955
IMP-002191,"Sample Product 2191",Nuts,box,158.25,299.54,3.082
IMP-002192,"Sample Product 2192",Washers,pallet,358.73,235.08,3.809
IMP-002193,"Sample Product 2193",Screws,each,173.66,122.04,0.323
IMP-002194,"Sample Product 2194",Hose,box,273.67,275.51,1.818
IMP-002195,"Sample Product 2195",Fittings,pallet,428.90,93.03,0.494
IMP-002196,"Sample Product 2196",Valves,each,181.95,109.06,2.237
IMP-002197,"Sample Product 2197",Tables,box,18.33,242.33,2.793
IMP-002198,"Sample Product 2198",Cookware,pallet,140.21,114.86,4.425
IMP-002199,"Sample Product 2199",Storage,each,156.59,240.24,1.625
IMP-002123,"Sample Product 2200",Bolts,box,379.13,283.07,4.980
IMP-002201,"Sample Product 2201",Nuts,pallet,278.07,122.39,3.755
IMP-002202,"Sample Product 2202",Washers,each,301.85,57.71,0.906
IMP-002203,"Sample Product 2203",Screws,box,248.88,180.83,3.581
IMP-002204,"Sample Product 2204",Hose,pallet,272.17,177.72,0.994
IMP-002205,"Sample Product 2205",Fittings,each,45.06,129.23,2.756
IMP-002206,"Sample Product 2206",Valves,box,16.76,208.93,4.672
IMP-002207,"Sample Product 2207",Tables,pallet,217.07,216.99,0.241
IMP-002208,"Sample Product 2208",Cookware,each,390.62,19.84,3.292
IMP-002209,"Sample Product 2209",Storage,box,121.88,87.67,3.959
IMP-002210,"Sample Product 2210",Bolts,pallet,439.07,209.20,0.071
IMP-002211,"Sample Product 2211",Nuts,each,222.54,20.45,1.122
IMP-002212,"Sample Product 2212",Washers,box,93.72,58.53,1.071
IMP-002213,"Sample Product 2213",Screws,pallet,174.33,51.01,0.835
IMP-002214,"Sample Product 2214",Hose,each,139.11,126.76,3.898
IMP-002215,"Sample Product 2215",Fittings,box,396.69,114.43,3.952
IMP-002216,"Sample Product 2216",Valves,pallet,233.56,247.78,0.918
IMP-002217,"Sample Product 2217",Tables,each,102.55,298.30,4.221
IMP-002218,"Sample Product 2218",Cookware,box,335.28,231.83,1.102
IMP-002219,"Sample Product 2219",Storage,pallet,0.99,83.30,4.004
IMP-002220,"Sample Product 2220",Bolts,each,492.54,252.51,1.581
IMP-002221,"Sample Product 2221",Nuts,box,74.55,276.76,0.856
IMP-002222,"Sample Product 2222",Washers,pallet,232.95,73.98,3.759
IMP-002223,"Sample Product 2223",Screws,each,77.95,112.89,0.926
IMP-002224,"Sample Product 2224",Hose,box,346.51,52.55,3.054
IMP-002225,"Sample Product 2225",Fittings,pallet,184.25,64.80,0.324
IMP-002226,"Sample Product 2226",Valves,each,275.51,52.21,4.443
IMP-002227,"Sample Product 2227",Tables,box,135.21,175.75,3.044
IMP-002228,"Sample Product 2228",Cookware,pallet,456.42,162.68,2.398
IMP-002229,"Sample Product 2229",Storage,each,284.45,296.65,1.839
IMP-002230,"Sample Product 2230",Bolts,box,12.58,168.41,4.709
IMP-002231,"Sample Product 2231",Nuts,pallet,402.51,295.45,2.920
IMP-002232,"Sample Product 2232",Washers,each,232.19,296.44,2.315
IMP-002233,"Sample Product 2233",Screws,box,447.80,134.77,0.857
IMP-002234,"Sample Product 2234",Hose,pallet,367.64,196.95,1.766
IMP-002235,"Sample Product 2235",Fittings,each,255.89,239.70,0.652
IMP-002236,"Sample Product 2236",Valves,box,287.05,279.85,1.319
IMP-002237,"Sample Product 2237",Tables,pallet,4.27,165.73,2.634
IMP-002238,"Sample Product 2238",Cookware,each,450.02,289.11,0.283
IMP-002239,"Sample Product 2239",Storage,box,291.73,6.63,1.998
IMP-002163,"Sample Product 2240",Bolts,pallet,231.18,158.91,0.035
IMP-002241,"Sample Product 2241",Nuts,each,247.77,125.58,1.185
IMP-002242,"Sample Product 2242",Washers,box,411.67,119.15,0.384
IMP-002243,"Sample Product 2243",Screws,pallet,30.05,11.68,3.619
IMP-002244,"Sample Product 2244",Hose,each,10.16,160.49,4.928
IMP-002245,"Sample Product 2245",Fittings,box,383.58,60.09,3.758
IMP-002246,"Sample Product 2246",Valves,pallet,140.59,191.90,2.258
IMP-002247,"Sample Product 2247",Tables,each,54.68,219.14,2.238
IMP-002248,"Sample Product 2248",Cookware,box,135.91,119.97,1.379
IMP-002249,"Sample Product 2249",Storage,pallet,460.54,94.54,3.758
IMP-002250,"Sample Product 2250",Bolts,each,200.14,225.55,4.067
IMP-002251,"Sample Product 2251",Nuts,box,180.90,253.06,0.668
IMP-002252,"Sample Product 2252",Washers,pallet,83.32,137.85,2.041
IMP-002253,"Sample Product 2253",Screws,each,375.82,221.96,3.504
IMP-002254,"Sample Product 2254",Hose,box,412.10,31.49,3.343
IMP-002255,"Sample Product 2255",Fittings,pallet,228.80,104.22,0.862
IMP-002256,"Sample Product 2256",Valves,each,301.82,59.26,3.855
IMP-002257,"Sample Product 2257",Tables,box,170.65,207.17,2.345
IMP-002258,"Sample Product 2258",Cookware,pallet,10.30,178.49,4.107
IMP-002259,"Sample Product 2259",Storage,each,154.80,45.43,2.069
IMP-002260,"Sample Product 2260",Bolts,box,328.18,167.44,4.328
IMP-002261,"Sample Product 2261",Nuts,pallet,401.14,282.18,3.060
IMP-002262,"Sample Product 2262",Washers,each,165.05,191.70,3.245
IMP-002263,"Sample Product 2263",Screws,box,132.39,254.92,2.886
IMP-002264,"Sample Product 2264",Hose,pallet,415.76,154.98,4.764
IMP-002265,"Sample Product 2265",Fittings,each,484.52,3.19,3.373
IMP-002266,"Sample Product 2266",Valves,box,135.76,152.72,1.525
IMP-002267,"Sample Product 2267",Tables,pallet,211.44,120.70,3.668
IMP-002268,"Sample Product 2268",Cookware,each,111.51,236.67,4.170
IMP-002269,"Sample Product 2269",Storage,box,144.80,184.45,0.872
IMP-002270,"Sample Product 2270",Bolts,pallet,87.70,73.12,1.622
IMP-002271,"Sample Product 2271",Nuts,each,453.21,46.28,2.323
IMP-002272,"Sample Product 2272",Washers,box,373.26,215.87,4.319
IMP-002273,"Sample Product 2273",Screws,pallet,175.31,111.92,1.753
IMP-002274,"Sample Product 2274",Hose,each,19.03,219.53,4.362
IMP-002275,"Sample Product 2275",Fittings,box,26.93,248.62,3.780
IMP-002276,"Sample Product 2276",Valves,pallet,164.47,247.48,2.077
IMP-002277,"Sample Product 2277",Tables,each,94.21,188.09,1.513
IMP-002278,"Sample Product 2278",Cookware,box,488.02,36.39,2.231
IMP-002279,"Sample Product 2279",Storage,pallet,365.21,268.80,2.294
IMP-002203,"Sample Product 2280",Bolts,each,187.06,290.53,1.331
IMP-002281,"Sample Product 2281",Nuts,box,150.14,289.41,2.135
IMP-002282,"Sample Product 2282",Washers,pallet,182.38,34.32,2.330
IMP-002283,"Sample Product 2283",Screws,each,292.79,101.53,2.255
IMP-002284,"Sample Product 2284",Hose,box,179.26,49.18,2.928
IMP-002285,"Sample Product 2285",Fittings,pallet,323.03,293.37,4.288
IMP-002286,"Sample Product 2286",Valves,each,487.64,126.98,4.554
IMP-002287,"Sample Product 2287",Tables,box,386.23,199.83,4.089
IMP-002288,"Sample Product 2288",Cookware,pallet,246.58,129.20,3.948
IMP-002289,"Sample Product 2289",Storage,each,32.22,36.30,4.557
IMP-002290,"Sample Product 2290",Bolts,box,407.30,71.70,4.128
IMP-002291,"Sample Product 2291",Nuts,pallet,361.92,253.27,2.550
IMP-002292,"Sample Product 2292",Washers,each,384.58,138.24,3.455
IMP-002293,"Sample Product 2293",Screws,box,446.32,260.34,3.122
IMP-002294,"Sample Product 2294",Hose,pallet,223.56,240.57,4.483
IMP-002295,"Sample Product 2295",Fittings,each,407.62,89.55,0.238
IMP-002296,"Sample Product 2296",Valves,box,6.39,219.13,4.825
IMP-002297,"Sample Product 2297",Tables,pallet,350.23,170.40,1.680
IMP-002298,"Sample Product 2298",Cookware,each,375.92,175.87,3.386
IMP-002299,"Sample Product 2299",Storage,box,31.20,225.79,0.453
IMP-002300,"Sample Product 2300",Bolts,pallet,443.23,157.90,2.733
IMP-002301,"Sample Product 2301",Nuts,each,237.25,188.46,2.246
IMP-002302,"Sample Product 2302",Washers,box,455.14,135.07,4.601
IMP-002303,"Sample Product 2303",Screws,pallet,228.15,211.29,4.489
IMP-002304,"Sample Product 2304",Hose,each,326.94,295.75,0.932
IMP-002305,"Sample Product 2305",Fittings,box,288.92,8.72,0.579
IMP-002306,"Sample Product 2306",Valves,pallet,395.61,89.55,1.227
IMP-002307,"Sample Product 2307",Tables,each,111.02,257.55,1.049
IMP-002308,"Sample Product 2308",Cookware,box,290.24,205.62,3.775
IMP-002309,"Sample Product 2309",Storage,pallet,181.27,176.59,4.936
IMP-002310,"Sample Product 2310",Bolts,each,148.96,203.82,3.907
IMP-002311,"Sample Product 2311",Nuts,box,129.99,155.69,1.352
IMP-002312,"Sample Product 2312",Washers,pallet,406.68,158.08,2.276
IMP-002313,"Sample Product 2313",Screws,each,426.94,49.64,4.962
IMP-002314,"Sample Product 2314",Hose,box,69.76,216.70,4.805
IMP-002315,"Sample Product 2315",Fittings,pallet,146.94,15.19,4.169
IMP-002316,"Sample Product 2316",Valves,each,267.86,54.55,3.245
IMP-002317,"Sample Product 2317",Tables,box,84.02,154.01,4.243
IMP-002318,"Sample Product 2318",Cookware,pallet,378.70,239.52,1.054
IMP-002319,"Sample Product 2319",Storage,each,23.64,26.08,0.219
IMP-002243,"Sample Product 2320",Bolts,box,228.85,243.13,1.756
IMP-002321,"Sample Product 2321",Nuts,pallet,2.27,162.43,4.113
IMP-002322,"Sample Product 2322",Washers,each,190.31,113.24,4.316
IMP-002323,"Sample Product 2323",Screws,box,456.56,18.34,3.544
IMP-002324,"Sample Product 2324",Hose,pallet,63.39,28.92,2.550
IMP-002325,"Sample Product 2325",Fittings,each,259.61,194.85,4.847
IMP-002326,"Sample Product 2326",Valves,box,381.64,142.58,0.250
IMP-002327,"Sample Product 2327",Tables,pallet,498.61,198.37,4.903
IMP-002328,"Sample Product 2328",Cookware,each,281.28,298.44,2.071
IMP-002329,"Sample Product 2329",Storage,box,310.78,92.59,4.908
IMP-002330,"Sample Product 2330",Bolts,pallet,446.40,258.91,0.083
IMP-002331,"Sample Product 2331",Nuts,each,117.26,73.42,4.495
IMP-002332,"Sample Product 2332",Washers,box,270.38,269.26,1.413
IMP-002333,"Sample Product 2333",Screws,pallet,267.33,289.33,2.167
IMP-002334,"Sample Product 2334",Hose,each,126.72,137.89,3.304
IMP-002335,"Sample Product 2335",Fittings,box,326.53,44.75,2.555
IMP-002336,"Sample Product 2336",Valves,pallet,181.19,179.40,3.427
IMP-002337,"Sample Product 2337",Tables,each,202.48,206.48,4.806
IMP-002338,"Sample Product 2338",Cookware,box,416.18,211.73,1.691
IMP-002339,"Sample Product 2339",Storage,pallet,354.30,290.15,0.420
IMP-002340,"Sample Product 2340",Bolts,each,328.05,45.82,2.937
IMP-002341,"Sample Product 2341",Nuts,box,9.74,289.47,2.394
IMP-002342,"Sample Product 2342",Washers,pallet,191.56,153.92,3.769
IMP-002343,"Sample Product 2343",Screws,each,98.08,251.17,0.078
IMP-002344,"Sample Product 2344",Hose,box,412.38,2.96,4.713
IMP-002345,"Sample Product 2345",Fittings,pallet,464.71,108.51,3.334
IMP-002346,"Sample Product 2346",Valves,each,86.28,145.96,0.170
IMP-002347,"Sample Product 2347",Tables,box,116.68,73.89,1.764
IMP-002348,"Sample Product 2348",Cookware,pallet,34.25,62.36,0.430
IMP-002349,"Sample Product 2349",Storage,each,191.58,139.89,1.798
IMP-002350,"Sample Product 2350",Bolts,box,211.41,245.68,3.246
IMP-002351,"Sample Product 2351",Nuts,pallet,440.00,139.87,1.169
IMP-002352,"Sample Product 2352",Washers,each,135.26,23.77,3.386
IMP-002353,"Sample Product 2353",Screws,box,165.93,148.07,2.750
IMP-002354,"Sample Product 2354",Hose,pallet,489.58,119.65,4.549
IMP-002355,"Sample Product 2355",Fittings,each,46.89,70.08,4.656
IMP-002356,"Sample Product 2356",Valves,box,80.24,206.93,4.408
IMP-002357,"Sample Product 2357",Tables,pallet,69.35,9.16,3.683
IMP-002358,"Sample Product 2358",Cookware,each,63.24,133.57,4.500
IMP-002359,"Sample Product 2359",Storage,box,353.92,122.58,2.961
IMP-002283,"Sample Product 2360",Bolts,pallet,286.77,182.75,1.343
IMP-002361,"Sample Product 2361",Nuts,each,468.58,163.68,2.053
IMP-002362,"Sample Product 2362",Washers,box,386.72,200.72,2.885
IMP-002363,"Sample Product 2363",Screws,pallet,350.57,55.41,2.776
IMP-002364,"Sample Product 2364",Hose,each,252.61,133.38,0.093
IMP-002365,"Sample Product 2365",Fittings,box,234.15,138.70,3.604
IMP-002366,"Sample Product 2366",Valves,pallet,211.27,210.91,2.780
IMP-002367,"Sample Product 2367",Tables,each,112.15,295.59,3.127
IMP-002368,"Sample Product 2368",Cookware,box,9.99,46.56,1.482
IMP-002369,"Sample Product 2369",Storage,pallet,120.19,272.89,4.898
IMP-002370,"Sample Product 2370",Bolts,each,329.29,138.24,3.951
IMP-002371,"Sample Product 2371",Nuts,box,182.09,135.54,1.402
IMP-002372,"Sample Product 2372",Washers,pallet,36.21,163.67,4.692
IMP-002373,"Sample Product 2373",Screws,each,490.86,35.79,0.215
IMP-002374,"Sample Product 2374",Hose,box,445.87,252.69,1.734
IMP-002375,"Sample Product 2375",Fittings,pallet,218.66,129.01,2.616
IMP-002376,"Sample Product 2376",Valves,each,404.04,112.67,2.396
IMP-002377,"Sample Product 2377",Tables,box,33.26,241.59,3.434
IMP-002378,"Sample Product 2378",Cookware,pallet,475.94,124.92,4.729
IMP-002379,"Sample Product 2379",Storage,each,176.35,1.05,3.005
IMP-002380,"Sample Product 2380",Bolts,box,25.26,23.77,0.219
IMP-002381,"Sample Product 2381",Nuts,pallet,477.21,200.40,1.254
IMP-002382,"Sample Product 2382",Washers,each,189.15,252.20,4.976
IMP-002383,"Sample Product 2383",Screws,box,468.63,82.26,2.696
IMP-002384,"Sample Product 2384",Hose,pallet,387.57,275.27,4.745
IMP-002385,"Sample Product 2385",Fittings,each,299.80,168.88,2.811
IMP-002386,"Sample Product 2386",Valves,box,14.70,255.89,4.877
IMP-002387,"Sample Product 2387",Tables,pallet,180.01,138.68,2.282
IMP-002388,"Sample Product 2388",Cookware,each,177.67,273.85,2.466
IMP-002389,"Sample Product 2389",Storage,box,494.23,171.18,0.856
IMP-002390,"Sample Product 2390",Bolts,pallet,134.54,26.76,0.274
IMP-002391,"Sample Product 2391",Nuts,each,109.45,66.23,3.072
IMP-002392,"Sample Product 2392",Washers,box,452.29,99.64,0.403
IMP-002393,"Sample Product 2393",Screws,pallet,294.48,6.49,3.094
IMP-002394,"Sample Product 2394",Hose,each,402.48,172.87,4.889
IMP-002395,"Sample Product 2395",Fittings,box,333.18,238.98,1.607
IMP-002396,"Sample Product 2396",Valves,pallet,159.78,190.98,3.801
IMP-002397,"Sample Product 2397",Tables,each,163.22,178.77,0.679
IMP-002398,"Sample Product 2398",Cookware,box,261.22,251.65,2.403
IMP-002399,"Sample Product 2399",Storage,pallet,3.99,237.58,4.209
IMP-002323,"Sample Product 2400",Bolts,each,80.69,51.30,2.181
IMP-002401,"Sample Product 2401",Nuts,box,452.40,224.50,4.417
IMP-002402,"Sample Product 2402",Washers,pallet,302.11,147.69,1.386
IMP-002403,"Sample Product 2403",Screws,each,329.13,198.63,2.953
IMP-002404,"Sample Product 2404",Hose,box,420.31,18.61,4.833
IMP-002405,"Sample Product 2405",Fittings,pallet,250.88,265.57,4.808
IMP-002406,"Sample Product 2406",Valves,each,429.20,292.10,4.262
IMP-002407,"Sample Product 2407",Tables,box,420.47,189.00,0.175
IMP-002408,"Sample Product 2408",Cookware,pallet,319.05,131.31,0.613
IMP-002409,"Sample Product 2409",Storage,each,29.54,55.30,1.281
IMP-002410,"Sample Product 2410",Bolts,box,167.99,73.52,2.873
IMP-002411,"Sample Product 2411",Nuts,pallet,345.56,44.29,2.893
IMP-002412,"Sample Product 2412",Washers,each,291.59,239.43,0.084
IMP-002413,"Sample Product 2413",Screws,box,478.39,293.16,3.568
IMP-002414,"Sample Product 2414",Hose,pallet,449.29,163.78,2.459
IMP-002415,"Sample Product 2415",Fittings,each,493.95,14.83,2.586
IMP-002416,"Sample Product 2416",Valves,box,140.79,54.12,2.177
IMP-002417,"Sample Product 2417",Tables,pallet,476.75,281.11,1.016
IMP-002418,"Sample Product 2418",Cookware,each,108.50,114.03,4.496
IMP-002419,"Sample Product 2419",Storage,box,242.14,270.62,4.740
IMP-002420,"Sample Product 2420",Bolts,pallet,304.83,19.33,3.164
IMP-002421,"Sample Product 2421",Nuts,each,242.11,121.87,3.188
IMP-002422,"Sample Product 2422",Washers,box,85.80,194.15,1.495
IMP-002423,"Sample Product 2423",Screws,pallet,84.64,292.87,1.151
IMP-002424,"Sample Product 2424",Hose,each,119.38,266.06,2.205
IMP-002425,"Sample Product 2425",Fittings,box,141.56,217.47,0.462
IMP-002426,"Sample Product 2426",Valves,pallet,113.22,43.08,1.916
IMP-002427,"Sample Product 2427",Tables,each,218.18,1.31,3.054
IMP-002428,"Sample Product 2428",Cookware,box,137.29,87.07,4.935
IMP-002429,"Sample Product 2429",Storage,pallet,483.64,226.07,0.241
IMP-002430,"Sample Product 2430",Bolts,each,405.87,217.92,1.513
IMP-002431,"Sample Product 2431",Nuts,box,382.96,246.45,2.719
IMP-002432,"Sample Product 2432",Washers,pallet,80.88,49.30,0.624
IMP-002433,"Sample Product 2433",Screws,each,51.21,58.28,2.118
IMP-002434,"Sample Product 2434",Hose,box,488.06,130.01,1.132
IMP-002435,"Sample Product 2435",Fittings,pallet,218.00,282.94,4.242
IMP-002436,"Sample Product 2436",Valves,each,475.25,215.33,4.919
IMP-002437,"Sample Product 2437",Tables,box,421.51,168.51,1.596
IMP-002438,"Sample Product 2438",Cookware,pallet,261.67,209.34,0.824
IMP-002439,"Sample Product 2439",Storage,each,7.23,178.03,3.531
IMP-002363,"Sample Product 2440",Bolts,box,441.76,2.69,4.169
IMP-002441,"Sample Product 2441",Nuts,pallet,245.87,241.07,2.367
IMP-002442,"Sample Product 2442",Washers,each,34.21,183.62,4.548
IMP-002443,"Sample Product 2443",Screws,box,486.26,68.15,1.203
IMP-002444,"Sample Product 2444",Hose,pallet,44.49,47.83,4.380
IMP-002445,"Sample Product 2445",Fittings,each,422.97,91.94,0.911
IMP-002446,"Sample Product 2446",Valves,box,354.85,100.20,4.131
IMP-002447,"Sample Product 2447",Tables,pallet,384.86,184.40,1.686
IMP-002448,"Sample Product 2448",Cookware,each,443.68,4.93,4.502
IMP-002449,"Sample Product 2449",Storage,box,440.79,117.44,1.132
IMP-002450,"Sample Product 2450",Bolts,pallet,73.02,81.19,3.972
IMP-002451,"Sample Product 2451",Nuts,each,299.85,238.69,3.769
IMP-002452,"Sample Product 2452",Washers,box,306.17,265.86,2.832
IMP-002453,"Sample Product 2453",Screws,pallet,188.42,153.79,2.013
IMP-002454,"Sample Product 2454",Hose,each,190.03,202.50,0.732
IMP-002455,"Sample Product 2455",Fittings,box,149.95,119.01,3.817
IMP-002456,"Sample Product 2456",Valves,pallet,404.98,96.75,1.436
IMP-002457,"Sample Product 2457",Tables,each,356.13,210.45,2.836
IMP-002458,"Sample Product 2458",Cookware,box,105.17,223.61,1.413
IMP-002459,"Sample Product 2459",Storage,pallet,182.87,147.03,1.185
IMP-002460,"Sample Product 2460",Bolts,each,324.15,45.95,3.348
IMP-002461,"Sample Product 2461",Nuts,box,70.67,72.09,3.648
IMP-002462,"Sample Product 2462",Washers,pallet,140.57,152.24,0.521
IMP-002463,"Sample Product 2463",Screws,each,89.83,50.83,0.256
IMP-002464,"Sample Product 2464",Hose,box,101.01,136.61,3.275
IMP-002465,"Sample Product 2465",Fittings,pallet,382.39,299.13,3.657
IMP-002466,"Sample Product 2466",Valves,each,169.33,237.09,2.700
IMP-002467,"Sample Product 2467",Tables,box,218.83,151.72,2.612
IMP-002468,"Sample Product 2468",Cookware,pallet,170.82,278.64,3.704
IMP-002469,"Sample Product 2469",Storage,each,133.23,283.06,2.732
IMP-002470,"Sample Product 2470",Bolts,box,390.61,118.85,4.107
IMP-002471,"Sample Product 2471",Nuts,pallet,292.66,125.72,4.375
IMP-002472,"Sample Product 2472",Washers,each,480.06,40.69,4.327
IMP-002473,"Sample Product 2473",Screws,box,123.03,298.42,0.332
IMP-002474,"Sample Product 2474",Hose,pallet,164.93,174.04,3.236
IMP-002475,"Sample Product 2475",Fittings,each,296.53,157.31,3.505
IMP-002476,"Sample Product 2476",Valves,box,282.75,118.39,0.365
IMP-002477,"Sample Product 2477",Tables,pallet,407.39,48.32,0.798
IMP-002478,"Sample Product 2478",Cookware,each,348.44,149.75,4.959
IMP-002479,"Sample Product 2479",Storage,box,376.41,209.13,3.167
IMP-002403,"Sample Product 2480",Bolts,pallet,243.27,116.61,3.219
IMP-002481,"Sample Product 2481",Nuts,each,212.78,244.86,3.334
IMP-002482,"Sample Product 2482",Washers,box,259.46,281.27,2.873
IMP-002483,"Sample Product 2483",Screws,pallet,70.76,281.31,3.971
IMP-002484,"Sample Product 2484",Hose,each,31.30,228.69,2.579
IMP-002485,"Sample Product 2485",Fittings,box,433.81,73.86,4.922
IMP-002486,"Sample Product 2486",Valves,pallet,50.35,68.21,2.149
IMP-002487,"Sample Product 2487",Tables,each,479.04,193.77,1.698
IMP-002488,"Sample Product 2488",Cookware,box,383.03,239.24,1.001
IMP-002489,"Sample Product 2489",Storage,pallet,79.23,134.99,1.416
IMP-002490,"Sample Product 2490",Bolts,each,486.17,33.06,3.406
IMP-002491,"Sample Product 2491",Nuts,box,70.24,196.96,1.744
IMP-002492,"Sample Product 2492",Washers,pallet,326.23,218.82,0.126
IMP-002493,"Sample Product 2493",Screws,each,467.52,132.77,1.130
IMP-002494,"Sample Product 2494",Hose,box,382.07,48.38,1.052
IMP-002495,"Sample Product 2495",Fittings,pallet,397.12,49.41,1.521
IMP-002496,"Sample Product 2496",Valves,each,334.47,65.71,0.327
IMP-002497,"Sample Product 2497",Tables,box,386.26,85.62,2.321
IMP-002498,"Sample Product 2498",Cookware,pallet,363.38,154.98,0.104
IMP-002499,"Sample Product 2499",Storage,each,133.47,246.40,2.899
IMP-002500,"Sample Product 2500",Bolts,box,481.23,132.91,3.514
IMP-002501,"Sample Product 2501",Nuts,pallet,31.92,114.76,4.906
IMP-002502,"Sample Product 2502",Washers,each,389.10,294.17,4.328
IMP-002503,"Sample Product 2503",Screws,box,182.58,161.52,4.560
IMP-002504,"Sample Product 2504",Hose,pallet,491.81,105.21,0.107
IMP-002505,"Sample Product 2505",Fittings,each,35.37,42.19,0.994
IMP-002506,"Sample Product 2506",Valves,box,310.70,241.80,1.901
IMP-002507,"Sample Product 2507",Tables,pallet,48.73,164.74,4.325
IMP-002508,"Sample Product 2508",Cookware,each,386.01,143.79,1.628
IMP-002509,"Sample Product 2509",Storage,box,225.45,189.78,3.781
IMP-002510,"Sample Product 2510",Bolts,pallet,433.41,143.11,2.915
IMP-002511,"Sample Product 2511",Nuts,each,432.53,243.44,1.148
IMP-002512,"Sample Product 2512",Washers,box,429.27,15.24,4.861
IMP-002513,"Sample Product 2513",Screws,pallet,405.77,240.07,4.067
IMP-002514,"Sample Product 2514",Hose,each,318.28,291.47,2.051
IMP-002515,"Sample Product 2515",Fittings,box,369.15,97.10,4.010
IMP-002516,"Sample Product 2516",Valves,pallet,385.03,38.57,4.372
IMP-002517,"Sample Product 2517",Tables,each,304.79,45.41,2.459
IMP-002518,"Sample Product 2518",Cookware,box,465.63,128.05,4.844
IMP-002519,"Sample Product 2519",Storage,pallet,239.31,184.92,1.333
IMP-002443,"Sample Product 2520",Bolts,each,94.86,89.30,3.531
IMP-002521,"Sample Product 2521",Nuts,box,268.33,155.26,0.236
IMP-002522,"Sample Product 2522",Washers,pallet,92.80,259.77,3.419
IMP-002523,"Sample Product 2523",Screws,each,141.35,240.78,0.841
IMP-002524,"Sample Product 2524",Hose,box,12.52,100.39,1.563
IMP-002525,"Sample Product 2525",Fittings,pallet,66.59,227.95,4.918
IMP-002526,"Sample Product 2526",Valves,each,153.73,217.54,1.129
IMP-002527,"Sample Product 2527",Tables,box,164.94,232.20,1.439
IMP-002528,"Sample Product 2528",Cookware,pallet,101.28,34.43,2.715
IMP-002529,"Sample Product 2529",Storage,each,389.04,275.50,0.194
IMP-002530,"Sample Product 2530",Bolts,box,461.55,208.27,3.524
IMP-002531,"Sample Product 2531",Nuts,pallet,354.51,7.91,0.454
IMP-002532,"Sample Product 2532",Washers,each,195.23,16.17,4.683
IMP-002533,"Sample Product 2533",Screws,box,178.24,151.06,3.602
IMP-002534,"Sample Product 2534",Hose,pallet,92.08,42.10,0.928
IMP-002535,"Sample Product 2535",Fittings,each,471.18,17.46,2.230
IMP-002536,"Sample Product 2536",Valves,box,185.85,193.82,1.250
IMP-002537,"Sample Product 2537",Tables,pallet,386.19,41.82,2.187
IMP-002538,"Sample Product 2538",Cookware,each,249.09,146.24,2.556
IMP-002539,"Sample Product 2539",Storage,box,435.58,261.40,4.016
IMP-002540,"Sample Product 2540",Bolts,pallet,204.29,194.28,2.441
IMP-002541,"Sample Product 2541",Nuts,each,101.69,271.41,4.004
IMP-002542,"Sample Product 2542",Washers,box,450.94,208.23,2.870
IMP-002543,"Sample Product 2543",Screws,pallet,36.26,236.27,0.954
IMP-002544,"Sample Product 2544",Hose,each,243.63,157.87,1.341
IMP-002545,"Sample Product 2545",Fittings,box,43.78,293.85,3.563
IMP-002546,"Sample Product 2546",Valves,pallet,167.41,265.70,0.014
IMP-002547,"Sample Product 2547",Tables,each,76.02,224.09,4.230
IMP-002548,"Sample Product 2548",Cookware,box,352.74,262.46,1.385
IMP-002549,"Sample Product 2549",Storage,pallet,212.25,231.95,2.956
IMP-002550,"Sample Product 2550",Bolts,each,12.27,166.19,1.327
IMP-002551,"Sample Product 2551",Nuts,box,168.76,269.55,1.043
IMP-002552,"Sample Product 2552",Washers,pallet,221.53,60.67,2.941
IMP-002553,"Sample Product 2553",Screws,each,462.68,24.03,2.947
IMP-002554,"Sample Product 2554",Hose,box,391.22,224.20,2.169
IMP-002555,"Sample Product 2555",Fittings,pallet,115.13,219.12,0.803
IMP-002556,"Sample Product 2556",Valves,each,278.30,256.60,2.995
IMP-002557,"Sample Product 2557",Tables,box,170.98,195.42,0.861
IMP-002558,"Sample Product 2558",Cookware,pallet,178.81,70.14,2.388
IMP-002559,"Sample Product 2559",Storage,each,376.48,23.76,1.555
IMP-002483,"Sample Product 2560",Bolts,box,365.45,131.88,1.886
IMP-002561,"Sample Product 2561",Nuts,pallet,345.62,246.13,3.801
IMP-002562,"Sample Product 2562",Washers,each,471.84,210.98,2.669
IMP-002563,"Sample Product 2563",Screws,box,67.38,135.74,4.345
IMP-002564,"Sample Product 2564",Hose,pallet,42.22,29.00,2.850
IMP-002565,"Sample Product 2565",Fittings,each,57.01,101.14,1.859
IMP-002566,"Sample Product 2566",Valves,box,164.66,68.42,0.132
IMP-002567,"Sample Product 2567",Tables,pallet,125.67,29.16,2.595
IMP-002568,"Sample Product 2568",Cookware,each,406.18,77.03,4.198
IMP-002569,"Sample Product 2569",Storage,box,459.99,141.80,3.226
IMP-002570,"Sample Product 2570",Bolts,pallet,489.77,71.69,1.864
IMP-002571,"Sample Product 2571",Nuts,each,35.36,232.46,0.086
IMP-002572,"Sample Product 2572",Washers,box,394.47,36.41,1.391
IMP-002573,"Sample Product 2573",Screws,pallet,201.04,23.43,3.525
IMP-002574,"Sample Product 2574",Hose,each,150.16,131.10,0.765
IMP-002575,"Sample Product 2575",Fittings,box,67.05,179.23,0.766
IMP-002576,"Sample Product 2576",Valves,pallet,16.95,249.14,3.325
IMP-002577,"Sample Product 2577",Tables,each,153.46,283.41,3.077
IMP-002578,"Sample Product 2578",Cookware,box,491.13,206.83,3.174
IMP-002579,"Sample Product 2579",Storage,pallet,312.54,127.45,1.259
IMP-002580,"Sample Product 2580",Bolts,each,375.23,50.57,1.055
IMP-002581,"Sample Product 2581",Nuts,box,51.71,51.63,2.164
IMP-002582,"Sample Product 2582",Washers,pallet,258.51,89.04,3.297
IMP-002583,"Sample Product 2583",Screws,each,170.27,107.48,0.059
IMP-002584,"Sample Product 2584",Hose,box,34.43,56.57,1.120
IMP-002585,"Sample Product 2585",Fittings,pallet,94.45,67.36,3.022
IMP-002586,"Sample Product 2586",Valves,each,463.83,50.56,0.806
IMP-002587,"Sample Product 2587",Tables,box,104.28,287.25,0.360
IMP-002588,"Sample Product 2588",Cookware,pallet,420.98,84.69,1.615
IMP-002589,"Sample Product 2589",Storage,each,13.98,15.84,2.390
IMP-002590,"Sample Product 2590",Bolts,box,304.37,123.49,4.216
IMP-002591,"Sample Product 2591",Nuts,pallet,417.10,35.76,2.376
IMP-002592,"Sample Product 2592",Washers,each,455.40,227.19,4.807
IMP-002593,"Sample Product 2593",Screws,box,17.61,45.75,1.252
IMP-002594,"Sample Product 2594",Hose,pallet,432.97,271.11,3.332
IMP-002595,"Sample Product 2595",Fittings,each,36.94,188.37,3.758
IMP-002596,"Sample Product 2596",Valves,box,19.16,208.15,2.079
IMP-002597,"Sample Product 2597",Tables,pallet,141.50,122.62,3.998
IMP-002598,"Sample Product 2598",Cookware,each,396.25,258.61,3.923
IMP-002599,"Sample Product 2599",Storage,box,141.98,24.68,4.903
IMP-002523,"Sample Product 2600",Bolts,pallet,16.72,298.21,0.428
IMP-002601,"Sample Product 2601",Nuts,each,493.22,269.35,1.156
IMP-002602,"Sample Product 2602",Washers,box,159.37,257.00,4.486
IMP-002603,"Sample Product 2603",Screws,pallet,411.06,235.82,1.178
IMP-002604,"Sample Product 2604",Hose,each,142.77,282.62,4.080
IMP-002605,"Sample Product 2605",Fittings,box,0.76,186.93,2.147
IMP-002606,"Sample Product 2606",Valves,pallet,443.83,170.36,0.710
IMP-002607,"Sample Product 2607",Tables,each,180.31,72.98,2.000
IMP-002608,"Sample Product 2608",Cookware,box,34.46,177.62,4.001
IMP-002609,"Sample Product 2609",Storage,pallet,174.98,145.47,1.445
IMP-002610,"Sample Product 2610",Bolts,each,392.19,65.21,4.107
IMP-002611,"Sample Product 2611",Nuts,box,251.16,38.24,3.864
IMP-002612,"Sample Product 2612",Washers,pallet,226.68,193.40,0.527
IMP-002613,"Sample Product 2613",Screws,each,448.93,7.82,1.984
IMP-002614,"Sample Product 2614",Hose,box,231.92,37.43,1.311
IMP-002615,"Sample Product 2615",Fittings,pallet,448.83,267.77,0.913
IMP-002616,"Sample Product 2616",Valves,each,283.02,5.58,2.500
IMP-002617,"Sample Product 2617",Tables,box,400.64,67.70,1.867
IMP-002618,"Sample Product 2618",Cookware,pallet,97.46,72.25,0.098
IMP-002619,"Sample Product 2619",Storage,each,258.60,62.79,1.315
IMP-002620,"Sample Product 2620",Bolts,box,234.12,158.55,1.228
IMP-002621,"Sample Product 2621",Nuts,pallet,419.50,261.88,0.580
IMP-002622,"Sample Product 2622",Washers,each,297.56,44.96,4.950
IMP-002623,"Sample Product 2623",Screws,box,209.07,64.54,3.655
IMP-002624,"Sample Product 2624",Hose,pallet,315.68,125.36,2.657
IMP-002625,"Sample Product 2625",Fittings,each,455.00,298.59,3.031
IMP-002626,"Sample Product 2626",Valves,box,176.84,104.39,1.354
IMP-002627,"Sample Product 2627",Tables,pallet,480.85,111.05,4.389
IMP-002628,"Sample Product 2628",Cookware,each,304.15,121.24,1.505
IMP-002629,"Sample Product 2629",Storage,box,80.18,206.05,4.994
IMP-002630,"Sample Product 2630",Bolts,pallet,238.73,273.28,4.197
IMP-002631,"Sample Product 2631",Nuts,each,366.48,25.47,4.883
IMP-002632,"Sample Product 2632",Washers,box,94.37,264.87,4.858
IMP-002633,"Sample Product 2633",Screws,pallet,493.13,235.31,4.685
IMP-002634,"Sample Product 2634",Hose,each,372.57,197.38,0.730
IMP-002635,"Sample Product 2635",Fittings,box,300.92,49.34,3.686
IMP-002636,"Sample Product 2636",Valves,pallet,445.93,4.05,2.961
IMP-002637,"Sample Product 2637",Tables,each,215.57,241.46,1.967
IMP-002638,"Sample Product 2638",Cookware,box,227.31,187.92,2.215
IMP-002639,"Sample Product 2639",Storage,pallet,165.69,129.74,2.791
IMP-002563,"Sample Product 2640",Bolts,each,108.80,54.87,1.427
IMP-002641,"Sample Product 2641",Nuts,box,309.24,149.41,0.576
IMP-002642,"Sample Product 2642",Washers,pallet,134.55,67.60,4.487
IMP-002643,"Sample Product 2643",Screws,each,366.35,210.43,3.928
IMP-002644,"Sample Product 2644",Hose,box,251.29,119.63,2.470
IMP-002645,"Sample Product 2645",Fittings,pallet,473.57,140.83,2.996
IMP-002646,"Sample Product 2646",Valves,each,381.13,137.70,0.143
IMP-002647,"Sample Product 2647",Tables,box,194.65,293.36,0.502
IMP-002648,"Sample Product 2648",Cookware,pallet,282.37,111.56,3.048
IMP-002649,"Sample Product 2649",Storage,each,465.16,225.30,2.839
IMP-002650,"Sample Product 2650",Bolts,box,85.23,211.54,2.755
IMP-002651,"Sample Product 2651",Nuts,pallet,67.15,134.38,0.261
IMP-002652,"Sample Product 2652",Washers,each,118.00,251.94,1.634
IMP-002653,"Sample Product 2653",Screws,box,445.29,173.17,0.702
IMP-002654,"Sample Product 2654",Hose,pallet,397.91,238.73,4.362
IMP-002655,"Sample Product 2655",Fittings,each,419.20,76.08,1.157
IMP-002656,"Sample Product 2656",Valves,box,171.77,280.63,4.312
IMP-002657,"Sample Product 2657",Tables,pallet,268.38,209.95,3.979
IMP-002658,"Sample Product 2658",Cookware,each,129.81,151.78,0.611
IMP-002659,"Sample Product 2659",Storage,box,401.68,232.23,1.917
IMP-002660,"Sample Product 2660",Bolts,pallet,51.76,254.30,4.409
IMP-002661,"Sample Product 2661",Nuts,each,414.81,100.15,2.476
IMP-002662,"Sample Product 2662",Washers,box,41.42,212.01,1.480
IMP-002663,"Sample Product 2663",Screws,pallet,400.41,152.80,3.614
IMP-002664,"Sample Product 2664",Hose,each,228.87,98.55,3.124
IMP-002665,"Sample Product 2665",Fittings,box,315.81,178.63,0.564
IMP-002666,"Sample Product 2666",Valves,pallet,242.55,85.47,3.152
IMP-002667,"Sample Product 2667",Tables,each,51.31,201.73,3.277
IMP-002668,"Sample Product 2668",Cookware,box,279.01,262.85,1.872
IMP-002669,"Sample Product 2669",Storage,pallet,455.29,165.22,0.289
IMP-002670,"Sample Product 2670",Bolts,each,227.09,127.55,4.385
IMP-002671,"Sample Product 2671",Nuts,box,275.34,49.04,4.137
IMP-002672,"Sample Product 2672",Washers,pallet,325.70,279.09,1.508
IMP-002673,"Sample Product 2673",Screws,each,482.96,264.20,4.416
IMP-002674,"Sample Product 2674",Hose,box,410.71,168.78,3.218
IMP-002675,"Sample Product 2675",Fittings,pallet,198.48,263.67,2.704
IMP-002676,"Sample Product 2676",Valves,each,352.01,122.29,2.672
IMP-002677,"Sample Product 2677",Tables,box,98.01,232.10,1.851
IMP-002678,"Sample Product 2678",Cookware,pallet,230.12,184.35,2.617
IMP-002679,"Sample Product 2679",Storage,each,415.79,242.62,2.596
IMP-002603,"Sample Product 2680",Bolts,box,435.78,283.13,1.029
IMP-002681,"Sample Product 2681",Nuts,pallet,125.66,41.27,1.636
IMP-002682,"Sample Product 2682",Washers,each,347.03,44.62,3.811
IMP-002683,"Sample Product 2683",Screws,box,388.14,179.23,3.891
IMP-002684,"Sample Product 2684",Hose,pallet,81.95,122.70,2.257
IMP-002685,"Sample Product 2685",Fittings,each,400.12,105.27,3.803
IMP-002686,"Sample Product 2686",Valves,box,309.52,160.18,1.025
IMP-002687,"Sample Product 2687",Tables,pallet,189.87,6.66,3.671
IMP-002688,"Sample Product 2688",Cookware,each,65.66,222.56,2.306
IMP-002689,"Sample Product 2689",Storage,box,210.44,285.30,0.180
IMP-002690,"Sample Product 2690",Bolts,pallet,31.06,240.28,4.338
IMP-002691,"Sample Product 2691",Nuts,each,138.89,219.53,0.961
IMP-002692,"Sample Product 2692",Washers,box,73.17,36.08,1.551
IMP-002693,"Sample Product 2693",Screws,pallet,270.61,257.69,2.119
IMP-002694,"Sample Product 2694",Hose,each,483.82,107.97,3.322
IMP-002695,"Sample Product 2695",Fittings,box,223.90,53.67,3.518
IMP-002696,"Sample Product 2696",Valves,pallet,134.01,99.26,4.974
IMP-002697,"Sample Product 2697",Tables,each,63.26,219.92,4.354
IMP-002698,"Sample Product 2698",Cookware,box,99.85,82.22,1.210
IMP-002699,"Sample Product 2699",Storage,pallet,428.70,56.04,2.962
IMP-002700,"Sample Product 2700",Bolts,each,189.82,240.74,0.038
IMP-002701,"Sample Product 2701",Nuts,box,87.26,202.53,1.701
IMP-002702,"Sample Product 2702",Washers,pallet,155.12,276.74,1.486
IMP-002703,"Sample Product 2703",Screws,each,238.32,105.72,3.209
IMP-002704,"Sample Product 2704",Hose,box,70.34,66.46,2.695
IMP-002705,"Sample Product 2705",Fittings,pallet,343.63,27.57,2.381
IMP-002706,"Sample Product 2706",Valves,each,85.76,228.62,0.520
IMP-002707,"Sample Product 2707",Tables,box,98.58,101.21,1.502
IMP-002708,"Sample Product 2708",Cookware,pallet,463.36,179.07,1.642
IMP-002709,"Sample Product 2709",Storage,each,449.23,30.61,1.506
IMP-002710,"Sample Product 2710",Bolts,box,45.89,155.78,1.181
IMP-002711,"Sample Product 2711",Nuts,pallet,287.01,190.20,2.293
IMP-002712,"Sample Product 2712",Washers,each,378.49,298.81,1.132
IMP-002713,"Sample Product 2713",Screws,box,113.35,178.20,2.045
IMP-002714,"Sample Product 2714",Hose,pallet,39.61,226.56,3.350
IMP-002715,"Sample Product 2715",Fittings,each,122.00,117.17,3.004
IMP-002716,"Sample Product 2716",Valves,box,66.02,147.43,2.752
IMP-002717,"Sample Product 2717",Tables,pallet,2.62,123.20,1.996
IMP-002718,"Sample Product 2718",Cookware,each,271.15,127.99,1.805
IMP-002719,"Sample Product 2719",Storage,box,6.47,182.81,0.758
IMP-002643,"Sample Product 2720",Bolts,pallet,120.85,233.50,3.437
IMP-002721,"Sample Product 2721",Nuts,each,387.24,176.67,0.208
IMP-002722,"Sample Product 2722",Washers,box,349.90,147.99,3.234
IMP-002723,"Sample Product 2723",Screws,pallet,471.77,140.07,2.088
IMP-002724,"Sample Product 2724",Hose,each,74.52,65.57,3.582
IMP-002725,"Sample Product 2725",Fittings,box,222.01,111.38,2.721
IMP-002726,"Sample Product 2726",Valves,pallet,212.72,16.56,0.699
IMP-002727,"Sample Product 2727",Tables,each,312.82,295.89,4.105
IMP-002728,"Sample Product 2728",Cookware,box,334.12,145.33,1.510
IMP-002729,"Sample Product 2729",Storage,pallet,77.85,241.21,4.263
IMP-002730,"Sample Product 2730",Bolts,each,248.39,149.82,4.412
IMP-002731,"Sample Product 2731",Nuts,box,338.29,210.62,0.109
IMP-002732,"Sample Product 2732",Washers,pallet,375.04,259.33,1.994
IMP-002733,"Sample Product 2733",Screws,each,275.12,204.48,1.215
IMP-002734,"Sample Product 2734",Hose,box,448.02,203.45,0.598
IMP-002735,"Sample Product 2735",Fittings,pallet,289.08,90.27,4.167
IMP-002736,"Sample Product 2736",Valves,each,339.05,156.74,1.144
IMP-002737,"Sample Product 2737",Tables,box,148.67,176.35,3.958
IMP-002738,"Sample Product 2738",Cookware,pallet,7.05,206.23,1.402
IMP-002739,"Sample Product 2739",Storage,each,420.17,183.20,4.241
IMP-002740,"Sample Product 2740",Bolts,box,54.19,9.45,2.350
IMP-002741,"Sample Product 2741",Nuts,pallet,264.59,152.31,2.487
IMP-002742,"Sample Product 2742",Washers,each,58.82,21.01,0.697
IMP-002743,"Sample Product 2743",Screws,box,421.23,144.42,3.603
IMP-002744,"Sample Product 2744",Hose,pallet,332.76,86.78,0.238
IMP-002745,"Sample Product 2745",Fittings,each,37.77,283.94,4.977
IMP-002746,"Sample Product 2746",Valves,box,213.43,226.65,0.259
IMP-002747,"Sample Product 2747",Tables,pallet,415.51,25.79,0.909
IMP-002748,"Sample Product 2748",Cookware,each,256.47,135.53,1.023
IMP-002749,"Sample Product 2749",Storage,box,170.27,221.67,3.717
IMP-002750,"Sample Product 2750",Bolts,pallet,387.76,252.55,0.079
IMP-002751,"Sample Product 2751",Nuts,each,121.82,285.97,1.890
IMP-002752,"Sample Product 2752",Washers,box,159.60,67.05,3.111
IMP-002753,"Sample Product 2753",Screws,pallet,201.81,116.11,1.460
IMP-002754,"Sample Product 2754",Hose,each,242.68,181.18,2.944
IMP-002755,"Sample Product 2755",Fittings,box,12.95,215.11,4.177
IMP-002756,"Sample Product 2756",Valves,pallet,399.98,148.18,4.081
IMP-002757,"Sample Product 2757",Tables,each,441.02,256.00,0.408
IMP-002758,"Sample Product 2758",Cookware,box,444.74,266.87,2.569
IMP-002759,"Sample Product 2759",Storage,pallet,394.30,161.30,4.380
IMP-002683,"Sample Product 2760",Bolts,each,61.73,117.68,4.111
IMP-002761,"Sample Product 2761",Nuts,box,150.41,74.56,2.932
IMP-002762,"Sample Product 2762",Washers,pallet,253.88,178.76,3.171
IMP-002763,"Sample Product 2763",Screws,each,273.12,103.47,4.023
IMP-002764,"Sample Product 2764",Hose,box,184.99,240.15,1.445
IMP-002765,"Sample Product 2765",Fittings,pallet,166.04,189.95,4.927
IMP-002766,"Sample Product 2766",Valves,each,156.68,97.51,0.918
IMP-002767,"Sample Product 2767",Tables,box,283.99,194.75,4.297
IMP-002768,"Sample Product 2768",Cookware,pallet,181.03,89.64,4.450
IMP-002769,"Sample Product 2769",Storage,each,469.06,225.37,3.721
IMP-002770,"Sample Product 2770",Bolts,box,220.65,268.81,0.172
IMP-002771,"Sample Product 2771",Nuts,pallet,57.19,257.41,2.770
IMP-002772,"Sample Product 2772",Washers,each,112.11,294.36,1.684
IMP-002773,"Sample Product 2773",Screws,box,50.36,164.05,3.179
IMP-002774,"Sample Product 2774",Hose,pallet,62.94,41.71,3.003
IMP-002775,"Sample Product 2775",Fittings,each,418.78,158.73,1.083
IMP-002776,"Sample Product 2776",Valves,box,138.23,43.96,2.110
IMP-002777,"Sample Product 2777",Tables,pallet,483.19,214.24,3.236
IMP-002778,"Sample Product 2778",Cookware,each,457.77,287.50,4.063
IMP-002779,"Sample Product 2779",Storage,box,496.05,22.52,2.776
IMP-002780,"Sample Product 2780",Bolts,pallet,49.62,42.84,3.906
IMP-002781,"Sample Product 2781",Nuts,each,22.53,68.37,2.630
IMP-002782,"Sample Product 2782",Washers,box,202.09,78.97,2.090
IMP-002783,"Sample Product 2783",Screws,pallet,306.46,298.27,2.016
IMP-002784,"Sample Product 2784",Hose,each,277.82,223.77,2.309
IMP-002785,"Sample Product 2785",Fittings,box,128.22,52.51,4.259
IMP-002786,"Sample Product 2786",Valves,pallet,232.27,129.15,1.449
IMP-002787,"Sample Product 2787",Tables,each,159.66,62.44,0.041
IMP-002788,"Sample Product 2788",Cookware,box,453.64,219.97,2.554
IMP-002789,"Sample Product 2789",Storage,pallet,151.75,155.25,4.734
IMP-002790,"Sample Product 2790",Bolts,each,66.03,245.22,0.361
IMP-002791,"Sample Product 2791",Nuts,box,220.41,75.51,0.556
IMP-002792,"Sample Product 2792",Washers,pallet,474.87,23.80,3.404
IMP-002793,"Sample Product 2793",Screws,each,66.61,280.82,1.913
IMP-002794,"Sample Product 2794",Hose,box,255.06,256.50,3.810
IMP-002795,"Sample Product 2795",Fittings,pallet,78.30,39.32,3.493
IMP-002796,"Sample Product 2796",Valves,each,452.03,274.39,0.062
IMP-002797,"Sample Product 2797",Tables,box,191.26,250.72,1.916
IMP-002798,"Sample Product 2798",Cookware,pallet,19.43,163.62,4.075
IMP-002799,"Sample Product 2799",Storage,each,399.07,297.32,2.855
IMP-002723,"Sample Product 2800",Bolts,box,370.84,149.32,1.113
IMP-002801,"Sample Product 2801",Nuts,pallet,106.22,42.13,0.264
IMP-002802,"Sample Product 2802",Washers,each,337.28,229.53,4.454
IMP-002803,"Sample Product 2803",Screws,box,201.85,299.17,1.518
IMP-002804,"Sample Product 2804",Hose,pallet,63.39,133.82,3.974
IMP-002805,"Sample Product 2805",Fittings,each,466.55,148.22,0.851
IMP-002806,"Sample Product 2806",Valves,box,230.37,89.82,1.893
IMP-002807,"Sample Product 2807",Tables,pallet,208.41,154.38,0.924
IMP-002808,"Sample Product 2808",Cookware,each,429.92,123.41,1.100
IMP-002809,"Sample Product 2809",Storage,box,54.30,179.86,4.900
IMP-002810,"Sample Product 2810",Bolts,pallet,118.27,25.23,2.735
IMP-002811,"Sample Product 2811",Nuts,each,112.31,178.70,3.121
IMP-002812,"Sample Product 2812",Washers,box,73.18,238.83,2.593
IMP-002813,"Sample Product 2813",Screws,pallet,307.72,167.23,4.344
IMP-002814,"Sample Product 2814",Hose,each,396.47,57.95,2.209
IMP-002815,"Sample Product 2815",Fittings,box,186.92,298.55,1.581
IMP-002816,"Sample Product 2816",Valves,pallet,121.84,292.32,2.969
IMP-002817,"Sample Product 2817",Tables,each,471.76,103.16,0.975
IMP-002818,"Sample Product 2818",Cookware,box,361.80,84.85,1.789
IMP-002819,"Sample Product 2819",Storage,pallet,193.86,225.48,1.888
IMP-002820,"Sample Product 2820",Bolts,each,93.85,279.32,1.628
IMP-002821,"Sample Product 2821",Nuts,box,247.89,221.85,0.213
IMP-002822,"Sample Product 2822",Washers,pallet,187.01,98.29,2.649
IMP-002823,"Sample Product 2823",Screws,each,379.33,247.16,0.705
IMP-002824,"Sample Product 2824",Hose,box,11.30,228.73,1.976
IMP-002825,"Sample Product 2825",Fittings,pallet,479.78,169.58,2.707
IMP-002826,"Sample Product 2826",Valves,each,362.79,214.04,0.018
IMP-002827,"Sample Product 2827",Tables,box,209.47,199.00,0.849
IMP-002828,"Sample Product 2828",Cookware,pallet,232.97,181.71,0.014
IMP-002829,"Sample Product 2829",Storage,each,126.32,247.09,3.978
IMP-002830,"Sample Product 2830",Bolts,box,217.39,45.26,0.604
IMP-002831,"Sample Product 2831",Nuts,pallet,98.61,2.72,0.255
IMP-002832,"Sample Product 2832",Washers,each,289.41,294.93,1.295
IMP-002833,"Sample Product 2833",Screws,box,336.67,276.64,1.713
IMP-002834,"Sample Product 2834",Hose,pallet,499.12,0.62,4.208
IMP-002835,"Sample Product 2835",Fittings,each,359.19,158.29,4.688
IMP-002836,"Sample Product 2836",Valves,box,331.02,61.34,0.250
IMP-002837,"Sample Product 2837",Tables,pallet,283.82,152.23,4.947
IMP-002838,"Sample Product 2838",Cookware,each,273.98,181.77,1.370
IMP-002839,"Sample Product 2839",Storage,box,213.59,275.82,0.619
IMP-002763,"Sample Product 2840",Bolts,pallet,72.89,29.39,2.513
IMP-002841,"Sample Product 2841",Nuts,each,380.41,270.59,1.343
IMP-002842,"Sample Product 2842",Washers,box,368.91,273.11,0.146
IMP-002843,"Sample Product 2843",Screws,pallet,246.11,34.49,2.702
IMP-002844,"Sample Product 2844",Hose,each,494.88,259.29,0.749
IMP-002845,"Sample Product 2845",Fittings,box,471.39,273.51,1.822
IMP-002846,"Sample Product 2846",Valves,pallet,86.60,102.77,4.336
IMP-002847,"Sample Product 2847",Tables,each,52.71,60.82,4.919
IMP-002848,"Sample Product 2848",Cookware,box,482.35,74.24,1.297
IMP-002849,"Sample Product 2849",Storage,pallet,392.81,227.71,1.756
IMP-002850,"Sample Product 2850",Bolts,each,176.70,232.46,3.289
IMP-002851,"Sample Product 2851",Nuts,box,404.71,236.45,4.337
IMP-002852,"Sample Product 2852",Washers,pallet,194.50,168.82,2.123
IMP-002853,"Sample Product 2853",Screws,each,64.71,202.01,1.888
IMP-002854,"Sample Product 2854",Hose,box,59.30,189.01,1.892
IMP-002855,"Sample Product 2855",Fittings,pallet,208.78,114.91,3.003
IMP-002856,"Sample Product 2856",Valves,each,353.83,162.96,0.123
IMP-002857,"Sample Product 2857",Tables,box,235.49,161.04,1.140
IMP-002858,"Sample Product 2858",Cookware,pallet,242.33,138.05,4.595
IMP-002859,"Sample Product 2859",Storage,each,75.14,130.39,2.959
IMP-002860,"Sample Product 2860",Bolts,box,49.25,50.18,2.284
IMP-002861,"Sample Product 2861",Nuts,pallet,199.06,278.36,4.711
IMP-002862,"Sample Product 2862",Washers,each,143.66,247.72,1.866
IMP-002863,"Sample Product 2863",Screws,box,454.32,167.39,4.779
IMP-002864,"Sample Product 2864",Hose,pallet,284.27,72.87,3.498
IMP-002865,"Sample Product 2865",Fittings,each,314.38,125.87,0.455
IMP-002866,"Sample Product 2866",Valves,box,460.75,229.00,4.466
IMP-002867,"Sample Product 2867",Tables,pallet,269.02,146.95,0.996
IMP-002868,"Sample Product 2868",Cookware,each,159.10,239.99,1.506
IMP-002869,"Sample Product 2869",Storage,box,186.55,242.40,1.066
IMP-002870,"Sample Product 2870",Bolts,pallet,206.79,265.71,0.420
IMP-002871,"Sample Product 2871",Nuts,each,100.26,24.64,2.870
IMP-002872,"Sample Product 2872",Washers,box,376.85,247.04,2.847
IMP-002873,"Sample Product 2873",Screws,pallet,22.86,225.16,1.649
IMP-002874,"Sample Product 2874",Hose,each,495.06,182.63,4.948
IMP-002875,"Sample Product 2875",Fittings,box,211.87,69.63,0.826
IMP-002876,"Sample Product 2876",Valves,pallet,181.03,197.17,2.417
IMP-002877,"Sample Product 2877",Tables,each,52.82,276.14,2.746
IMP-002878,"Sample Product 2878",Cookware,box,68.75,150.90,3.968
IMP-002879,"Sample Product 2879",Storage,pallet,323.31,173.84,4.649
IMP-002803,"Sample Product 2880",Bolts,each,67.43,40.95,0.954
IMP-002881,"Sample Product 2881",Nuts,box,228.08,283.17,1.531
IMP-002882,"Sample Product 2882",Washers,pallet,161.76,80.58,2.352
IMP-002883,"Sample Product 2883",Screws,each,421.31,96.27,2.676
IMP-002884,"Sample Product 2884",Hose,box,309.86,121.82,1.065
IMP-002885,"Sample Product 2885",Fittings,pallet,302.62,246.56,1.985
IMP-002886,"Sample Product 2886",Valves,each,336.72,62.70,3.625
IMP-002887,"Sample Product 2887",Tables,box,421.09,45.16,3.498
IMP-002888,"Sample Product 2888",Cookware,pallet,129.89,177.49,0.136
IMP-002889,"Sample Product 2889",Storage,each,240.81,40.96,2.184
IMP-002890,"Sample Product 2890",Bolts,box,476.84,30.26,4.408
IMP-002891,"Sample Product 2891",Nuts,pallet,180.38,54.09,3.408
IMP-002892,"Sample Product 2892",Washers,each,30.28,4.90,1.981
IMP-002893,"Sample Product 2893",Screws,box,83.10,114.24,4.542
IMP-002894,"Sample Product 2894",Hose,pallet,459.40,257.43,3.453
IMP-002895,"Sample Product 2895",Fittings,each,390.69,293.96,2.645
IMP-002896,"Sample Product 2896",Valves,box,242.65,86.98,1.666
IMP-002897,"Sample Product 2897",Tables,pallet,429.66,117.16,0.183
IMP-002898,"Sample Product 2898",Cookware,each,24.16,9.39,3.846
IMP-002899,"Sample Product 2899",Storage,box,334.47,91.80,1.029
IMP-002900,"Sample Product 2900",Bolts,pallet,361.71,205.91,0.788
IMP-002901,"Sample Product 2901",Nuts,each,81.46,262.28,0.585
IMP-002902,"Sample Product 2902",Washers,box,482.44,206.32,3.472
IMP-002903,"Sample Product 2903",Screws,pallet,304.84,47.24,1.854
IMP-002904,"Sample Product 2904",Hose,each,327.05,284.36,4.669
IMP-002905,"Sample Product 2905",Fittings,box,499.48,47.35,2.513
IMP-002906,"Sample Product 2906",Valves,pallet,230.59,262.05,1.395
IMP-002907,"Sample Product 2907",Tables,each,437.99,214.49,4.635
IMP-002908,"Sample Product 2908",Cookware,box,149.25,7.57,1.258
IMP-002909,"Sample Product 2909",Storage,pallet,108.53,263.78,1.916
IMP-002910,"Sample Product 2910",Bolts,each,145.20,159.59,1.484
IMP-002911,"Sample Product 2911",Nuts,box,319.88,255.58,3.396
IMP-002912,"Sample Product 2912",Washers,pallet,347.79,257.19,3.568
IMP-002913,"Sample Product 2913",Screws,each,58.83,90.12,0.288
IMP-002914,"Sample Product 2914",Hose,box,184.59,206.25,3.085
IMP-002915,"Sample Product 2915",Fittings,pallet,223.27,105.21,2.868
IMP-002916,"Sample Product 2916",Valves,each,95.82,61.25,0.537
IMP-002917,"Sample Product 2917",Tables,box,122.58,186.06,3.541
IMP-002918,"Sample Product 2918",Cookware,pallet,465.89,64.04,4.758
IMP-002919,"Sample Product 2919",Storage,each,197.38,235.84,0.514
IMP-002843,"Sample Product 2920",Bolts,box,142.60,271.64,1.285
IMP-002921,"Sample Product 2921",Nuts,pallet,75.24,270.41,2.594
IMP-002922,"Sample Product 2922",Washers,each,178.80,62.22,1.749
IMP-002923,"Sample Product 2923",Screws,box,170.79,277.92,3.416
IMP-002924,"Sample Product 2924",Hose,pallet,390.92,31.43,1.778
IMP-002925,"Sample Product 2925",Fittings,each,138.30,78.25,3.812
IMP-002926,"Sample Product 2926",Valves,box,172.50,159.78,1.345
IMP-002927,"Sample Product 2927",Tables,pallet,477.42,224.20,1.407
IMP-002928,"Sample Product 2928",Cookware,each,206.41,200.11,2.537
IMP-002929,"Sample Product 2929",Storage,box,211.01,233.53,2.061
IMP-002930,"Sample Product 2930",Bolts,pallet,250.13,233.85,1.545
IMP-002931,"Sample Product 2931",Nuts,each,271.71,211.23,2.499
IMP-002932,"Sample Product 2932",Washers,box,393.88,164.26,1.890
IMP-002933,"Sample Product 2933",Screws,pallet,241.46,297.79,1.567
IMP-002934,"Sample Product 2934",Hose,each,298.54,238.95,1.194
IMP-002935,"Sample Product 2935",Fittings,box,61.08,87.36,2.289
IMP-002936,"Sample Product 2936",Valves,pallet,204.28,56.53,2.373
IMP-002937,"Sample Product 2937",Tables,each,91.84,0.62,1.893
IMP-002938,"Sample Product 2938",Cookware,box,327.80,44.73,0.633
IMP-002939,"Sample Product 2939",Storage,pallet,74.43,137.00,4.609
IMP-002940,"Sample Product 2940",Bolts,each,464.19,273.65,4.648
IMP-002941,"Sample Product 2941",Nuts,box,180.03,260.30,0.051
IMP-002942,"Sample Product 2942",Washers,pallet,35.33,294.42,0.803
IMP-002943,"Sample Product 2943",Screws,each,466.14,202.21,4.500
IMP-002944,"Sample Product 2944",Hose,box,11.95,25.10,2.711
IMP-002945,"Sample Product 2945",Fittings,pallet,414.46,227.37,4.758
IMP-002946,"Sample Product 2946",Valves,each,336.63,70.07,3.784
IMP-002947,"Sample Product 2947",Tables,box,451.12,179.87,3.455
IMP-002948,"Sample Product 2948",Cookware,pallet,42.88,162.76,0.510
IMP-002949,"Sample Product 2949",Storage,each,134.90,52.79,3.890
IMP-002950,"Sample Product 2950",Bolts,box,68.66,296.03,3.447
IMP-002951,"Sample Product 2951",Nuts,pallet,248.56,100.30,3.107
IMP-002952,"Sample Product 2952",Washers,each,411.84,232.96,2.661
IMP-002953,"Sample Product 2953",Screws,box,180.77,162.00,1.839
IMP-002954,"Sample Product 2954",Hose,pallet,57.50,225.13,2.030
IMP-002955,"Sample Product 2955",Fittings,each,243.11,195.11,1.582
IMP-002956,"Sample Product 2956",Valves,box,447.65,93.96,1.756
IMP-002957,"Sample Product 2957",Tables,pallet,29.23,146.94,4.786
IMP-002958,"Sample Product 2958",Cookware,each,137.70,233.48,1.767
IMP-002959,"Sample Product 2959",Storage,box,9.47,103.88,1.568
IMP-002883,"Sample Product 2960",Bolts,pallet,224.17,292.37,3.107
IMP-002961,"Sample Product 2961",Nuts,each,140.89,294.91,3.393
IMP-002962,"Sample Product 2962",Washers,box,477.64,244.95,2.639
IMP-002963,"Sample Product 2963",Screws,pallet,87.67,109.25,3.023
IMP-002964,"Sample Product 2964",Hose,each,4.14,16.29,1.751
IMP-002965,"Sample Product 2965",Fittings,box,369.68,287.73,1.650
IMP-002966,"Sample Product 2966",Valves,pallet,51.61,94.75,1.069
IMP-002967,"Sample Product 2967",Tables,each,408.49,186.68,1.409
IMP-002968,"Sample Product 2968",Cookware,box,337.46,175.64,2.703
IMP-002969,"Sample Product 2969",Storage,pallet,486.42,283.21,0.685
IMP-002970,"Sample Product 2970",Bolts,each,24.64,152.18,2.069
IMP-002971,"Sample Product 2971",Nuts,box,128.20,204.20,3.833
IMP-002972,"Sample Product 2972",Washers,pallet,365.09,3.26,3.288
IMP-002973,"Sample Product 2973",Screws,each,471.98,46.27,1.228
IMP-002974,"Sample Product 2974",Hose,box,94.51,268.99,2.051
IMP-002975,"Sample Product 2975",Fittings,pallet,256.75,144.19,1.724
IMP-002976,"Sample Product 2976",Valves,each,392.17,22.02,3.848
IMP-002977,"Sample Product 2977",Tables,box,183.31,94.77,3.581
IMP-002978,"Sample Product 2978",Cookware,pallet,193.01,32.77,0.582
IMP-002979,"Sample Product 2979",Storage,each,330.19,45.56,2.528
IMP-002980,"Sample Product 2980",Bolts,box,203.59,62.46,1.129
IMP-002981,"Sample Product 2981",Nuts,pallet,408.62,213.93,1.446
IMP-002982,"Sample Product 2982",Washers,each,380.87,259.95,2.172
IMP-002983,"Sample Product 2983",Screws,box,278.37,152.32,4.470
IMP-002984,"Sample Product 2984",Hose,pallet,19.60,46.62,4.644
IMP-002985,"Sample Product 2985",Fittings,each,180.79,195.67,3.286
IMP-002986,"Sample Product 2986",Valves,box,194.48,135.26,3.677
IMP-002987,"Sample Product 2987",Tables,pallet,268.89,232.19,3.071
IMP-002988,"Sample Product 2988",Cookware,each,93.98,220.47,1.717
IMP-002989,"Sample Product 2989",Storage,box,414.07,59.71,2.951
IMP-002990,"Sample Product 2990",Bolts,pallet,89.38,136.19,0.939
IMP-002991,"Sample Product 2991",Nuts,each,5.83,176.38,2.814
IMP-002992,"Sample Product 2992",Washers,box,147.77,70.90,4.605
IMP-002993,"Sample Product 2993",Screws,pallet,171.90,44.33,4.047
IMP-002994,"Sample Product 2994",Hose,each,85.90,163.32,3.807
IMP-002995,"Sample Product 2995",Fittings,box,56.11,274.91,0.352
IMP-002996,"Sample Product 2996",Valves,pallet,411.39,32.09,2.194
IMP-002997,"Sample Product 2997",Tables,each,310.06,139.87,2.643
IMP-002998,"Sample Product 2998",Cookware,box,134.18,78.69,2.961
IMP-002999,"Sample Product 2999",Storage,pallet,472.24,200.98,3.203
IMP-003000,"Sample Product 3000",Bolts,each,N/A,294.97,4.479
IMP-003001,"Sample Product 3001",Nuts,box,285.65,269.62,4.574
IMP-003002,"Sample Product 3002",Washers,pallet,299.39,252.74,3.395
IMP-003003,"Sample Product 3003",Screws,each,127.00,228.28,0.627
IMP-003004,"Sample Product 3004",Hose,box,436.53,128.15,2.498
IMP-003005,"Sample Product 3005",Fittings,pallet,200.42,46.78,4.819
IMP-003006,"Sample Product 3006",Valves,each,110.06,177.48,3.861
IMP-003007,"Sample Product 3007",Tables,box,116.08,137.91,4.906
IMP-003008,"Sample Product 3008",Cookware,pallet,231.98,140.33,3.050
IMP-003009,"Sample Product 3009",Storage,each,429.27,258.14,4.838
IMP-003010,"Sample Product 3010",Bolts,box,37.89,175.40,0.114
IMP-003011,"Sample Product 3011",Nuts,pallet,478.41,36.95,1.020
IMP-003012,"Sample Product 3012",Washers,each,369.61,246.98,1.985
IMP-003013,"Sample Product 3013",Screws,box,226.81,107.18,4.806
IMP-003014,"Sample Product 3014",Hose,pallet,314.39,83.41,1.488
IMP-003015,"Sample Product 3015",Fittings,each,194.36,151.84,3.836
IMP-003016,"Sample Product 3016",Valves,box,444.28,249.49,2.846
IMP-003017,"Sample Product 3017",Tables,pallet,370.77,106.09,3.269
IMP-003018,"Sample Product 3018",Cookware,each,185.02,163.15,2.669
IMP-003019,"Sample Product 3019",Storage,box,437.35,227.80,4.046
IMP-003020,"Sample Product 3020",Bolts,pallet,470.01,89.32,4.131
IMP-003021,"Sample Product 3021",Nuts,each,178.36,45.30,1.444
IMP-003022,"Sample Product 3022",Washers,box,134.87,155.68,1.320
IMP-003023,"Sample Product 3023",Screws,pallet,315.72,204.91,1.435
IMP-003024,"Sample Product 3024",Hose,each,113.41,91.28,3.469
IMP-003025,"Sample Product 3025",Fittings,box,242.27,10.76,4.712
IMP-003026,"Sample Product 3026",Valves,pallet,414.07,172.71,2.418
IMP-003027,"Sample Product 3027",Tables,each,257.56,129.94,1.187
IMP-003028,"Sample Product 3028",Cookware,box,33.09,221.39,4.800
IMP-003029,"Sample Product 3029",Storage,pallet,30.84,79.33,2.119
IMP-003030,"Sample Product 3030",Bolts,each,2.36,207.16,3.210
IMP-003031,"Sample Product 3031",Nuts,box,320.26,185.36,1.497
IMP-003032,"Sample Product 3032",Washers,pallet,4.94,283.51,4.196
IMP-003033,"Sample Product 3033",Screws,each,498.60,224.94,2.104
IMP-003034,"Sample Product 3034",Hose,box,359.74,105.19,3.617
IMP-003035,"Sample Product 3035",Fittings,pallet,234.43,90.64,1.691
IMP-003036,"Sample Product 3036",Valves,each,161.66,262.86,0.486
IMP-003037,"Sample Product 3037",Tables,box,261.07,140.86,3.823
IMP-003038,"Sample Product 3038",Cookware,pallet,91.87,121.06,4.385
IMP-003039,"Sample Product 3039",Storage,each,154.12,269.00,1.186
IMP-003040,"Sample Product 3040",Bolts,box,N/A,205.18,1.968
IMP-003041,"Sample Product 3041",Nuts,pallet,38.23,107.98,1.212
IMP-003042,"Sample Product 3042",Washers,each,163.15,104.21,3.341
IMP-003043,"Sample Product 3043",Screws,box,441.00,219.67,1.415
IMP-003044,"Sample Product 3044",Hose,pallet,29.19,213.14,2.779
IMP-003045,"Sample Product 3045",Fittings,each,304.00,152.95,2.514
IMP-003046,"Sample Product 3046",Valves,box,66.64,154.39,0.742
IMP-003047,"Sample Product 3047",Tables,pallet,378.47,267.54,1.538
IMP-003048,"Sample Product 3048",Cookware,each,113.12,236.57,2.439
IMP-003049,"Sample Product 3049",Storage,box,259.38,23.12,1.410
IMP-003050,"Sample Product 3050",Bolts,pallet,296.13,282.67,3.716
IMP-003051,"Sample Product 3051",Nuts,each,227.47,260.51,2.647
IMP-003052,"Sample Product 3052",Washers,box,479.74,53.80,4.768
IMP-003053,"Sample Product 3053",Screws,pallet,45.94,221.19,4.359
IMP-003054,"Sample Product 3054",Hose,each,495.78,7.09,1.949
IMP-003055,"Sample Product 3055",Fittings,box,209.79,96.51,2.948
IMP-003056,"Sample Product 3056",Valves,pallet,61.31,5.40,2.781
IMP-003057,"Sample Product 3057",Tables,each,189.35,194.76,2.196
IMP-003058,"Sample Product 3058",Cookware,box,241.27,284.16,2.912
IMP-003059,"Sample Product 3059",Storage,pallet,298.12,299.70,4.868
IMP-003060,"Sample Product 3060",Bolts,each,110.07,8.55,3.710
IMP-003061,"Sample Product 3061",Nuts,box,33.93,149.65,4.807
IMP-003062,"Sample Product 3062",Washers,pallet,300.02,274.66,2.921
IMP-003063,"Sample Product 3063",Screws,each,35.24,62.13,1.757
IMP-003064,"Sample Product 3064",Hose,box,345.68,264.90,0.492
IMP-003065,"Sample Product 3065",Fittings,pallet,231.12,8.32,4.906
IMP-003066,"Sample Product 3066",Valves,each,282.61,56.62,3.539
IMP-003067,"Sample Product 3067",Tables,box,123.12,164.12,0.097
IMP-003068,"Sample Product 3068",Cookware,pallet,283.28,57.32,2.437
IMP-003069,"Sample Product 3069",Storage,each,394.94,264.64,1.260
IMP-003070,"Sample Product 3070",Bolts,box,131.45,260.83,2.138
IMP-003071,"Sample Product 3071",Nuts,pallet,464.74,129.16,1.822
IMP-003072,"Sample Product 3072",Washers,each,342.13,291.42,3.142
IMP-003073,"Sample Product 3073",Screws,box,117.60,28.92,1.375
IMP-003074,"Sample Product 3074",Hose,pallet,221.56,145.90,0.796
IMP-003075,"Sample Product 3075",Fittings,each,298.11,129.78,4.638
IMP-003076,"Sample Product 3076",Valves,box,429.45,57.02,4.672
IMP-003077,"Sample Product 3077",Tables,pallet,101.76,29.32,1.735
IMP-003078,"Sample Product 3078",Cookware,each,272.44,52.75,4.984
IMP-003079,"Sample Product 3079",Storage,box,237.26,48.12,2.334
IMP-003080,"Sample Product 3080",Bolts,pallet,N/A,284.50,4.060
IMP-003081,"Sample Product 3081",Nuts,each,175.62,88.81,2.378
IMP-003082,"Sample Product 3082",Washers,box,198.57,64.73,2.019
IMP-003083,"Sample Product 3083",Screws,pallet,39.92,69.51,3.285
IMP-003084,"Sample Product 3084",Hose,each,187.08,153.50,0.153
IMP-003085,"Sample Product 3085",Fittings,box,89.24,192.02,4.737
IMP-003086,"Sample Product 3086",Valves,pallet,65.16,161.50,1.819
IMP-003087,"Sample Product 3087",Tables,each,385.24,52.83,0.756
IMP-003088,"Sample Product 3088",Cookware,box,319.28,116.38,2.110
IMP-003089,"Sample Product 3089",Storage,pallet,226.73,28.86,0.154
IMP-003090,"Sample Product 3090",Bolts,each,407.40,129.76,2.387
IMP-003091,"Sample Product 3091",Nuts,box,114.43,140.00,0.752
IMP-003092,"Sample Product 3092",Washers,pallet,386.81,85.71,1.830
IMP-003093,"Sample Product 3093",Screws,each,110.43,253.85,2.769
IMP-003094,"Sample Product 3094",Hose,box,322.23,116.16,4.263
IMP-003095,"Sample Product 3095",Fittings,pallet,89.07,96.91,3.322
IMP-003096,"Sample Product 3096",Valves,each,412.02,250.52,2.840
IMP-003097,"Sample Product 3097",Tables,box,439.51,68.77,0.399
IMP-003098,"Sample Product 3098",Cookware,pallet,438.94,234.12,3.146
IMP-003099,"Sample Product 3099",Storage,each,69.65,158.85,1.631
IMP-003100,"Sample Product 3100",Bolts,box,78.33,270.97,4.683
IMP-003101,"Sample Product 3101",Nuts,pallet,86.09,188.23,2.832
IMP-003102,"Sample Product 3102",Washers,each,231.56,212.81,2.100
IMP-003103,"Sample Product 3103",Screws,box,33.90,147.67,2.944
IMP-003104,"Sample Product 3104",Hose,pallet,347.48,71.12,4.746
IMP-003105,"Sample Product 3105",Fittings,each,66.96,217.15,3.491
IMP-003106,"Sample Product 3106",Valves,box,392.06,220.23,0.249
IMP-003107,"Sample Product 3107",Tables,pallet,468.67,109.98,0.498
IMP-003108,"Sample Product 3108",Cookware,each,53.35,98.71,1.295
IMP-003109,"Sample Product 3109",Storage,box,210.72,272.71,4.653
IMP-003110,"Sample Product 3110",Bolts,pallet,296.59,15.57,4.831
IMP-003111,"Sample Product 3111",Nuts,each,374.23,293.93,0.802
IMP-003112,"Sample Product 3112",Washers,box,454.03,218.93,2.582
IMP-003113,"Sample Product 3113",Screws,pallet,485.01,258.12,1.010
IMP-003114,"Sample Product 3114",Hose,each,329.96,184.00,3.878
IMP-003115,"Sample Product 3115",Fittings,box,267.32,205.54,2.862
IMP-003116,"Sample Product 3116",Valves,pallet,157.90,154.98,3.153
IMP-003117,"Sample Product 3117",Tables,each,90.26,214.44,1.394
IMP-003118,"Sample Product 3118",Cookware,box,308.23,214.57,4.398
IMP-003119,"Sample Product 3119",Storage,pallet,252.76,282.80,0.923
IMP-003120,"Sample Product 3120",Bolts,each,N/A,75.15,0.391
IMP-003121,"Sample Product 3121",Nuts,box,274.75,233.95,0.785
IMP-003122,"Sample Product 3122",Washers,pallet,376.07,20.51,0.019
IMP-003123,"Sample Product 3123",Screws,each,287.65,53.74,2.132
IMP-003124,"Sample Product 3124",Hose,box,455.40,186.75,0.233
IMP-003125,"Sample Product 3125",Fittings,pallet,425.69,43.06,1.337
IMP-003126,"Sample Product 3126",Valves,each,486.76,15.14,4.755
IMP-003127,"Sample Product 3127",Tables,box,473.29,156.02,2.575
IMP-003128,"Sample Product 3128",Cookware,pallet,370.88,211.10,1.091
IMP-003129,"Sample Product 3129",Storage,each,234.93,118.91,2.526
IMP-003130,"Sample Product 3130",Bolts,box,132.17,274.98,4.219
IMP-003131,"Sample Product 3131",Nuts,pallet,284.79,103.76,1.531
IMP-003132,"Sample Product 3132",Washers,each,238.95,119.40,0.502
IMP-003133,"Sample Product 3133",Screws,box,247.10,143.65,4.484
IMP-003134,"Sample Product 3134",Hose,pallet,374.17,145.93,0.255
IMP-003135,"Sample Product 3135",Fittings,each,398.18,282.28,1.014
IMP-003136,"Sample Product 3136",Valves,box,424.91,289.32,3.540
IMP-003137,"Sample Product 3137",Tables,pallet,42.36,294.97,3.459
IMP-003138,"Sample Product 3138",Cookware,each,334.61,202.12,2.317
IMP-003139,"Sample Product 3139",Storage,box,435.74,222.92,3.800
IMP-003140,"Sample Product 3140",Bolts,pallet,262.76,209.01,0.680
IMP-003141,"Sample Product 3141",Nuts,each,449.78,151.12,2.182
IMP-003142,"Sample Product 3142",Washers,box,414.20,91.51,0.554
IMP-003143,"Sample Product 3143",Screws,pallet,234.52,54.47,0.041
IMP-003144,"Sample Product 3144",Hose,each,430.67,28.40,1.487
IMP-003145,"Sample Product 3145",Fittings,box,389.03,212.70,1.962
IMP-003146,"Sample Product 3146",Valves,pallet,392.25,124.27,3.476
IMP-003147,"Sample Product 3147",Tables,each,394.50,168.96,4.597
IMP-003148,"Sample Product 3148",Cookware,box,152.13,200.63,4.015
IMP-003149,"Sample Product 3149",Storage,pallet,433.62,232.24,3.979
IMP-003150,"Sample Product 3150",Bolts,each,412.60,118.41,1.369
IMP-003151,"Sample Product 3151",Nuts,box,260.14,71.28,2.138
IMP-003152,"Sample Product 3152",Washers,pallet,28.90,67.12,2.413
IMP-003153,"Sample Product 3153",Screws,each,400.46,133.61,2.252
IMP-003154,"Sample Product 3154",Hose,box,443.61,261.99,4.234
IMP-003155,"Sample Product 3155",Fittings,pallet,423.45,114.86,2.454
IMP-003156,"Sample Product 3156",Valves,each,29.83,141.29,1.628
IMP-003157,"Sample Product 3157",Tables,box,497.30,146.30,2.860
IMP-003158,"Sample Product 3158",Cookware,pallet,97.16,38.87,1.821
IMP-003159,"Sample Product 3159",Storage,each,282.89,175.74,2.575
IMP-003160,"Sample Product 3160",Bolts,box,N/A,236.96,2.767
IMP-003161,"Sample Product 3161",Nuts,pallet,386.81,290.70,1.447
IMP-003162,"Sample Product 3162",Washers,each,268.51,98.09,1.448
IMP-003163,"Sample Product 3163",Screws,box,269.81,23.44,0.505
IMP-003164,"Sample Product 3164",Hose,pallet,6.71,142.69,4.539
IMP-003165,"Sample Product 3165",Fittings,each,364.18,202.15,1.760
IMP-003166,"Sample Product 3166",Valves,box,446.29,24.66,4.509
IMP-003167,"Sample Product 3167",Tables,pallet,415.26,180.59,0.613
IMP-003168,"Sample Product 3168",Cookware,each,181.92,182.87,0.936
IMP-003169,"Sample Product 3169",Storage,box,156.58,122.68,3.028
IMP-003170,"Sample Product 3170",Bolts,pallet,67.15,58.99,4.656
IMP-003171,"Sample Product 3171",Nuts,each,212.07,169.15,0.899
IMP-003172,"Sample Product 3172",Washers,box,315.30,47.20,4.719
IMP-003173,"Sample Product 3173",Screws,pallet,409.03,248.34,0.080
IMP-003174,"Sample Product 3174",Hose,each,382.35,154.47,2.740
IMP-003175,"Sample Product 3175",Fittings,box,152.69,165.06,2.478
IMP-003176,"Sample Product 3176",Valves,pallet,301.93,160.90,4.353
IMP-003177,"Sample Product 3177",Tables,each,400.18,298.43,3.765
IMP-003178,"Sample Product 3178",Cookware,box,99.89,164.94,1.145
IMP-003179,"Sample Product 3179",Storage,pallet,182.79,143.08,1.450
IMP-003180,"Sample Product 3180",Bolts,each,191.30,174.32,3.413
IMP-003181,"Sample Product 3181",Nuts,box,398.27,172.00,3.300
IMP-003182,"Sample Product 3182",Washers,pallet,129.48,211.66,3.001
IMP-003183,"Sample Product 3183",Screws,each,105.01,120.56,4.027
IMP-003184,"Sample Product 3184",Hose,box,177.56,28.68,2.802
IMP-003185,"Sample Product 3185",Fittings,pallet,259.25,168.26,2.576
IMP-003186,"Sample Product 3186",Valves,each,200.79,76.30,3.670
IMP-003187,"Sample Product 3187",Tables,box,195.85,249.12,2.032
IMP-003188,"Sample Product 3188",Cookware,pallet,317.36,178.83,3.701
IMP-003189,"Sample Product 3189",Storage,each,480.20,48.21,2.997
IMP-003190,"Sample Product 3190",Bolts,box,246.95,108.09,4.355
IMP-003191,"Sample Product 3191",Nuts,pallet,357.25,295.03,1.516
IMP-003192,"Sample Product 3192",Washers,each,318.33,103.53,1.279
IMP-003193,"Sample Product 3193",Screws,box,468.58,35.92,3.650
IMP-003194,"Sample Product 3194",Hose,pallet,189.16,2.16,2.221
IMP-003195,"Sample Product 3195",Fittings,each,203.18,118.66,0.869
IMP-003196,"Sample Product 3196",Valves,box,216.68,143.46,1.892
IMP-003197,"Sample Product 3197",Tables,pallet,374.45,143.90,3.104
IMP-003198,"Sample Product 3198",Cookware,each,94.60,205.14,0.966
IMP-003199,"Sample Product 3199",Storage,box,85.39,252.54,4.006
IMP-003200,"Sample Product 3200",Bolts,pallet,N/A,241.26,3.072
IMP-003201,"Sample Product 3201",Nuts,each,92.46,148.67,3.776
IMP-003202,"Sample Product 3202",Washers,box,492.28,37.51,4.831
IMP-003203,"Sample Product 3203",Screws,pallet,471.04,234.54,4.231
IMP-003204,"Sample Product 3204",Hose,each,214.04,10.06,4.570
IMP-003205,"Sample Product 3205",Fittings,box,385.59,75.73,1.388
IMP-003206,"Sample Product 3206",Valves,pallet,225.84,115.56,0.364
IMP-003207,"Sample Product 3207",Tables,each,245.28,176.91,4.767
IMP-003208,"Sample Product 3208",Cookware,box,6.11,10.96,2.668
IMP-003209,"Sample Product 3209",Storage,pallet,342.86,13.56,3.745
IMP-003210,"Sample Product 3210",Bolts,each,34.28,273.07,2.283
IMP-003211,"Sample Product 3211",Nuts,box,52.97,66.94,0.071
IMP-003212,"Sample Product 3212",Washers,pallet,420.31,182.25,1.318
IMP-003213,"Sample Product 3213",Screws,each,57.19,239.23,1.027
IMP-003214,"Sample Product 3214",Hose,box,373.90,168.63,2.980
IMP-003215,"Sample Product 3215",Fittings,pallet,185.66,196.65,3.929
IMP-003216,"Sample Product 3216",Valves,each,16.32,183.93,3.439
IMP-003217,"Sample Product 3217",Tables,box,287.22,167.81,0.512
IMP-003218,"Sample Product 3218",Cookware,pallet,410.48,196.70,4.336
IMP-003219,"Sample Product 3219",Storage,each,36.61,272.80,3.612
IMP-003220,"Sample Product 3220",Bolts,box,258.74,264.42,4.961
IMP-003221,"Sample Product 3221",Nuts,pallet,258.58,242.37,3.077
IMP-003222,"Sample Product 3222",Washers,each,357.38,116.07,2.324
IMP-003223,"Sample Product 3223",Screws,box,269.59,230.26,1.497
IMP-003224,"Sample Product 3224",Hose,pallet,342.22,237.16,2.685
IMP-003225,"Sample Product 3225",Fittings,each,216.97,137.42,1.310
IMP-003226,"Sample Product 3226",Valves,box,335.15,59.39,2.810
IMP-003227,"Sample Product 3227",Tables,pallet,72.74,127.17,0.111
IMP-003228,"Sample Product 3228",Cookware,each,156.79,87.28,2.287
IMP-003229,"Sample Product 3229",Storage,box,285.97,6.12,2.633
IMP-003230,"Sample Product 3230",Bolts,pallet,210.20,191.60,0.060
IMP-003231,"Sample Product 3231",Nuts,each,358.43,39.97,1.989
IMP-003232,"Sample Product 3232",Washers,box,62.65,93.02,4.778
IMP-003233,"Sample Product 3233",Screws,pallet,90.22,133.09,3.178
IMP-003234,"Sample Product 3234",Hose,each,352.23,0.50,2.041
IMP-003235,"Sample Product 3235",Fittings,box,365.03,279.83,0.143
IMP-003236,"Sample Product 3236",Valves,pallet,181.38,59.71,3.552
IMP-003237,"Sample Product 3237",Tables,each,318.50,242.85,3.182
IMP-003238,"Sample Product 3238",Cookware,box,312.59,231.70,0.847
IMP-003239,"Sample Product 3239",Storage,pallet,40.74,278.94,1.446
IMP-003240,"Sample Product 3240",Bolts,each,N/A,194.76,0.061
IMP-003241,"Sample Product 3241",Nuts,box,489.82,125.84,4.450
IMP-003242,"Sample Product 3242",Washers,pallet,74.29,275.07,3.374
IMP-003243,"Sample Product 3243",Screws,each,71.40,7.30,0.809
IMP-003244,"Sample Product 3244",Hose,box,57.38,72.05,2.065
IMP-003245,"Sample Product 3245",Fittings,pallet,352.87,62.15,3.389
IMP-003246,"Sample Product 3246",Valves,each,424.00,157.95,2.775
IMP-003247,"Sample Product 3247",Tables,box,169.72,151.11,1.934
IMP-003248,"Sample Product 3248",Cookware,pallet,402.30,66.82,1.303
IMP-003249,"Sample Product 3249",Storage,each,403.79,96.71,0.718
IMP-003250,"Sample Product 3250",Bolts,box,490.25,175.49,2.455
IMP-003251,"Sample Product 3251",Nuts,pallet,102.85,40.52,0.961
IMP-003252,"Sample Product 3252",Washers,each,204.40,177.58,2.530
IMP-003253,"Sample Product 3253",Screws,box,205.42,107.88,2.446
IMP-003254,"Sample Product 3254",Hose,pallet,207.14,37.78,2.047
IMP-003255,"Sample Product 3255",Fittings,each,409.25,192.31,0.347
IMP-003256,"Sample Product 3256",Valves,box,238.28,135.66,3.547
IMP-003257,"Sample Product 3257",Tables,pallet,151.76,95.15,0.503
IMP-003258,"Sample Product 3258",Cookware,each,102.35,29.77,2.987
IMP-003259,"Sample Product 3259",Storage,box,479.44,40.03,0.520
IMP-003260,"Sample Product 3260",Bolts,pallet,435.30,200.69,2.863
IMP-003261,"Sample Product 3261",Nuts,each,101.69,27.94,4.594
IMP-003262,"Sample Product 3262",Washers,box,71.10,203.00,4.024
IMP-003263,"Sample Product 3263",Screws,pallet,79.45,161.49,4.963
IMP-003264,"Sample Product 3264",Hose,each,405.29,22.96,4.608
IMP-003265,"Sample Product 3265",Fittings,box,432.69,164.43,0.329
IMP-003266,"Sample Product 3266",Valves,pallet,72.36,100.52,2.176
IMP-003267,"Sample Product 3267",Tables,each,94.64,292.05,1.163
IMP-003268,"Sample Product 3268",Cookware,box,270.63,25.97,3.833
IMP-003269,"Sample Product 3269",Storage,pallet,100.81,141.66,3.053
IMP-003270,"Sample Product 3270",Bolts,each,378.24,256.91,2.017
IMP-003271,"Sample Product 3271",Nuts,box,365.04,62.69,1.392
IMP-003272,"Sample Product 3272",Washers,pallet,494.63,281.78,2.644
IMP-003273,"Sample Product 3273",Screws,each,287.72,266.25,4.359
IMP-003274,"Sample Product 3274",Hose,box,24.37,53.95,2.407
IMP-003275,"Sample Product 3275",Fittings,pallet,439.50,255.96,3.050
IMP-003276,"Sample Product 3276",Valves,each,422.95,220.38,2.212
IMP-003277,"Sample Product 3277",Tables,box,473.19,129.81,4.208
IMP-003278,"Sample Product 3278",Cookware,pallet,367.79,89.79,3.078
IMP-003279,"Sample Product 3279",Storage,each,495.06,199.55,0.854
IMP-003280,"Sample Product 3280",Bolts,box,N/A,56.60,4.437
IMP-003281,"Sample Product 3281",Nuts,pallet,488.33,121.84,4.705
IMP-003282,"Sample Product 3282",Washers,each,492.20,254.59,1.379
IMP-003283,"Sample Product 3283",Screws,box,60.20,195.13,3.164
IMP-003284,"Sample Product 3284",Hose,pallet,299.22,78.97,4.562
IMP-003285,"Sample Product 3285",Fittings,each,454.36,6.11,3.455
IMP-003286,"Sample Product 3286",Valves,box,310.95,283.91,1.151
IMP-003287,"Sample Product 3287",Tables,pallet,486.72,80.20,3.207
IMP-003288,"Sample Product 3288",Cookware,each,198.61,103.63,3.251
IMP-003289,"Sample Product 3289",Storage,box,291.94,47.50,0.555
IMP-003290,"Sample Product 3290",Bolts,pallet,397.57,111.17,4.919
IMP-003291,"Sample Product 3291",Nuts,each,190.80,145.02,4.457
IMP-003292,"Sample Product 3292",Washers,box,399.00,268.86,3.645
IMP-003293,"Sample Product 3293",Screws,pallet,38.80,180.10,1.620
IMP-003294,"Sample Product 3294",Hose,each,60.09,46.24,4.317
IMP-003295,"Sample Product 3295",Fittings,box,62.72,176.27,2.147
IMP-003296,"Sample Product 3296",Valves,pallet,195.96,267.05,3.012
IMP-003297,"Sample Product 3297",Tables,each,19.66,299.37,1.131
IMP-003298,"Sample Product 3298",Cookware,box,106.47,150.09,1.397
IMP-003299,"Sample Product 3299",Storage,pallet,356.82,282.54,4.863
IMP-003300,"Sample Product 3300",Bolts,each,401.17,77.45,1.909
IMP-003301,"Sample Product 3301",Nuts,box,464.53,47.89,4.951
IMP-003302,"Sample Product 3302",Washers,pallet,357.76,178.48,2.116
IMP-003303,"Sample Product 3303",Screws,each,432.31,189.85,1.258
IMP-003304,"Sample Product 3304",Hose,box,266.50,298.71,2.184
IMP-003305,"Sample Product 3305",Fittings,pallet,301.07,144.73,2.842
IMP-003306,"Sample Product 3306",Valves,each,34.86,45.16,2.294
IMP-003307,"Sample Product 3307",Tables,box,258.46,216.72,1.260
IMP-003308,"Sample Product 3308",Cookware,pallet,126.98,169.17,3.987
IMP-003309,"Sample Product 3309",Storage,each,410.67,97.60,2.614
IMP-003310,"Sample Product 3310",Bolts,box,274.48,205.39,0.686
IMP-003311,"Sample Product 3311",Nuts,pallet,403.11,52.35,2.608
IMP-003312,"Sample Product 3312",Washers,each,426.10,48.24,3.887
IMP-003313,"Sample Product 3313",Screws,box,159.25,40.79,3.838
IMP-003314,"Sample Product 3314",Hose,pallet,167.18,8.17,3.716
IMP-003315,"Sample Product 3315",Fittings,each,410.11,112.65,4.934
IMP-003316,"Sample Product 3316",Valves,box,85.40,296.01,0.438
IMP-003317,"Sample Product 3317",Tables,pallet,231.58,10.06,1.685
IMP-003318,"Sample Product 3318",Cookware,each,244.43,152.51,0.833
IMP-003319,"Sample Product 3319",Storage,box,205.20,83.73,0.909
IMP-003320,"Sample Product 3320",Bolts,pallet,N/A,221.29,2.998
IMP-003321,"Sample Product 3321",Nuts,each,61.90,139.47,2.824
IMP-003322,"Sample Product 3322",Washers,box,134.94,222.54,1.027
IMP-003323,"Sample Product 3323",Screws,pallet,439.34,42.81,3.479
IMP-003324,"Sample Product 3324",Hose,each,459.62,261.73,3.251
IMP-003325,"Sample Product 3325",Fittings,box,152.77,32.59,2.985
IMP-003326,"Sample Product 3326",Valves,pallet,489.30,102.99,2.263
IMP-003327,"Sample Product 3327",Tables,each,101.50,4.32,3.291
IMP-003328,"Sample Product 3328",Cookware,box,177.69,152.18,3.839
IMP-003329,"Sample Product 3329",Storage,pallet,187.65,246.72,1.691
IMP-003330,"Sample Product 3330",Bolts,each,260.69,76.53,1.610
IMP-003331,"Sample Product 3331",Nuts,box,322.89,158.07,3.035
IMP-003332,"Sample Product 3332",Washers,pallet,386.13,84.62,4.241
IMP-003333,"Sample Product 3333",Screws,each,149.11,239.26,1.751
IMP-003334,"Sample Product 3334",Hose,box,398.85,55.44,2.080
IMP-003335,"Sample Product 3335",Fittings,pallet,174.96,152.08,3.393
IMP-003336,"Sample Product 3336",Valves,each,358.57,199.45,2.754
IMP-003337,"Sample Product 3337",Tables,box,210.73,249.48,3.564
IMP-003338,"Sample Product 3338",Cookware,pallet,474.61,38.63,4.259
IMP-003339,"Sample Product 3339",Storage,each,307.42,232.16,4.619
IMP-003340,"Sample Product 3340",Bolts,box,290.94,105.44,4.366
IMP-003341,"Sample Product 3341",Nuts,pallet,189.03,256.03,1.948
IMP-003342,"Sample Product 3342",Washers,each,441.11,160.43,2.592
IMP-003343,"Sample Product 3343",Screws,box,385.40,270.03,3.181
IMP-003344,"Sample Product 3344",Hose,pallet,221.50,78.21,0.182
IMP-003345,"Sample Product 3345",Fittings,each,154.27,198.90,2.398
IMP-003346,"Sample Product 3346",Valves,box,320.51,2.06,3.511
IMP-003347,"Sample Product 3347",Tables,pallet,2.52,276.90,1.702
IMP-003348,"Sample Product 3348",Cookware,each,416.31,198.23,0.188
IMP-003349,"Sample Product 3349",Storage,box,116.18,114.47,4.229
IMP-003350,"Sample Product 3350",Bolts,pallet,225.79,123.59,3.928
IMP-003351,"Sample Product 3351",Nuts,each,217.84,190.98,2.444
IMP-003352,"Sample Product 3352",Washers,box,269.87,217.19,2.376
IMP-003353,"Sample Product 3353",Screws,pallet,164.33,167.66,2.160
IMP-003354,"Sample Product 3354",Hose,each,279.32,140.87,2.070
IMP-003355,"Sample Product 3355",Fittings,box,108.80,19.42,0.439
IMP-003356,"Sample Product 3356",Valves,pallet,363.69,182.76,4.878
IMP-003357,"Sample Product 3357",Tables,each,408.73,179.31,2.824
IMP-003358,"Sample Product 3358",Cookware,box,227.94,194.14,1.803
IMP-003359,"Sample Product 3359",Storage,pallet,367.47,165.56,4.900
IMP-003360,"Sample Product 3360",Bolts,each,N/A,286.19,1.461
IMP-003361,"Sample Product 3361",Nuts,box,122.03,214.30,2.315
IMP-003362,"Sample Product 3362",Washers,pallet,436.84,90.90,0.511
IMP-003363,"Sample Product 3363",Screws,each,226.32,100.88,2.257
IMP-003364,"Sample Product 3364",Hose,box,369.22,185.61,3.528
IMP-003365,"Sample Product 3365",Fittings,pallet,496.06,227.90,1.049
IMP-003366,"Sample Product 3366",Valves,each,272.98,297.85,0.938
IMP-003367,"Sample Product 3367",Tables,box,422.46,75.36,4.156
IMP-003368,"Sample Product 3368",Cookware,pallet,4.45,200.19,1.426
IMP-003369,"Sample Product 3369",Storage,each,141.41,131.01,2.043
IMP-003370,"Sample Product 3370",Bolts,box,363.85,57.48,2.104
IMP-003371,"Sample Product 3371",Nuts,pallet,6.40,34.03,0.187
IMP-003372,"Sample Product 3372",Washers,each,212.40,71.59,0.596
IMP-003373,"Sample Product 3373",Screws,box,11.96,15.83,2.836
IMP-003374,"Sample Product 3374",Hose,pallet,482.01,276.68,2.175
IMP-003375,"Sample Product 3375",Fittings,each,340.77,228.76,4.429
IMP-003376,"Sample Product 3376",Valves,box,222.31,239.62,3.229
IMP-003377,"Sample Product 3377",Tables,pallet,173.32,245.93,2.580
IMP-003378,"Sample Product 3378",Cookware,each,31.89,242.25,3.354
IMP-003379,"Sample Product 3379",Storage,box,443.18,296.29,4.738
IMP-003380,"Sample Product 3380",Bolts,pallet,306.43,22.76,2.730
IMP-003381,"Sample Product 3381",Nuts,each,153.55,155.45,3.920
IMP-003382,"Sample Product 3382",Washers,box,87.89,194.70,1.217
IMP-003383,"Sample Product 3383",Screws,pallet,350.10,243.45,0.906
IMP-003384,"Sample Product 3384",Hose,each,170.01,115.10,3.731
IMP-003385,"Sample Product 3385",Fittings,box,303.91,251.52,0.382
IMP-003386,"Sample Product 3386",Valves,pallet,105.16,181.89,4.916
IMP-003387,"Sample Product 3387",Tables,each,152.38,160.54,0.505
IMP-003388,"Sample Product 3388",Cookware,box,127.15,209.62,4.210
IMP-003389,"Sample Product 3389",Storage,pallet,64.95,149.09,3.556
IMP-003390,"Sample Product 3390",Bolts,each,290.30,232.29,0.339
IMP-003391,"Sample Product 3391",Nuts,box,378.99,133.19,4.773
IMP-003392,"Sample Product 3392",Washers,pallet,149.25,289.57,3.051
IMP-003393,"Sample Product 3393",Screws,each,155.74,87.76,2.729
IMP-003394,"Sample Product 3394",Hose,box,177.08,21.16,0.190
IMP-003395,"Sample Product 3395",Fittings,pallet,49.26,0.26,2.846
IMP-003396,"Sample Product 3396",Valves,each,123.28,87.01,1.728
IMP-003397,"Sample Product 3397",Tables,box,448.13,148.28,4.502
IMP-003398,"Sample Product 3398",Cookware,pallet,177.23,7.29,2.530
IMP-003399,"Sample Product 3399",Storage,each,240.54,292.25,1.217
IMP-003400,"Sample Product 3400",Bolts,box,N/A,76.47,3.087
IMP-003401,"Sample Product 3401",Nuts,pallet,396.80,46.17,3.782
IMP-003402,"Sample Product 3402",Washers,each,219.33,208.81,1.268
IMP-003403,"Sample Product 3403",Screws,box,351.00,130.87,0.365
IMP-003404,"Sample Product 3404",Hose,pallet,478.66,101.73,2.581
IMP-003405,"Sample Product 3405",Fittings,each,451.13,17.81,3.219
IMP-003406,"Sample Product 3406",Valves,box,222.15,99.00,0.503
IMP-003407,"Sample Product 3407",Tables,pallet,248.95,8.71,4.651
IMP-003408,"Sample Product 3408",Cookware,each,436.66,213.71,0.685
IMP-003409,"Sample Product 3409",Storage,box,247.18,135.56,4.573
IMP-003410,"Sample Product 3410",Bolts,pallet,239.32,256.48,4.774
IMP-003411,"Sample Product 3411",Nuts,each,238.15,84.56,3.075
IMP-003412,"Sample Product 3412",Washers,box,469.36,162.42,3.313
IMP-003413,"Sample Product 3413",Screws,pallet,17.93,261.77,4.338
IMP-003414,"Sample Product 3414",Hose,each,409.23,26.10,2.592
IMP-003415,"Sample Product 3415",Fittings,box,17.27,58.94,3.651
IMP-003416,"Sample Product 3416",Valves,pallet,336.81,216.06,1.192
IMP-003417,"Sample Product 3417",Tables,each,482.89,56.45,3.747
IMP-003418,"Sample Product 3418",Cookware,box,369.28,156.34,2.034
IMP-003419,"Sample Product 3419",Storage,pallet,168.11,7.85,2.701
IMP-003420,"Sample Product 3420",Bolts,each,303.75,21.78,0.318
IMP-003421,"Sample Product 3421",Nuts,box,69.57,67.06,0.634
IMP-003422,"Sample Product 3422",Washers,pallet,47.65,290.33,4.192
IMP-003423,"Sample Product 3423",Screws,each,49.87,117.50,1.000
IMP-003424,"Sample Product 3424",Hose,box,298.31,256.33,3.314
IMP-003425,"Sample Product 3425",Fittings,pallet,60.73,229.27,2.783
IMP-003426,"Sample Product 3426",Valves,each,151.32,280.64,4.420
IMP-003427,"Sample Product 3427",Tables,box,144.68,142.81,2.539
IMP-003428,"Sample Product 3428",Cookware,pallet,224.96,13.01,3.382
IMP-003429,"Sample Product 3429",Storage,each,279.89,249.69,4.086
IMP-003430,"Sample Product 3430",Bolts,box,202.61,165.81,2.331
IMP-003431,"Sample Product 3431",Nuts,pallet,76.09,214.74,0.641
IMP-003432,"Sample Product 3432",Washers,each,410.60,147.60,2.479
IMP-003433,"Sample Product 3433",Screws,box,183.60,147.32,4.792
IMP-003434,"Sample Product 3434",Hose,pallet,484.16,144.76,3.375
IMP-003435,"Sample Product 3435",Fittings,each,63.16,174.73,1.985
IMP-003436,"Sample Product 3436",Valves,box,284.78,267.50,1.211
IMP-003437,"Sample Product 3437",Tables,pallet,119.96,160.41,3.599
IMP-003438,"Sample Product 3438",Cookware,each,156.60,1.93,1.582
IMP-003439,"Sample Product 3439",Storage,box,409.75,167.54,1.502
IMP-003440,"Sample Product 3440",Bolts,pallet,N/A,228.00,0.877
IMP-003441,"Sample Product 3441",Nuts,each,291.05,139.85,2.524
IMP-003442,"Sample Product 3442",Washers,box,323.24,118.87,0.402
IMP-003443,"Sample Product 3443",Screws,pallet,59.64,234.06,2.453
IMP-003444,"Sample Product 3444",Hose,each,475.75,218.37,4.670
IMP-003445,"Sample Product 3445",Fittings,box,204.43,138.90,3.476
IMP-003446,"Sample Product 3446",Valves,pallet,390.42,276.88,4.989
IMP-003447,"Sample Product 3447",Tables,each,66.98,286.96,4.841
IMP-003448,"Sample Product 3448",Cookware,box,230.74,95.89,1.583
IMP-003449,"Sample Product 3449",Storage,pallet,102.12,245.04,0.280
IMP-003450,"Sample Product 3450",Bolts,each,489.32,45.67,3.975
IMP-003451,"Sample Product 3451",Nuts,box,329.66,117.16,2.817
IMP-003452,"Sample Product 3452",Washers,pallet,12.90,11.02,0.974
IMP-003453,"Sample Product 3453",Screws,each,453.59,46.12,1.088
IMP-003454,"Sample Product 3454",Hose,box,284.06,133.14,2.787
IMP-003455,"Sample Product 3455",Fittings,pallet,471.63,12.80,1.016
IMP-003456,"Sample Product 3456",Valves,each,465.26,219.14,1.434
IMP-003457,"Sample Product 3457",Tables,box,7.02,116.91,2.555
IMP-003458,"Sample Product 3458",Cookware,pallet,313.96,287.87,4.850
IMP-003459,"Sample Product 3459",Storage,each,320.32,3.55,3.204
IMP-003460,"Sample Product 3460",Bolts,box,478.34,269.05,1.351
IMP-003461,"Sample Product 3461",Nuts,pallet,320.41,279.22,4.187
IMP-003462,"Sample Product 3462",Washers,each,237.40,101.46,3.086
IMP-003463,"Sample Product 3463",Screws,box,369.91,232.75,0.398
IMP-003464,"Sample Product 3464",Hose,pallet,108.66,258.45,2.698
IMP-003465,"Sample Product 3465",Fittings,each,482.10,25.16,2.588
IMP-003466,"Sample Product 3466",Valves,box,389.58,238.83,2.016
IMP-003467,"Sample Product 3467",Tables,pallet,43.61,106.01,4.954
IMP-003468,"Sample Product 3468",Cookware,each,420.48,237.27,3.371
IMP-003469,"Sample Product 3469",Storage,box,494.18,281.03,1.858
IMP-003470,"Sample Product 3470",Bolts,pallet,144.86,128.70,4.132
IMP-003471,"Sample Product 3471",Nuts,each,20.29,89.50,3.981
IMP-003472,"Sample Product 3472",Washers,box,153.14,17.72,4.612
IMP-003473,"Sample Product 3473",Screws,pallet,53.58,286.10,3.569
IMP-003474,"Sample Product 3474",Hose,each,350.36,6.60,0.215
IMP-003475,"Sample Product 3475",Fittings,box,429.83,1.30,1.048
IMP-003476,"Sample Product 3476",Valves,pallet,271.12,163.10,0.959
IMP-003477,"Sample Product 3477",Tables,each,423.68,235.19,0.178
IMP-003478,"Sample Product 3478",Cookware,box,128.54,149.16,1.368
IMP-003479,"Sample Product 3479",Storage,pallet,294.62,171.49,1.819
IMP-003480,"Sample Product 3480",Bolts,each,N/A,0.73,2.736
IMP-003481,"Sample Product 3481",Nuts,box,402.63,274.39,4.885
IMP-003482,"Sample Product 3482",Washers,pallet,491.54,171.95,3.557
IMP-003483,"Sample Product 3483",Screws,each,242.14,80.24,2.307
IMP-003484,"Sample Product 3484",Hose,box,143.12,49.80,1.035
IMP-003485,"Sample Product 3485",Fittings,pallet,470.44,75.60,3.969
IMP-003486,"Sample Product 3486",Valves,each,54.29,92.23,0.793
IMP-003487,"Sample Product 3487",Tables,box,289.11,89.76,2.713
IMP-003488,"Sample Product 3488",Cookware,pallet,185.65,185.37,0.801
IMP-003489,"Sample Product 3489",Storage,each,458.71,87.44,1.582
IMP-003490,"Sample Product 3490",Bolts,box,130.35,280.27,4.562
IMP-003491,"Sample Product 3491",Nuts,pallet,482.22,193.49,4.411
IMP-003492,"Sample Product 3492",Washers,each,72.24,7.16,2.932
IMP-003493,"Sample Product 3493",Screws,box,434.89,7.72,2.832
IMP-003494,"Sample Product 3494",Hose,pallet,356.60,270.78,1.580
IMP-003495,"Sample Product 3495",Fittings,each,29.34,120.57,2.102
IMP-003496,"Sample Product 3496",Valves,box,340.74,265.74,0.115
IMP-003497,"Sample Product 3497",Tables,pallet,277.94,3.28,2.309
IMP-003498,"Sample Product 3498",Cookware,each,481.82,0.47,2.968
IMP-003499,"Sample Product 3499",Storage,box,356.51,188.62,2.677
IMP-003500,"Sample Product 3500",Bolts,pallet,483.77,236.81,0.696
IMP-003501,"Sample Product 3501",Nuts,each,36.94,118.54,0.760
IMP-003502,"Sample Product 3502",Washers,box,10.71,272.11,3.150
IMP-003503,"Sample Product 3503",Screws,pallet,464.80,243.09,3.483
IMP-003504,"Sample Product 3504",Hose,each,491.40,0.91,3.736
IMP-003505,"Sample Product 3505",Fittings,box,141.60,297.60,0.702
IMP-003506,"Sample Product 3506",Valves,pallet,350.74,12.83,3.551
IMP-003507,"Sample Product 3507",Tables,each,477.57,24.44,2.324
IMP-003508,"Sample Product 3508",Cookware,box,284.89,52.87,2.843
IMP-003509,"Sample Product 3509",Storage,pallet,53.86,186.74,2.700
IMP-003510,"Sample Product 3510",Bolts,each,47.36,39.98,3.479
IMP-003511,"Sample Product 3511",Nuts,box,336.58,47.33,1.852
IMP-003512,"Sample Product 3512",Washers,pallet,481.34,130.47,0.746
IMP-003513,"Sample Product 3513",Screws,each,218.62,138.40,2.726
IMP-003514,"Sample Product 3514",Hose,box,7.05,41.54,4.332
IMP-003515,"Sample Product 3515",Fittings,pallet,17.32,85.79,1.720
IMP-003516,"Sample Product 3516",Valves,each,70.81,242.27,2.181
IMP-003517,"Sample Product 3517",Tables,box,176.77,108.73,1.496
IMP-003518,"Sample Product 3518",Cookware,pallet,488.34,232.66,1.001
IMP-003519,"Sample Product 3519",Storage,each,182.31,119.34,0.221
IMP-003520,"Sample Product 3520",Bolts,box,N/A,268.64,2.589
IMP-003521,"Sample Product 3521",Nuts,pallet,16.25,182.82,4.466
IMP-003522,"Sample Product 3522",Washers,each,390.33,259.36,4.437
IMP-003523,"Sample Product 3523",Screws,box,137.71,110.29,3.035
IMP-003524,"Sample Product 3524",Hose,pallet,261.15,281.60,2.080
IMP-003525,"Sample Product 3525",Fittings,each,338.12,85.28,2.404
IMP-003526,"Sample Product 3526",Valves,box,283.16,196.72,3.349
IMP-003527,"Sample Product 3527",Tables,pallet,63.62,21.26,3.459
IMP-003528,"Sample Product 3528",Cookware,each,375.58,66.07,4.121
IMP-003529,"Sample Product 3529",Storage,box,205.99,230.66,3.906
IMP-003530,"Sample Product 3530",Bolts,pallet,275.97,75.67,3.691
IMP-003531,"Sample Product 3531",Nuts,each,252.55,210.86,2.378
IMP-003532,"Sample Product 3532",Washers,box,230.92,271.89,0.322
IMP-003533,"Sample Product 3533",Screws,pallet,396.26,207.19,1.800
IMP-003534,"Sample Product 3534",Hose,each,411.14,219.68,2.323
IMP-003535,"Sample Product 3535",Fittings,box,404.31,293.26,0.819
IMP-003536,"Sample Product 3536",Valves,pallet,217.38,6.55,0.977
IMP-003537,"Sample Product 3537",Tables,each,311.04,13.49,0.884
IMP-003538,"Sample Product 3538",Cookware,box,210.43,292.63,3.253
IMP-003539,"Sample Product 3539",Storage,pallet,483.02,169.90,1.503
IMP-003540,"Sample Product 3540",Bolts,each,382.05,39.21,0.706
IMP-003541,"Sample Product 3541",Nuts,box,126.66,135.06,4.421
IMP-003542,"Sample Product 3542",Washers,pallet,485.30,25.28,4.869
IMP-003543,"Sample Product 3543",Screws,each,373.48,51.12,4.081
IMP-003544,"Sample Product 3544",Hose,box,156.04,95.85,0.756
IMP-003545,"Sample Product 3545",Fittings,pallet,45.43,22.26,2.558
IMP-003546,"Sample Product 3546",Valves,each,86.20,114.47,3.809
IMP-003547,"Sample Product 3547",Tables,box,295.24,137.06,1.428
IMP-003548,"Sample Product 3548",Cookware,pallet,343.48,132.40,4.813
IMP-003549,"Sample Product 3549",Storage,each,8.89,183.44,3.333
IMP-003550,"Sample Product 3550",Bolts,box,25.06,94.85,4.252
IMP-003551,"Sample Product 3551",Nuts,pallet,426.21,145.93,1.074
IMP-003552,"Sample Product 3552",Washers,each,13.35,125.15,2.142
IMP-003553,"Sample Product 3553",Screws,box,193.46,73.82,3.970
IMP-003554,"Sample Product 3554",Hose,pallet,116.49,170.92,4.578
IMP-003555,"Sample Product 3555",Fittings,each,148.47,229.09,0.121
IMP-003556,"Sample Product 3556",Valves,box,2.53,186.93,0.067
IMP-003557,"Sample Product 3557",Tables,pallet,203.45,104.32,4.874
IMP-003558,"Sample Product 3558",Cookware,each,254.52,242.86,3.353
IMP-003559,"Sample Product 3559",Storage,box,342.21,268.19,1.346
IMP-003560,"Sample Product 3560",Bolts,pallet,N/A,290.75,0.162
IMP-003561,"Sample Product 3561",Nuts,each,283.24,88.78,4.072
IMP-003562,"Sample Product 3562",Washers,box,391.57,231.08,2.686
IMP-003563,"Sample Product 3563",Screws,pallet,173.34,194.56,2.894
IMP-003564,"Sample Product 3564",Hose,each,152.29,276.38,1.844
IMP-003565,"Sample Product 3565",Fittings,box,82.85,276.53,2.608
IMP-003566,"Sample Product 3566",Valves,pallet,20.35,144.96,1.910
IMP-003567,"Sample Product 3567",Tables,each,343.56,168.94,1.817
IMP-003568,"Sample Product 3568",Cookware,box,466.75,259.45,3.350
IMP-003569,"Sample Product 3569",Storage,pallet,496.98,92.47,4.771
IMP-003570,"Sample Product 3570",Bolts,each,419.80,59.80,1.351
IMP-003571,"Sample Product 3571",Nuts,box,233.99,204.77,2.835
IMP-003572,"Sample Product 3572",Washers,pallet,476.91,154.78,0.786
IMP-003573,"Sample Product 3573",Screws,each,437.75,159.04,1.101
IMP-003574,"Sample Product 3574",Hose,box,374.39,167.76,1.015
IMP-003575,"Sample Product 3575",Fittings,pallet,202.67,45.30,3.628
IMP-003576,"Sample Product 3576",Valves,each,31.16,166.56,0.469
IMP-003577,"Sample Product 3577",Tables,box,374.10,149.24,2.565
IMP-003578,"Sample Product 3578",Cookware,pallet,251.09,173.42,3.040
IMP-003579,"Sample Product 3579",Storage,each,329.69,251.43,4.196
IMP-003580,"Sample Product 3580",Bolts,box,404.27,14.83,1.722
IMP-003581,"Sample Product 3581",Nuts,pallet,128.83,247.46,4.477
IMP-003582,"Sample Product 3582",Washers,each,3.91,178.37,2.146
IMP-003583,"Sample Product 3583",Screws,box,223.42,237.16,0.364
IMP-003584,"Sample Product 3584",Hose,pallet,456.37,40.01,0.099
IMP-003585,"Sample Product 3585",Fittings,each,269.19,218.41,1.615
IMP-003586,"Sample Product 3586",Valves,box,470.05,0.95,3.661
IMP-003587,"Sample Product 3587",Tables,pallet,98.67,279.80,2.612
IMP-003588,"Sample Product 3588",Cookware,each,142.57,67.44,4.595
IMP-003589,"Sample Product 3589",Storage,box,221.07,236.19,2.940
IMP-003590,"Sample Product 3590",Bolts,pallet,52.03,0.84,2.513
IMP-003591,"Sample Product 3591",Nuts,each,285.48,224.15,0.753
IMP-003592,"Sample Product 3592",Washers,box,432.98,205.26,4.670
IMP-003593,"Sample Product 3593",Screws,pallet,4.72,146.71,1.187
IMP-003594,"Sample Product 3594",Hose,each,306.53,217.89,4.828
IMP-003595,"Sample Product 3595",Fittings,box,357.06,46.96,2.629
IMP-003596,"Sample Product 3596",Valves,pallet,324.90,226.44,0.130
IMP-003597,"Sample Product 3597",Tables,each,137.42,2.91,2.836
IMP-003598,"Sample Product 3598",Cookware,box,71.65,151.84,4.230
IMP-003599,"Sample Product 3599",Storage,pallet,298.04,180.98,1.610
IMP-003600,"Sample Product 3600",Bolts,each,N/A,273.92,4.159
IMP-003601,"Sample Product 3601",Nuts,box,32.85,287.99,1.391
IMP-003602,"Sample Product 3602",Washers,pallet,143.35,3.02,0.435
IMP-003603,"Sample Product 3603",Screws,each,62.60,59.60,3.232
IMP-003604,"Sample Product 3604",Hose,box,168.34,78.63,2.694
IMP-003605,"Sample Product 3605",Fittings,pallet,4.56,267.62,3.350
IMP-003606,"Sample Product 3606",Valves,each,78.78,84.56,2.196
IMP-003607,"Sample Product 3607",Tables,box,181.96,249.16,2.674
IMP-003608,"Sample Product 3608",Cookware,pallet,72.05,215.26,0.056
IMP-003609,"Sample Product 3609",Storage,each,456.87,127.73,4.626
IMP-003610,"Sample Product 3610",Bolts,box,250.71,188.35,1.746
IMP-003611,"Sample Product 3611",Nuts,pallet,397.85,298.04,4.038
IMP-003612,"Sample Product 3612",Washers,each,153.63,272.17,0.369
IMP-003613,"Sample Product 3613",Screws,box,214.39,250.01,1.564
IMP-003614,"Sample Product 3614",Hose,pallet,193.61,19.21,4.572
IMP-003615,"Sample Product 3615",Fittings,each,184.10,176.09,1.391
IMP-003616,"Sample Product 3616",Valves,box,116.56,33.60,0.668
IMP-003617,"Sample Product 3617",Tables,pallet,8.39,117.37,3.889
IMP-003618,"Sample Product 3618",Cookware,each,212.32,45.46,0.686
IMP-003619,"Sample Product 3619",Storage,box,175.45,133.87,2.093
IMP-003620,"Sample Product 3620",Bolts,pallet,487.50,173.57,0.233
IMP-003621,"Sample Product 3621",Nuts,each,233.97,21.91,3.481
IMP-003622,"Sample Product 3622",Washers,box,389.64,260.72,0.733
IMP-003623,"Sample Product 3623",Screws,pallet,41.35,87.66,4.017
IMP-003624,"Sample Product 3624",Hose,each,15.15,264.97,3.006
IMP-003625,"Sample Product 3625",Fittings,box,492.16,139.57,4.919
IMP-003626,"Sample Product 3626",Valves,pallet,159.89,62.14,0.146
IMP-003627,"Sample Product 3627",Tables,each,147.26,90.87,1.753
IMP-003628,"Sample Product 3628",Cookware,box,217.44,145.62,1.114
IMP-003629,"Sample Product 3629",Storage,pallet,13.58,56.34,1.410
IMP-003630,"Sample Product 3630",Bolts,each,485.97,164.68,2.939
IMP-003631,"Sample Product 3631",Nuts,box,269.12,229.93,1.957
IMP-003632,"Sample Product 3632",Washers,pallet,458.97,263.81,1.565
IMP-003633,"Sample Product 3633",Screws,each,79.82,72.69,1.208
IMP-003634,"Sample Product 3634",Hose,box,251.24,137.86,2.452
IMP-003635,"Sample Product 3635",Fittings,pallet,15.18,178.63,0.087
IMP-003636,"Sample Product 3636",Valves,each,332.19,285.93,2.618
IMP-003637,"Sample Product 3637",Tables,box,435.65,33.75,3.370
IMP-003638,"Sample Product 3638",Cookware,pallet,285.19,251.79,2.689
IMP-003639,"Sample Product 3639",Storage,each,109.57,96.50,2.465
IMP-003640,"Sample Product 3640",Bolts,box,N/A,212.88,2.259
IMP-003641,"Sample Product 3641",Nuts,pallet,39.89,13.36,1.786
IMP-003642,"Sample Product 3642",Washers,each,29.58,74.30,3.559
IMP-003643,"Sample Product 3643",Screws,box,170.99,40.70,2.933
IMP-003644,"Sample Product 3644",Hose,pallet,263.29,38.24,0.293
IMP-003645,"Sample Product 3645",Fittings,each,65.79,35.04,3.687
IMP-003646,"Sample Product 3646",Valves,box,124.10,12.37,0.855
IMP-003647,"Sample Product 3647",Tables,pallet,11.23,68.36,1.467
IMP-003648,"Sample Product 3648",Cookware,each,473.76,178.72,0.631
IMP-003649,"Sample Product 3649",Storage,box,10.10,25.55,2.558
IMP-003650,"Sample Product 3650",Bolts,pallet,247.32,5.87,1.467
IMP-003651,"Sample Product 3651",Nuts,each,202.59,270.55,3.587
IMP-003652,"Sample Product 3652",Washers,box,68.64,150.51,0.630
IMP-003653,"Sample Product 3653",Screws,pallet,105.41,139.31,0.996
IMP-003654,"Sample Product 3654",Hose,each,177.64,42.09,2.474
IMP-003655,"Sample Product 3655",Fittings,box,213.64,74.53,1.914
IMP-003656,"Sample Product 3656",Valves,pallet,216.69,210.80,2.396
IMP-003657,"Sample Product 3657",Tables,each,174.38,70.99,2.962
IMP-003658,"Sample Product 3658",Cookware,box,64.68,74.14,2.868
IMP-003659,"Sample Product 3659",Storage,pallet,403.51,147.70,0.827
IMP-003660,"Sample Product 3660",Bolts,each,337.70,226.90,3.069
IMP-003661,"Sample Product 3661",Nuts,box,33.93,26.69,4.698
IMP-003662,"Sample Product 3662",Washers,pallet,11.20,231.29,0.496
IMP-003663,"Sample Product 3663",Screws,each,22.77,260.77,1.585
IMP-003664,"Sample Product 3664",Hose,box,36.27,181.38,3.725
IMP-003665,"Sample Product 3665",Fittings,pallet,364.96,280.38,0.583
IMP-003666,"Sample Product 3666",Valves,each,357.96,71.70,3.143
IMP-003667,"Sample Product 3667",Tables,box,285.89,72.51,3.329
IMP-003668,"Sample Product 3668",Cookware,pallet,183.61,212.24,2.574
IMP-003669,"Sample Product 3669",Storage,each,465.11,98.43,0.689
IMP-003670,"Sample Product 3670",Bolts,box,443.01,213.11,2.146
IMP-003671,"Sample Product 3671",Nuts,pallet,172.24,41.69,2.757
IMP-003672,"Sample Product 3672",Washers,each,113.23,296.00,1.897
IMP-003673,"Sample Product 3673",Screws,box,212.09,249.43,2.446
IMP-003674,"Sample Product 3674",Hose,pallet,260.01,290.78,2.952
IMP-003675,"Sample Product 3675",Fittings,each,68.51,210.69,2.602
IMP-003676,"Sample Product 3676",Valves,box,452.92,75.34,0.704
IMP-003677,"Sample Product 3677",Tables,pallet,404.50,228.78,3.958
IMP-003678,"Sample Product 3678",Cookware,each,269.21,19.93,4.088
IMP-003679,"Sample Product 3679",Storage,box,284.61,235.10,3.990
IMP-003680,"Sample Product 3680",Bolts,pallet,N/A,249.63,4.748
IMP-003681,"Sample Product 3681",Nuts,each,34.95,42.24,1.808
IMP-003682,"Sample Product 3682",Washers,box,347.64,130.57,0.580
IMP-003683,"Sample Product 3683",Screws,pallet,234.93,273.36,1.759
IMP-003684,"Sample Product 3684",Hose,each,69.43,295.08,3.916
IMP-003685,"Sample Product 3685",Fittings,box,365.77,194.22,0.226
IMP-003686,"Sample Product 3686",Valves,pallet,491.80,200.43,2.325
IMP-003687,"Sample Product 3687",Tables,each,342.11,59.75,0.733
IMP-003688,"Sample Product 3688",Cookware,box,233.72,48.81,2.379
IMP-003689,"Sample Product 3689",Storage,pallet,217.78,266.49,0.941
IMP-003690,"Sample Product 3690",Bolts,each,181.03,118.57,0.470
IMP-003691,"Sample Product 3691",Nuts,box,213.99,283.52,1.159
IMP-003692,"Sample Product 3692",Washers,pallet,149.07,231.07,1.263
IMP-003693,"Sample Product 3693",Screws,each,416.82,70.89,1.993
IMP-003694,"Sample Product 3694",Hose,box,84.90,144.19,2.505
IMP-003695,"Sample Product 3695",Fittings,pallet,93.87,296.58,1.358
IMP-003696,"Sample Product 3696",Valves,each,42.23,172.32,0.512
IMP-003697,"Sample Product 3697",Tables,box,234.07,253.74,0.622
IMP-003698,"Sample Product 3698",Cookware,pallet,216.57,180.62,0.041
IMP-003699,"Sample Product 3699",Storage,each,264.59,17.91,0.467
IMP-003700,"Sample Product 3700",Bolts,box,291.71,166.75,0.557
IMP-003701,"Sample Product 3701",Nuts,pallet,354.51,162.64,2.855
IMP-003702,"Sample Product 3702",Washers,each,473.21,32.60,4.053
IMP-003703,"Sample Product 3703",Screws,box,368.26,259.92,3.815
IMP-003704,"Sample Product 3704",Hose,pallet,417.68,271.71,1.693
IMP-003705,"Sample Product 3705",Fittings,each,91.72,230.94,2.556
IMP-003706,"Sample Product 3706",Valves,box,313.75,246.82,1.461
IMP-003707,"Sample Product 3707",Tables,pallet,147.86,161.34,1.623
IMP-003708,"Sample Product 3708",Cookware,each,68.52,175.42,4.333
IMP-003709,"Sample Product 3709",Storage,box,106.87,226.97,1.046
IMP-003710,"Sample Product 3710",Bolts,pallet,440.60,248.74,2.787
IMP-003711,"Sample Product 3711",Nuts,each,381.99,200.69,1.078
IMP-003712,"Sample Product 3712",Washers,box,327.63,96.04,3.094
IMP-003713,"Sample Product 3713",Screws,pallet,302.98,172.73,2.345
IMP-003714,"Sample Product 3714",Hose,each,92.26,38.48,2.471
IMP-003715,"Sample Product 3715",Fittings,box,344.15,108.28,4.408
IMP-003716,"Sample Product 3716",Valves,pallet,437.50,219.92,0.757
IMP-003717,"Sample Product 3717",Tables,each,17.68,238.83,3.744
IMP-003718,"Sample Product 3718",Cookware,box,189.21,95.16,3.334
IMP-003719,"Sample Product 3719",Storage,pallet,471.30,98.23,1.273
IMP-003720,"Sample Product 3720",Bolts,each,N/A,133.40,1.172
IMP-003721,"Sample Product 3721",Nuts,box,334.22,56.59,2.731
IMP-003722,"Sample Product 3722",Washers,pallet,210.63,16.92,4.825
IMP-003723,"Sample Product 3723",Screws,each,7.38,156.52,1.704
IMP-003724,"Sample Product 3724",Hose,box,408.59,135.28,0.571
IMP-003725,"Sample Product 3725",Fittings,pallet,74.84,151.25,1.459
IMP-003726,"Sample Product 3726",Valves,each,114.67,77.44,0.246
IMP-003727,"Sample Product 3727",Tables,box,88.74,34.40,1.996
IMP-003728,"Sample Product 3728",Cookware,pallet,430.57,21.16,1.746
IMP-003729,"Sample Product 3729",Storage,each,178.98,86.34,0.673
IMP-003730,"Sample Product 3730",Bolts,box,396.69,196.34,0.685
IMP-003731,"Sample Product 3731",Nuts,pallet,424.80,43.74,3.839
IMP-003732,"Sample Product 3732",Washers,each,428.57,208.11,3.049
IMP-003733,"Sample Product 3733",Screws,box,73.15,126.97,2.201
IMP-003734,"Sample Product 3734",Hose,pallet,81.16,0.44,3.374
IMP-003735,"Sample Product 3735",Fittings,each,317.61,124.14,4.183
IMP-003736,"Sample Product 3736",Valves,box,138.82,282.51,1.642
IMP-003737,"Sample Product 3737",Tables,pallet,113.62,57.95,1.768
IMP-003738,"Sample Product 3738",Cookware,each,440.84,227.09,4.200
IMP-003739,"Sample Product 3739",Storage,box,491.41,32.95,3.223
IMP-003740,"Sample Product 3740",Bolts,pallet,446.61,107.73,2.626
IMP-003741,"Sample Product 3741",Nuts,each,27.45,79.66,2.405
IMP-003742,"Sample Product 3742",Washers,box,468.94,219.67,0.492
IMP-003743,"Sample Product 3743",Screws,pallet,473.11,53.58,2.918
IMP-003744,"Sample Product 3744",Hose,each,339.22,174.68,2.418
IMP-003745,"Sample Product 3745",Fittings,box,182.59,259.53,2.483
IMP-003746,"Sample Product 3746",Valves,pallet,105.02,123.41,2.553
IMP-003747,"Sample Product 3747",Tables,each,71.02,12.18,2.310
IMP-003748,"Sample Product 3748",Cookware,box,479.33,137.95,0.127
IMP-003749,"Sample Product 3749",Storage,pallet,248.03,21.98,3.009
IMP-003750,"Sample Product 3750",Bolts,each,487.89,7.35,4.703
IMP-003751,"Sample Product 3751",Nuts,box,495.30,141.48,3.691
IMP-003752,"Sample Product 3752",Washers,pallet,294.03,202.92,1.817
IMP-003753,"Sample Product 3753",Screws,each,79.82,94.74,4.174
IMP-003754,"Sample Product 3754",Hose,box,291.66,200.85,0.839
IMP-003755,"Sample Product 3755",Fittings,pallet,3.04,188.20,3.983
IMP-003756,"Sample Product 3756",Valves,each,164.35,62.75,3.678
IMP-003757,"Sample Product 3757",Tables,box,396.75,257.35,3.858
IMP-003758,"Sample Product 3758",Cookware,pallet,107.73,247.91,0.489
IMP-003759,"Sample Product 3759",Storage,each,257.00,34.56,0.099
IMP-003760,"Sample Product 3760",Bolts,box,N/A,22.65,4.901
IMP-003761,"Sample Product 3761",Nuts,pallet,316.92,236.24,4.615
IMP-003762,"Sample Product 3762",Washers,each,422.10,192.23,3.729
IMP-003763,"Sample Product 3763",Screws,box,219.43,71.05,2.519
IMP-003764,"Sample Product 3764",Hose,pallet,240.55,25.04,1.939
IMP-003765,"Sample Product 3765",Fittings,each,307.90,276.23,4.580
IMP-003766,"Sample Product 3766",Valves,box,476.63,240.58,1.786
IMP-003767,"Sample Product 3767",Tables,pallet,42.46,28.56,2.958
IMP-003768,"Sample Product 3768",Cookware,each,219.44,70.28,3.612
IMP-003769,"Sample Product 3769",Storage,box,236.92,43.97,4.403
IMP-003770,"Sample Product 3770",Bolts,pallet,356.66,232.10,0.469
IMP-003771,"Sample Product 3771",Nuts,each,362.22,235.93,0.240
IMP-003772,"Sample Product 3772",Washers,box,197.04,140.55,4.631
IMP-003773,"Sample Product 3773",Screws,pallet,193.21,111.02,2.290
IMP-003774,"Sample Product 3774",Hose,each,474.12,66.50,0.089
IMP-003775,"Sample Product 3775",Fittings,box,229.92,276.95,0.800
IMP-003776,"Sample Product 3776",Valves,pallet,10.43,136.44,3.373
IMP-003777,"Sample Product 3777",Tables,each,38.46,276.13,4.649
IMP-003778,"Sample Product 3778",Cookware,box,333.18,195.03,3.243
IMP-003779,"Sample Product 3779",Storage,pallet,101.47,201.03,3.318
IMP-003780,"Sample Product 3780",Bolts,each,488.90,234.45,3.825
IMP-003781,"Sample Product 3781",Nuts,box,379.09,110.94,3.258
IMP-003782,"Sample Product 3782",Washers,pallet,219.85,100.51,0.701
IMP-003783,"Sample Product 3783",Screws,each,231.52,282.16,1.817
IMP-003784,"Sample Product 3784",Hose,box,217.27,298.70,2.295
IMP-003785,"Sample Product 3785",Fittings,pallet,493.66,18.55,2.754
IMP-003786,"Sample Product 3786",Valves,each,150.21,85.76,2.218
IMP-003787,"Sample Product 3787",Tables,box,41.01,109.55,2.607
IMP-003788,"Sample Product 3788",Cookware,pallet,351.47,128.18,4.465
IMP-003789,"Sample Product 3789",Storage,each,252.57,45.88,3.035
IMP-003790,"Sample Product 3790",Bolts,box,220.30,62.29,2.633
IMP-003791,"Sample Product 3791",Nuts,pallet,249.22,290.90,3.825
IMP-003792,"Sample Product 3792",Washers,each,173.14,129.45,3.078
IMP-003793,"Sample Product 3793",Screws,box,181.40,204.88,0.633
IMP-003794,"Sample Product 3794",Hose,pallet,17.30,205.39,3.922
IMP-003795,"Sample Product 3795",Fittings,each,75.37,174.06,4.986
IMP-003796,"Sample Product 3796",Valves,box,106.27,223.72,0.778
IMP-003797,"Sample Product 3797",Tables,pallet,179.60,71.06,2.404
IMP-003798,"Sample Product 3798",Cookware,each,304.00,164.35,2.092
IMP-003799,"Sample Product 3799",Storage,box,94.62,295.83,2.544
IMP-003800,"Sample Product 3800",Bolts,pallet,N/A,222.79,1.284
IMP-003801,"Sample Product 3801",Nuts,each,359.81,49.41,3.587
IMP-003802,"Sample Product 3802",Washers,box,2.22,88.41,1.662
IMP-003803,"Sample Product 3803",Screws,pallet,282.08,239.17,3.074
IMP-003804,"Sample Product 3804",Hose,each,276.11,263.90,3.459
IMP-003805,"Sample Product 3805",Fittings,box,389.01,86.04,1.593
IMP-003806,"Sample Product 3806",Valves,pallet,3.37,202.16,0.029
IMP-003807,"Sample Product 3807",Tables,each,37.97,266.61,3.754
IMP-003808,"Sample Product 3808",Cookware,box,190.18,224.19,4.787
IMP-003809,"Sample Product 3809",Storage,pallet,54.74,106.41,3.090
IMP-003810,"Sample Product 3810",Bolts,each,497.91,161.00,2.879
IMP-003811,"Sample Product 3811",Nuts,box,231.15,177.70,1.312
IMP-003812,"Sample Product 3812",Washers,pallet,2.47,132.77,4.257
IMP-003813,"Sample Product 3813",Screws,each,377.86,230.11,3.223
IMP-003814,"Sample Product 3814",Hose,box,89.05,130.88,4.517
IMP-003815,"Sample Product 3815",Fittings,pallet,364.00,17.90,0.852
IMP-003816,"Sample Product 3816",Valves,each,136.22,153.56,1.916
IMP-003817,"Sample Product 3817",Tables,box,74.13,132.27,0.655
IMP-003818,"Sample Product 3818",Cookware,pallet,92.92,127.43,2.939
IMP-003819,"Sample Product 3819",Storage,each,294.90,32.35,4.089
IMP-003820,"Sample Product 3820",Bolts,box,397.46,166.27,2.762
IMP-003821,"Sample Product 3821",Nuts,pallet,105.21,124.56,0.631
IMP-003822,"Sample Product 3822",Washers,each,153.23,188.88,4.928
IMP-003823,"Sample Product 3823",Screws,box,132.11,119.97,0.816
IMP-003824,"Sample Product 3824",Hose,pallet,162.58,274.77,0.036
IMP-003825,"Sample Product 3825",Fittings,each,95.62,278.73,4.387
IMP-003826,"Sample Product 3826",Valves,box,60.77,9.59,3.529
IMP-003827,"Sample Product 3827",Tables,pallet,340.70,144.63,0.896
IMP-003828,"Sample Product 3828",Cookware,each,293.60,158.74,0.178
IMP-003829,"Sample Product 3829",Storage,box,376.19,50.87,0.343
IMP-003830,"Sample Product 3830",Bolts,pallet,20.22,99.23,3.082
IMP-003831,"Sample Product 3831",Nuts,each,42.81,35.01,0.045
IMP-003832,"Sample Product 3832",Washers,box,154.21,176.26,4.347
IMP-003833,"Sample Product 3833",Screws,pallet,255.30,244.37,0.788
IMP-003834,"Sample Product 3834",Hose,each,308.16,220.57,4.830
IMP-003835,"Sample Product 3835",Fittings,box,180.25,247.59,3.553
IMP-003836,"Sample Product 3836",Valves,pallet,83.06,158.10,3.572
IMP-003837,"Sample Product 3837",Tables,each,381.13,244.49,0.676
IMP-003838,"Sample Product 3838",Cookware,box,276.63,106.99,4.064
IMP-003839,"Sample Product 3839",Storage,pallet,368.00,120.90,2.218
IMP-003840,"Sample Product 3840",Bolts,each,N/A,45.53,4.622
IMP-003841,"Sample Product 3841",Nuts,box,327.43,249.04,1.590
IMP-003842,"Sample Product 3842",Washers,pallet,403.17,282.12,2.164
IMP-003843,"Sample Product 3843",Screws,each,303.96,282.32,2.698
IMP-003844,"Sample Product 3844",Hose,box,455.46,217.86,4.541
IMP-003845,"Sample Product 3845",Fittings,pallet,4.74,104.86,4.633
IMP-003846,"Sample Product 3846",Valves,each,4.45,22.25,1.519
IMP-003847,"Sample Product 3847",Tables,box,128.22,207.59,4.240
IMP-003848,"Sample Product 3848",Cookware,pallet,376.48,285.98,3.929
IMP-003849,"Sample Product 3849",Storage,each,420.94,245.97,3.933
IMP-003850,"Sample Product 3850",Bolts,box,171.35,5.70,0.057
IMP-003851,"Sample Product 3851",Nuts,pallet,32.08,219.28,2.542
IMP-003852,"Sample Product 3852",Washers,each,231.82,68.00,1.009
IMP-003853,"Sample Product 3853",Screws,box,74.23,181.62,2.245
IMP-003854,"Sample Product 3854",Hose,pallet,289.10,168.14,2.812
IMP-003855,"Sample Product 3855",Fittings,each,86.42,264.32,0.269
IMP-003856,"Sample Product 3856",Valves,box,305.74,48.64,1.803
IMP-003857,"Sample Product 3857",Tables,pallet,128.87,179.92,4.689
IMP-003858,"Sample Product 3858",Cookware,each,20.51,238.23,3.130
IMP-003859,"Sample Product 3859",Storage,box,401.57,283.52,1.149
IMP-003860,"Sample Product 3860",Bolts,pallet,460.63,75.05,1.804
IMP-003861,"Sample Product 3861",Nuts,each,221.12,200.45,2.283
IMP-003862,"Sample Product 3862",Washers,box,49.22,191.03,4.858
IMP-003863,"Sample Product 3863",Screws,pallet,371.37,270.60,1.931
IMP-003864,"Sample Product 3864",Hose,each,336.30,92.92,1.571
IMP-003865,"Sample Product 3865",Fittings,box,200.39,110.96,0.320
IMP-003866,"Sample Product 3866",Valves,pallet,54.58,284.05,4.802
IMP-003867,"Sample Product 3867",Tables,each,456.84,121.53,3.047
IMP-003868,"Sample Product 3868",Cookware,box,111.11,161.75,0.736
IMP-003869,"Sample Product 3869",Storage,pallet,36.44,76.55,0.828
IMP-003870,"Sample Product 3870",Bolts,each,461.46,283.81,0.782
IMP-003871,"Sample Product 3871",Nuts,box,255.95,37.13,3.705
IMP-003872,"Sample Product 3872",Washers,pallet,226.57,284.05,3.892
IMP-003873,"Sample Product 3873",Screws,each,400.87,115.67,2.661
IMP-003874,"Sample Product 3874",Hose,box,278.50,126.14,3.342
IMP-003875,"Sample Product 3875",Fittings,pallet,295.35,188.25,1.073
IMP-003876,"Sample Product 3876",Valves,each,246.33,152.69,2.643
IMP-003877,"Sample Product 3877",Tables,box,389.85,169.68,3.110
IMP-003878,"Sample Product 3878",Cookware,pallet,222.66,20.44,3.101
IMP-003879,"Sample Product 3879",Storage,each,446.12,39.68,0.535
IMP-003880,"Sample Product 3880",Bolts,box,N/A,181.30,3.186
IMP-003881,"Sample Product 3881",Nuts,pallet,492.08,59.31,1.249
IMP-003882,"Sample Product 3882",Washers,each,58.79,230.97,0.615
IMP-003883,"Sample Product 3883",Screws,box,397.30,209.42,1.761
IMP-003884,"Sample Product 3884",Hose,pallet,321.27,59.83,2.920
IMP-003885,"Sample Product 3885",Fittings,each,323.55,122.86,3.715
IMP-003886,"Sample Product 3886",Valves,box,444.42,207.88,0.626
IMP-003887,"Sample Product 3887",Tables,pallet,250.00,138.80,0.712
IMP-003888,"Sample Product 3888",Cookware,each,255.75,171.69,0.620
IMP-003889,"Sample Product 3889",Storage,box,129.47,38.32,0.441
IMP-003890,"Sample Product 3890",Bolts,pallet,431.06,235.08,0.372
IMP-003891,"Sample Product 3891",Nuts,each,270.27,82.20,0.846
IMP-003892,"Sample Product 3892",Washers,box,19.89,169.86,4.559
IMP-003893,"Sample Product 3893",Screws,pallet,293.01,259.03,2.082
IMP-003894,"Sample Product 3894",Hose,each,307.07,141.80,4.845
IMP-003895,"Sample Product 3895",Fittings,box,479.43,52.74,3.272
IMP-003896,"Sample Product 3896",Valves,pallet,98.21,224.21,2.657
IMP-003897,"Sample Product 3897",Tables,each,462.54,60.56,4.118
IMP-003898,"Sample Product 3898",Cookware,box,341.16,44.06,1.627
IMP-003899,"Sample Product 3899",Storage,pallet,213.47,147.48,4.815
IMP-003900,"Sample Product 3900",Bolts,each,128.27,164.82,0.685
IMP-003901,"Sample Product 3901",Nuts,box,195.16,184.64,1.710
IMP-003902,"Sample Product 3902",Washers,pallet,103.01,72.53,0.692
IMP-003903,"Sample Product 3903",Screws,each,7.42,74.09,2.142
IMP-003904,"Sample Product 3904",Hose,box,230.57,132.45,1.255
IMP-003905,"Sample Product 3905",Fittings,pallet,118.23,249.14,4.916
IMP-003906,"Sample Product 3906",Valves,each,241.60,200.95,4.894
IMP-003907,"Sample Product 3907",Tables,box,288.93,158.85,1.285
IMP-003908,"Sample Product 3908",Cookware,pallet,80.38,43.16,4.797
IMP-003909,"Sample Product 3909",Storage,each,143.82,250.12,2.970
IMP-003910,"Sample Product 3910",Bolts,box,485.76,236.22,3.766
IMP-003911,"Sample Product 3911",Nuts,pallet,173.02,201.01,4.737
IMP-003912,"Sample Product 3912",Washers,each,422.61,123.50,4.199
IMP-003913,"Sample Product 3913",Screws,box,55.86,164.01,2.952
IMP-003914,"Sample Product 3914",Hose,pallet,426.16,71.42,1.000
IMP-003915,"Sample Product 3915",Fittings,each,442.93,245.51,2.156
IMP-003916,"Sample Product 3916",Valves,box,147.66,186.22,4.354
IMP-003917,"Sample Product 3917",Tables,pallet,102.52,188.95,4.599
IMP-003918,"Sample Product 3918",Cookware,each,435.59,182.63,4.923
IMP-003919,"Sample Product 3919",Storage,box,14.42,37.19,2.907
IMP-003920,"Sample Product 3920",Bolts,pallet,N/A,296.24,0.394
IMP-003921,"Sample Product 3921",Nuts,each,266.23,27.66,3.592
IMP-003922,"Sample Product 3922",Washers,box,432.31,106.09,4.684
IMP-003923,"Sample Product 3923",Screws,pallet,10.01,255.47,1.272
IMP-003924,"Sample Product 3924",Hose,each,411.09,240.22,3.105
IMP-003925,"Sample Product 3925",Fittings,box,84.10,93.33,0.196
IMP-003926,"Sample Product 3926",Valves,pallet,325.04,100.00,0.210
IMP-003927,"Sample Product 3927",Tables,each,253.36,134.76,1.876
IMP-003928,"Sample Product 3928",Cookware,box,198.62,275.81,1.185
IMP-003929,"Sample Product 3929",Storage,pallet,97.66,280.90,3.381
IMP-003930,"Sample Product 3930",Bolts,each,490.27,95.11,4.994
IMP-003931,"Sample Product 3931",Nuts,box,170.50,60.66,1.555
IMP-003932,"Sample Product 3932",Washers,pallet,250.52,4.96,0.252
IMP-003933,"Sample Product 3933",Screws,each,218.78,232.37,4.287
IMP-003934,"Sample Product 3934",Hose,box,345.45,248.84,1.248
IMP-003935,"Sample Product 3935",Fittings,pallet,284.95,72.57,2.763
IMP-003936,"Sample Product 3936",Valves,each,471.86,278.69,4.308
IMP-003937,"Sample Product 3937",Tables,box,257.17,47.16,0.875
IMP-003938,"Sample Product 3938",Cookware,pallet,477.06,61.71,2.663
IMP-003939,"Sample Product 3939",Storage,each,388.54,29.41,1.076
IMP-003940,"Sample Product 3940",Bolts,box,325.52,295.45,3.721
IMP-003941,"Sample Product 3941",Nuts,pallet,10.28,268.56,3.203
IMP-003942,"Sample Product 3942",Washers,each,176.40,108.53,1.492
IMP-003943,"Sample Product 3943",Screws,box,117.64,62.21,1.774
IMP-003944,"Sample Product 3944",Hose,pallet,374.82,215.08,3.965
IMP-003945,"Sample Product 3945",Fittings,each,144.28,241.87,1.561
IMP-003946,"Sample Product 3946",Valves,box,472.42,13.21,4.048
IMP-003947,"Sample Product 3947",Tables,pallet,318.60,183.40,3.028
IMP-003948,"Sample Product 3948",Cookware,each,456.18,25.70,2.463
IMP-003949,"Sample Product 3949",Storage,box,437.67,18.52,1.378
IMP-003950,"Sample Product 3950",Bolts,pallet,398.17,196.47,4.721
IMP-003951,"Sample Product 3951",Nuts,each,309.52,220.50,4.259
IMP-003952,"Sample Product 3952",Washers,box,167.98,101.33,4.792
IMP-003953,"Sample Product 3953",Screws,pallet,112.92,3.02,3.328
IMP-003954,"Sample Product 3954",Hose,each,460.44,45.15,2.290
IMP-003955,"Sample Product 3955",Fittings,box,9.44,38.76,0.165
IMP-003956,"Sample Product 3956",Valves,pallet,276.10,111.91,2.644
IMP-003957,"Sample Product 3957",Tables,each,320.41,243.28,3.889
IMP-003958,"Sample Product 3958",Cookware,box,81.96,214.97,2.818
IMP-003959,"Sample Product 3959",Storage,pallet,98.51,244.66,4.229
IMP-003960,"Sample Product 3960",Bolts,each,N/A,138.33,3.316
IMP-003961,"Sample Product 3961",Nuts,box,36.42,188.50,0.950
IMP-003962,"Sample Product 3962",Washers,pallet,191.94,38.46,3.248
IMP-003963,"Sample Product 3963",Screws,each,471.33,52.55,0.269
IMP-003964,"Sample Product 3964",Hose,box,221.99,118.51,2.116
IMP-003965,"Sample Product 3965",Fittings,pallet,190.11,88.96,2.552
IMP-003966,"Sample Product 3966",Valves,each,237.42,144.60,2.746
IMP-003967,"Sample Product 3967",Tables,box,176.80,246.82,3.167
IMP-003968,"Sample Product 3968",Cookware,pallet,422.76,184.90,2.842
IMP-003969,"Sample Product 3969",Storage,each,249.81,249.12,1.499
IMP-003970,"Sample Product 3970",Bolts,box,105.62,257.55,1.466
IMP-003971,"Sample Product 3971",Nuts,pallet,481.30,63.83,1.292
IMP-003972,"Sample Product 3972",Washers,each,67.47,62.01,2.228
IMP-003973,"Sample Product 3973",Screws,box,205.44,250.75,2.748
IMP-003974,"Sample Product 3974",Hose,pallet,115.21,234.48,4.899
IMP-003975,"Sample Product 3975",Fittings,each,272.81,279.24,3.237
IMP-003976,"Sample Product 3976",Valves,box,321.23,64.99,0.941
IMP-003977,"Sample Product 3977",Tables,pallet,124.73,93.31,4.542
IMP-003978,"Sample Product 3978",Cookware,each,23.33,99.83,0.747
IMP-003979,"Sample Product 3979",Storage,box,463.37,110.34,0.802
IMP-003980,"Sample Product 3980",Bolts,pallet,62.11,43.45,2.278
IMP-003981,"Sample Product 3981",Nuts,each,164.62,125.97,4.178
IMP-003982,"Sample Product 3982",Washers,box,440.20,122.38,0.848
IMP-003983,"Sample Product 3983",Screws,pallet,193.87,277.07,4.509
IMP-003984,"Sample Product 3984",Hose,each,67.15,183.29,2.576
IMP-003985,"Sample Product 3985",Fittings,box,249.11,34.11,1.142
IMP-003986,"Sample Product 3986",Valves,pallet,163.82,85.47,1.353
IMP-003987,"Sample Product 3987",Tables,each,172.97,123.63,2.557
IMP-003988,"Sample Product 3988",Cookware,box,148.74,58.57,3.090
IMP-003989,"Sample Product 3989",Storage,pallet,158.46,163.61,4.007
IMP-003990,"Sample Product 3990",Bolts,each,81.55,235.12,3.580
IMP-003991,"Sample Product 3991",Nuts,box,279.90,273.41,4.873
IMP-003992,"Sample Product 3992",Washers,pallet,169.35,76.66,4.911
IMP-003993,"Sample Product 3993",Screws,each,401.80,100.78,0.801
IMP-003994,"Sample Product 3994",Hose,box,234.26,282.15,0.380
IMP-003995,"Sample Product 3995",Fittings,pallet,205.56,182.32,0.493
IMP-003996,"Sample Product 3996",Valves,each,41.27,268.17,1.790
IMP-003997,"Sample Product 3997",Tables,box,473.67,153.37,4.798
IMP-003998,"Sample Product 3998",Cookware,pallet,384.72,58.94,3.167
IMP-003999,"Sample Product 3999",Storage,each,411.31,264.24,3.486
IMP-004000,"Sample Product 4000",Bolts,box,N/A,99.33,4.324
IMP-004001,"Sample Product 4001",Nuts,pallet,466.35,76.35,3.288
IMP-004002,"Sample Product 4002",Washers,each,206.51,271.50,2.672
IMP-004003,"Sample Product 4003",Screws,box,37.02,278.66,2.685
IMP-004004,"Sample Product 4004",Hose,pallet,427.28,125.00,0.820
IMP-004005,"Sample Product 4005",Fittings,each,124.37,34.60,2.158
IMP-004006,"Sample Product 4006",Valves,box,259.58,293.18,4.476
IMP-004007,"Sample Product 4007",Tables,pallet,412.65,230.25,4.339
IMP-004008,"Sample Product 4008",Cookware,each,191.05,60.56,4.394
IMP-004009,"Sample Product 4009",Storage,box,219.97,76.87,2.895
IMP-004010,"Sample Product 4010",Bolts,pallet,375.27,74.89,0.431
IMP-004011,"Sample Product 4011",Nuts,each,495.86,129.37,1.156
IMP-004012,"Sample Product 4012",Washers,box,43.92,177.19,0.558
IMP-004013,"Sample Product 4013",Screws,pallet,105.00,147.56,0.209
IMP-004014,"Sample Product 4014",Hose,each,459.19,177.35,4.873
IMP-004015,"Sample Product 4015",Fittings,box,332.18,229.39,1.211
IMP-004016,"Sample Product 4016",Valves,pallet,200.78,39.89,2.242
IMP-004017,"Sample Product 4017",Tables,each,486.02,226.65,3.955
IMP-004018,"Sample Product 4018",Cookware,box,178.89,202.86,2.783
IMP-004019,"Sample Product 4019",Storage,pallet,445.45,167.81,4.504
IMP-004020,"Sample Product 4020",Bolts,each,497.62,282.24,3.578
IMP-004021,"Sample Product 4021",Nuts,box,408.87,272.58,4.232
IMP-004022,"Sample Product 4022",Washers,pallet,63.53,170.95,3.699
IMP-004023,"Sample Product 4023",Screws,each,198.63,75.45,0.600
IMP-004024,"Sample Product 4024",Hose,box,93.45,86.45,0.266
IMP-004025,"Sample Product 4025",Fittings,pallet,405.39,147.05,2.136
IMP-004026,"Sample Product 4026",Valves,each,83.01,39.30,2.897
IMP-004027,"Sample Product 4027",Tables,box,436.24,231.00,0.221
IMP-004028,"Sample Product 4028",Cookware,pallet,472.55,38.57,0.880
IMP-004029,"Sample Product 4029",Storage,each,79.68,265.54,0.353
IMP-004030,"Sample Product 4030",Bolts,box,191.28,21.18,3.572
IMP-004031,"Sample Product 4031",Nuts,pallet,225.45,1.26,4.093
IMP-004032,"Sample Product 4032",Washers,each,464.70,111.86,0.273
IMP-004033,"Sample Product 4033",Screws,box,417.02,4.00,2.084
IMP-004034,"Sample Product 4034",Hose,pallet,426.01,202.72,4.495
IMP-004035,"Sample Product 4035",Fittings,each,319.36,105.37,1.032
IMP-004036,"Sample Product 4036",Valves,box,326.24,250.71,0.211
IMP-004037,"Sample Product 4037",Tables,pallet,472.29,120.90,0.447
IMP-004038,"Sample Product 4038",Cookware,each,88.35,151.26,3.166
IMP-004039,"Sample Product 4039",Storage,box,0.91,119.45,2.028
IMP-004040,"Sample Product 4040",Bolts,pallet,N/A,13.46,2.111
IMP-004041,"Sample Product 4041",Nuts,each,55.37,23.14,3.558
IMP-004042,"Sample Product 4042",Washers,box,87.86,251.77,3.034
IMP-004043,"Sample Product 4043",Screws,pallet,344.38,144.16,2.876
IMP-004044,"Sample Product 4044",Hose,each,483.76,164.82,0.041
IMP-004045,"Sample Product 4045",Fittings,box,312.90,95.49,4.126
IMP-004046,"Sample Product 4046",Valves,pallet,120.16,159.84,3.060
IMP-004047,"Sample Product 4047",Tables,each,499.18,273.20,3.581
IMP-004048,"Sample Product 4048",Cookware,box,133.47,183.00,3.774
IMP-004049,"Sample Product 4049",Storage,pallet,97.60,41.84,3.896
IMP-004050,"Sample Product 4050",Bolts,each,301.92,221.24,1.444
IMP-004051,"Sample Product 4051",Nuts,box,323.19,17.96,0.180
IMP-004052,"Sample Product 4052",Washers,pallet,246.57,252.38,1.108
IMP-004053,"Sample Product 4053",Screws,each,452.31,218.23,3.525
IMP-004054,"Sample Product 4054",Hose,box,327.72,98.64,1.245
IMP-004055,"Sample Product 4055",Fittings,pallet,420.15,288.14,3.963
IMP-004056,"Sample Product 4056",Valves,each,335.21,165.48,0.977
IMP-004057,"Sample Product 4057",Tables,box,419.16,132.17,3.709
IMP-004058,"Sample Product 4058",Cookware,pallet,180.34,60.77,4.528
IMP-004059,"Sample Product 4059",Storage,each,100.46,73.02,1.762
IMP-004060,"Sample Product 4060",Bolts,box,8.40,284.81,0.281
IMP-004061,"Sample Product 4061",Nuts,pallet,395.35,132.67,0.474
IMP-004062,"Sample Product 4062",Washers,each,25.55,148.98,2.073
IMP-004063,"Sample Product 4063",Screws,box,19.29,260.04,0.032
IMP-004064,"Sample Product 4064",Hose,pallet,199.04,91.03,3.050
IMP-004065,"Sample Product 4065",Fittings,each,70.82,104.29,4.867
IMP-004066,"Sample Product 4066",Valves,box,122.20,83.71,2.591
IMP-004067,"Sample Product 4067",Tables,pallet,426.52,124.62,1.601
IMP-004068,"Sample Product 4068",Cookware,each,277.77,119.78,3.936
IMP-004069,"Sample Product 4069",Storage,box,333.87,204.35,0.670
IMP-004070,"Sample Product 4070",Bolts,pallet,358.66,202.05,3.243
IMP-004071,"Sample Product 4071",Nuts,each,346.35,257.38,3.970
IMP-004072,"Sample Product 4072",Washers,box,355.41,244.47,3.055
IMP-004073,"Sample Product 4073",Screws,pallet,394.18,51.85,0.640
IMP-004074,"Sample Product 4074",Hose,each,174.89,207.60,3.799
IMP-004075,"Sample Product 4075",Fittings,box,439.79,3.88,2.144
IMP-004076,"Sample Product 4076",Valves,pallet,163.81,114.28,1.754
IMP-004077,"Sample Product 4077",Tables,each,371.43,239.22,0.356
IMP-004078,"Sample Product 4078",Cookware,box,449.59,274.65,3.522
IMP-004079,"Sample Product 4079",Storage,pallet,118.30,13.58,3.785
IMP-004080,"Sample Product 4080",Bolts,each,N/A,192.28,2.974
IMP-004081,"Sample Product 4081",Nuts,box,478.19,140.16,4.869
IMP-004082,"Sample Product 4082",Washers,pallet,292.14,115.38,1.859
IMP-004083,"Sample Product 4083",Screws,each,106.21,231.66,0.981
IMP-004084,"Sample Product 4084",Hose,box,227.21,251.07,1.772
IMP-004085,"Sample Product 4085",Fittings,pallet,288.06,167.74,4.321
IMP-004086,"Sample Product 4086",Valves,each,84.40,242.14,2.004
IMP-004087,"Sample Product 4087",Tables,box,360.50,106.17,2.354
IMP-004088,"Sample Product 4088",Cookware,pallet,54.24,252.66,1.329
IMP-004089,"Sample Product 4089",Storage,each,438.60,24.69,2.577
IMP-004090,"Sample Product 4090",Bolts,box,171.01,82.61,4.361
IMP-004091,"Sample Product 4091",Nuts,pallet,296.21,204.58,0.957
IMP-004092,"Sample Product 4092",Washers,each,72.28,207.53,2.386
IMP-004093,"Sample Product 4093",Screws,box,387.66,10.28,3.813
IMP-004094,"Sample Product 4094",Hose,pallet,463.64,69.32,1.024
IMP-004095,"Sample Product 4095",Fittings,each,469.55,244.25,3.365
IMP-004096,"Sample Product 4096",Valves,box,216.03,158.40,1.632
IMP-004097,"Sample Product 4097",Tables,pallet,493.83,37.51,2.744
IMP-004098,"Sample Product 4098",Cookware,each,355.19,110.86,0.162
IMP-004099,"Sample Product 4099",Storage,box,268.84,49.97,2.174
IMP-004100,"Sample Product 4100",Bolts,pallet,295.49,50.79,4.476
IMP-004101,"Sample Product 4101",Nuts,each,189.43,129.95,4.405
IMP-004102,"Sample Product 4102",Washers,box,6.38,61.74,2.751
IMP-004103,"Sample Product 4103",Screws,pallet,388.54,245.31,3.955
IMP-004104,"Sample Product 4104",Hose,each,137.93,265.29,1.282
IMP-004105,"Sample Product 4105",Fittings,box,93.10,226.51,2.996
IMP-004106,"Sample Product 4106",Valves,pallet,179.19,56.08,2.567
IMP-004107,"Sample Product 4107",Tables,each,432.94,132.67,2.771
IMP-004108,"Sample Product 4108",Cookware,box,88.18,136.20,3.334
IMP-004109,"Sample Product 4109",Storage,pallet,65.00,293.56,3.586
IMP-004110,"Sample Product 4110",Bolts,each,408.21,36.33,3.539
IMP-004111,"Sample Product 4111",Nuts,box,129.48,35.07,3.626
IMP-004112,"Sample Product 4112",Washers,pallet,352.68,0.72,0.054
IMP-004113,"Sample Product 4113",Screws,each,160.53,1.00,3.642
IMP-004114,"Sample Product 4114",Hose,box,469.36,91.90,2.734
IMP-004115,"Sample Product 4115",Fittings,pallet,324.30,28.11,1.651
IMP-004116,"Sample Product 4116",Valves,each,330.09,140.72,0.414
IMP-004117,"Sample Product 4117",Tables,box,343.71,129.80,3.915
IMP-004118,"Sample Product 4118",Cookware,pallet,7.95,28.89,2.882
IMP-004119,"Sample Product 4119",Storage,each,335.70,183.04,2.468
IMP-004120,"Sample Product 4120",Bolts,box,N/A,58.92,1.626
IMP-004121,"Sample Product 4121",Nuts,pallet,12.50,20.96,4.538
IMP-004122,"Sample Product 4122",Washers,each,436.62,167.87,2.080
IMP-004123,"Sample Product 4123",Screws,box,34.84,213.77,2.087
IMP-004124,"Sample Product 4124",Hose,pallet,9.28,33.93,1.680
IMP-004125,"Sample Product 4125",Fittings,each,240.46,28.05,4.230
IMP-004126,"Sample Product 4126",Valves,box,348.05,262.09,1.606
IMP-004127,"Sample Product 4127",Tables,pallet,309.12,284.12,1.784
IMP-004128,"Sample Product 4128",Cookware,each,383.96,6.29,3.421
IMP-004129,"Sample Product 4129",Storage,box,257.55,73.29,1.633
IMP-004130,"Sample Product 4130",Bolts,pallet,405.57,95.63,1.530
IMP-004131,"Sample Product 4131",Nuts,each,185.98,2.52,1.055
IMP-004132,"Sample Product 4132",Washers,box,374.63,72.28,0.719
IMP-004133,"Sample Product 4133",Screws,pallet,281.69,207.35,3.916
IMP-004134,"Sample Product 4134",Hose,each,416.57,281.91,1.650
IMP-004135,"Sample Product 4135",Fittings,box,324.61,63.69,0.465
IMP-004136,"Sample Product 4136",Valves,pallet,477.28,149.84,3.137
IMP-004137,"Sample Product 4137",Tables,each,124.33,155.08,0.385
IMP-004138,"Sample Product 4138",Cookware,box,93.06,281.97,4.423
IMP-004139,"Sample Product 4139",Storage,pallet,97.11,202.93,3.359
IMP-004140,"Sample Product 4140",Bolts,each,126.12,187.76,2.660
IMP-004141,"Sample Product 4141",Nuts,box,20.00,296.98,3.991
IMP-004142,"Sample Product 4142",Washers,pallet,155.99,133.01,4.157
IMP-004143,"Sample Product 4143",Screws,each,218.71,41.04,0.269
IMP-004144,"Sample Product 4144",Hose,box,425.12,262.36,2.761
IMP-004145,"Sample Product 4145",Fittings,pallet,92.24,295.25,0.586
IMP-004146,"Sample Product 4146",Valves,each,373.75,207.49,2.346
IMP-004147,"Sample Product 4147",Tables,box,497.48,285.82,1.643
IMP-004148,"Sample Product 4148",Cookware,pallet,334.60,138.08,4.224
IMP-004149,"Sample Product 4149",Storage,each,226.05,8.06,2.463
IMP-004150,"Sample Product 4150",Bolts,box,371.65,101.18,0.981
IMP-004151,"Sample Product 4151",Nuts,pallet,13.02,138.63,1.206
IMP-004152,"Sample Product 4152",Washers,each,4.50,29.00,2.633
IMP-004153,"Sample Product 4153",Screws,box,355.68,132.43,3.247
IMP-004154,"Sample Product 4154",Hose,pallet,264.61,126.38,1.610
IMP-004155,"Sample Product 4155",Fittings,each,154.26,148.21,0.137
IMP-004156,"Sample Product 4156",Valves,box,16.98,67.73,3.883
IMP-004157,"Sample Product 4157",Tables,pallet,213.30,97.91,3.661
IMP-004158,"Sample Product 4158",Cookware,each,168.26,132.33,2.611
IMP-004159,"Sample Product 4159",Storage,box,227.87,138.20,4.333
IMP-004160,"Sample Product 4160",Bolts,pallet,N/A,107.47,2.095
IMP-004161,"Sample Product 4161",Nuts,each,377.67,196.08,4.438
IMP-004162,"Sample Product 4162",Washers,box,215.72,92.46,0.302
IMP-004163,"Sample Product 4163",Screws,pallet,58.83,239.57,1.693
IMP-004164,"Sample Product 4164",Hose,each,164.90,49.10,3.948
IMP-004165,"Sample Product 4165",Fittings,box,305.53,163.28,4.625
IMP-004166,"Sample Product 4166",Valves,pallet,451.10,277.69,3.836
IMP-004167,"Sample Product 4167",Tables,each,3.92,163.49,0.884
IMP-004168,"Sample Product 4168",Cookware,box,202.00,54.56,0.770
IMP-004169,"Sample Product 4169",Storage,pallet,460.05,26.74,0.979
IMP-004170,"Sample Product 4170",Bolts,each,493.20,29.03,4.747
IMP-004171,"Sample Product 4171",Nuts,box,59.03,135.44,1.466
IMP-004172,"Sample Product 4172",Washers,pallet,479.67,166.80,3.911
IMP-004173,"Sample Product 4173",Screws,each,236.71,275.23,3.424
IMP-004174,"Sample Product 4174",Hose,box,92.53,8.98,2.472
IMP-004175,"Sample Product 4175",Fittings,pallet,427.02,94.72,4.981
IMP-004176,"Sample Product 4176",Valves,each,235.81,64.69,3.695
IMP-004177,"Sample Product 4177",Tables,box,130.13,154.00,3.635
IMP-004178,"Sample Product 4178",Cookware,pallet,467.05,297.04,4.964
IMP-004179,"Sample Product 4179",Storage,each,314.51,85.11,0.375
IMP-004180,"Sample Product 4180",Bolts,box,24.54,133.27,2.454
IMP-004181,"Sample Product 4181",Nuts,pallet,313.16,140.41,0.171
IMP-004182,"Sample Product 4182",Washers,each,358.37,268.75,2.951
IMP-004183,"Sample Product 4183",Screws,box,46.65,74.52,0.267
IMP-004184,"Sample Product 4184",Hose,pallet,202.88,192.77,1.512
IMP-004185,"Sample Product 4185",Fittings,each,5.06,145.02,3.361
IMP-004186,"Sample Product 4186",Valves,box,422.67,13.38,3.580
IMP-004187,"Sample Product 4187",Tables,pallet,95.48,110.74,1.522
IMP-004188,"Sample Product 4188",Cookware,each,297.51,113.27,1.280
IMP-004189,"Sample Product 4189",Storage,box,296.04,200.58,4.664
IMP-004190,"Sample Product 4190",Bolts,pallet,364.01,76.27,2.211
IMP-004191,"Sample Product 4191",Nuts,each,244.30,228.93,2.912
IMP-004192,"Sample Product 4192",Washers,box,236.76,124.17,2.545
IMP-004193,"Sample Product 4193",Screws,pallet,382.53,217.32,2.023
IMP-004194,"Sample Product 4194",Hose,each,469.04,21.12,4.415
IMP-004195,"Sample Product 4195",Fittings,box,142.15,277.80,4.485
IMP-004196,"Sample Product 4196",Valves,pallet,26.61,253.36,1.190
IMP-004197,"Sample Product 4197",Tables,each,365.33,218.00,3.025
IMP-004198,"Sample Product 4198",Cookware,box,194.39,249.63,4.945
IMP-004199,"Sample Product 4199",Storage,pallet,203.19,4.24,4.468
IMP-004200,"Sample Product 4200",Bolts,each,N/A,184.66,0.618
IMP-004201,"Sample Product 4201",Nuts,box,405.68,36.54,0.189
IMP-004202,"Sample Product 4202",Washers,pallet,90.77,107.35,1.162
IMP-004203,"Sample Product 4203",Screws,each,495.59,6.85,0.409
IMP-004204,"Sample Product 4204",Hose,box,423.05,83.59,0.492
IMP-004205,"Sample Product 4205",Fittings,pallet,131.71,129.73,4.278
IMP-004206,"Sample Product 4206",Valves,each,260.55,90.18,3.356
IMP-004207,"Sample Product 4207",Tables,box,220.16,275.88,2.281
IMP-004208,"Sample Product 4208",Cookware,pallet,323.70,234.07,1.839
IMP-004209,"Sample Product 4209",Storage,each,31.24,93.47,2.419
IMP-004210,"Sample Product 4210",Bolts,box,41.31,2.75,4.431
IMP-004211,"Sample Product 4211",Nuts,pallet,462.69,58.11,2.450
IMP-004212,"Sample Product 4212",Washers,each,379.99,74.08,1.282
IMP-004213,"Sample Product 4213",Screws,box,142.47,75.41,4.269
IMP-004214,"Sample Product 4214",Hose,pallet,13.29,245.14,3.751
IMP-004215,"Sample Product 4215",Fittings,each,186.55,169.44,2.158
IMP-004216,"Sample Product 4216",Valves,box,373.57,220.33,2.355
IMP-004217,"Sample Product 4217",Tables,pallet,243.37,196.86,2.336
IMP-004218,"Sample Product 4218",Cookware,each,293.13,53.85,0.904
IMP-004219,"Sample Product 4219",Storage,box,19.96,14.41,4.447
IMP-004220,"Sample Product 4220",Bolts,pallet,290.06,296.78,0.138
IMP-004221,"Sample Product 4221",Nuts,each,265.23,128.72,1.691
IMP-004222,"Sample Product 4222",Washers,box,286.79,217.43,1.651
IMP-004223,"Sample Product 4223",Screws,pallet,400.80,88.85,3.826
IMP-004224,"Sample Product 4224",Hose,each,343.98,198.42,4.545
IMP-004225,"Sample Product 4225",Fittings,box,421.28,131.83,2.573
IMP-004226,"Sample Product 4226",Valves,pallet,260.65,110.83,3.788
IMP-004227,"Sample Product 4227",Tables,each,168.89,168.12,0.320
IMP-004228,"Sample Product 4228",Cookware,box,12.07,85.95,0.461
IMP-004229,"Sample Product 4229",Storage,pallet,205.85,209.44,1.996
IMP-004230,"Sample Product 4230",Bolts,each,394.25,165.28,4.041
IMP-004231,"Sample Product 4231",Nuts,box,20.89,20.62,4.648
IMP-004232,"Sample Product 4232",Washers,pallet,221.90,148.67,2.217
IMP-004233,"Sample Product 4233",Screws,each,480.12,164.53,4.951
IMP-004234,"Sample Product 4234",Hose,box,220.10,108.99,4.642
IMP-004235,"Sample Product 4235",Fittings,pallet,422.06,187.44,2.157
IMP-004236,"Sample Product 4236",Valves,each,442.35,287.66,1.356
IMP-004237,"Sample Product 4237",Tables,box,202.47,81.94,2.990
IMP-004238,"Sample Product 4238",Cookware,pallet,442.86,214.01,0.044
IMP-004239,"Sample Product 4239",Storage,each,439.53,199.30,1.496
IMP-004240,"Sample Product 4240",Bolts,box,N/A,137.53,3.225
IMP-004241,"Sample Product 4241",Nuts,pallet,493.87,163.53,4.042
IMP-004242,"Sample Product 4242",Washers,each,324.06,219.05,2.738
IMP-004243,"Sample Product 4243",Screws,box,320.92,266.00,2.094
IMP-004244,"Sample Product 4244",Hose,pallet,115.46,209.58,2.963
IMP-004245,"Sample Product 4245",Fittings,each,487.84,154.85,0.906
IMP-004246,"Sample Product 4246",Valves,box,59.18,58.76,1.275
IMP-004247,"Sample Product 4247",Tables,pallet,203.56,262.80,0.992
IMP-004248,"Sample Product 4248",Cookware,each,213.15,108.62,0.917
IMP-004249,"Sample Product 4249",Storage,box,236.90,124.59,0.368
IMP-004250,"Sample Product 4250",Bolts,pallet,362.11,192.09,1.269
IMP-004251,"Sample Product 4251",Nuts,each,24.23,125.44,0.520
IMP-004252,"Sample Product 4252",Washers,box,58.31,219.46,1.860
IMP-004253,"Sample Product 4253",Screws,pallet,17.36,35.01,0.766
IMP-004254,"Sample Product 4254",Hose,each,493.33,192.48,3.304
IMP-004255,"Sample Product 4255",Fittings,box,328.60,233.20,3.072
IMP-004256,"Sample Product 4256",Valves,pallet,176.38,242.75,1.960
IMP-004257,"Sample Product 4257",Tables,each,212.15,162.76,1.364
IMP-004258,"Sample Product 4258",Cookware,box,3.15,241.64,0.270
IMP-004259,"Sample Product 4259",Storage,pallet,384.12,6.27,2.424
IMP-004260,"Sample Product 4260",Bolts,each,290.53,84.75,3.630
IMP-004261,"Sample Product 4261",Nuts,box,358.76,138.42,4.188
IMP-004262,"Sample Product 4262",Washers,pallet,206.95,173.67,0.500
IMP-004263,"Sample Product 4263",Screws,each,276.20,254.28,1.599
IMP-004264,"Sample Product 4264",Hose,box,377.99,294.96,3.131
IMP-004265,"Sample Product 4265",Fittings,pallet,248.79,169.65,1.939
IMP-004266,"Sample Product 4266",Valves,each,210.98,62.92,0.879
IMP-004267,"Sample Product 4267",Tables,box,487.90,58.86,2.823
IMP-004268,"Sample Product 4268",Cookware,pallet,345.39,207.39,1.714
IMP-004269,"Sample Product 4269",Storage,each,340.61,147.77,1.242
IMP-004270,"Sample Product 4270",Bolts,box,336.19,32.69,1.588
IMP-004271,"Sample Product 4271",Nuts,pallet,366.02,253.38,4.301
IMP-004272,"Sample Product 4272",Washers,each,473.43,27.04,2.629
IMP-004273,"Sample Product 4273",Screws,box,104.71,27.57,2.704
IMP-004274,"Sample Product 4274",Hose,pallet,47.16,215.70,1.489
IMP-004275,"Sample Product 4275",Fittings,each,291.92,43.27,0.281
IMP-004276,"Sample Product 4276",Valves,box,157.07,271.07,0.080
IMP-004277,"Sample Product 4277",Tables,pallet,110.20,159.24,3.323
IMP-004278,"Sample Product 4278",Cookware,each,19.18,275.70,0.889
IMP-004279,"Sample Product 4279",Storage,box,146.16,107.34,1.570
IMP-004280,"Sample Product 4280",Bolts,pallet,N/A,150.67,2.520
IMP-004281,"Sample Product 4281",Nuts,each,484.80,175.91,0.731
IMP-004282,"Sample Product 4282",Washers,box,194.77,228.45,3.751
IMP-004283,"Sample Product 4283",Screws,pallet,452.92,166.51,4.975
IMP-004284,"Sample Product 4284",Hose,each,380.32,193.99,0.178
IMP-004285,"Sample Product 4285",Fittings,box,53.30,42.18,2.071
IMP-004286,"Sample Product 4286",Valves,pallet,446.35,222.27,3.441
IMP-004287,"Sample Product 4287",Tables,each,148.43,63.69,3.403
IMP-004288,"Sample Product 4288",Cookware,box,221.58,112.74,0.106
IMP-004289,"Sample Product 4289",Storage,pallet,139.86,239.67,4.438
IMP-004290,"Sample Product 4290",Bolts,each,105.28,109.75,1.285
IMP-004291,"Sample Product 4291",Nuts,box,364.24,237.22,0.410
IMP-004292,"Sample Product 4292",Washers,pallet,92.69,102.01,3.910
IMP-004293,"Sample Product 4293",Screws,each,387.34,0.75,2.842
IMP-004294,"Sample Product 4294",Hose,box,269.64,27.87,1.244
IMP-004295,"Sample Product 4295",Fittings,pallet,292.63,261.73,3.255
IMP-004296,"Sample Product 4296",Valves,each,140.46,71.45,4.666
IMP-004297,"Sample Product 4297",Tables,box,127.92,263.95,0.378
IMP-004298,"Sample Product 4298",Cookware,pallet,217.89,247.06,2.290
IMP-004299,"Sample Product 4299",Storage,each,232.47,267.74,0.952
IMP-004300,"Sample Product 4300",Bolts,box,443.18,205.96,3.075
IMP-004301,"Sample Product 4301",Nuts,pallet,290.84,227.05,0.076
IMP-004302,"Sample Product 4302",Washers,each,425.81,293.71,1.442
IMP-004303,"Sample Product 4303",Screws,box,124.65,233.56,4.692
IMP-004304,"Sample Product 4304",Hose,pallet,158.29,100.97,1.821
IMP-004305,"Sample Product 4305",Fittings,each,35.97,141.59,3.100
IMP-004306,"Sample Product 4306",Valves,box,120.34,147.39,1.881
IMP-004307,"Sample Product 4307",Tables,pallet,496.69,146.29,2.140
IMP-004308,"Sample Product 4308",Cookware,each,293.11,265.89,4.597
IMP-004309,"Sample Product 4309",Storage,box,198.60,236.17,3.732
IMP-004310,"Sample Product 4310",Bolts,pallet,196.37,144.49,2.034
IMP-004311,"Sample Product 4311",Nuts,each,163.30,255.56,2.490
IMP-004312,"Sample Product 4312",Washers,box,188.88,15.27,3.409
IMP-004313,"Sample Product 4313",Screws,pallet,62.95,140.39,4.958
IMP-004314,"Sample Product 4314",Hose,each,20.54,17.60,1.056
IMP-004315,"Sample Product 4315",Fittings,box,35.13,288.17,1.457
IMP-004316,"Sample Product 4316",Valves,pallet,269.78,169.45,3.285
IMP-004317,"Sample Product 4317",Tables,each,209.76,263.92,0.777
IMP-004318,"Sample Product 4318",Cookware,box,157.39,15.82,4.209
IMP-004319,"Sample Product 4319",Storage,pallet,245.88,253.64,0.807
IMP-004320,"Sample Product 4320",Bolts,each,N/A,184.28,0.929
IMP-004321,"Sample Product 4321",Nuts,box,294.28,207.74,2.466
IMP-004322,"Sample Product 4322",Washers,pallet,21.65,181.81,2.190
IMP-004323,"Sample Product 4323",Screws,each,273.74,72.91,2.333
IMP-004324,"Sample Product 4324",Hose,box,254.79,165.13,0.801
IMP-004325,"Sample Product 4325",Fittings,pallet,276.61,146.13,2.254
IMP-004326,"Sample Product 4326",Valves,each,54.88,249.77,1.603
IMP-004327,"Sample Product 4327",Tables,box,298.32,25.73,2.053
IMP-004328,"Sample Product 4328",Cookware,pallet,496.98,4.24,0.790
IMP-004329,"Sample Product 4329",Storage,each,195.08,76.39,2.546
IMP-004330,"Sample Product 4330",Bolts,box,359.99,182.73,1.062
IMP-004331,"Sample Product 4331",Nuts,pallet,175.53,274.48,2.449
IMP-004332,"Sample Product 4332",Washers,each,38.60,91.90,1.917
IMP-004333,"Sample Product 4333",Screws,box,356.38,291.64,1.346
IMP-004334,"Sample Product 4334",Hose,pallet,141.99,51.55,1.379
IMP-004335,"Sample Product 4335",Fittings,each,386.01,112.64,1.038
IMP-004336,"Sample Product 4336",Valves,box,240.85,47.82,3.376
IMP-004337,"Sample Product 4337",Tables,pallet,388.13,215.88,1.077
IMP-004338,"Sample Product 4338",Cookware,each,444.18,270.75,2.144
IMP-004339,"Sample Product 4339",Storage,box,465.21,298.94,1.568
IMP-004340,"Sample Product 4340",Bolts,pallet,197.33,102.55,0.777
IMP-004341,"Sample Product 4341",Nuts,each,497.97,57.59,2.106
IMP-004342,"Sample Product 4342",Washers,box,256.35,98.43,4.814
IMP-004343,"Sample Product 4343",Screws,pallet,61.42,190.75,0.574
IMP-004344,"Sample Product 4344",Hose,each,14.39,15.57,0.480
IMP-004345,"Sample Product 4345",Fittings,box,286.99,275.64,3.560
IMP-004346,"Sample Product 4346",Valves,pallet,428.80,25.03,0.752
IMP-004347,"Sample Product 4347",Tables,each,257.99,26.13,3.886
IMP-004348,"Sample Product 4348",Cookware,box,47.70,299.82,3.120
IMP-004349,"Sample Product 4349",Storage,pallet,365.75,286.55,0.742
IMP-004350,"Sample Product 4350",Bolts,each,124.38,231.98,3.439
IMP-004351,"Sample Product 4351",Nuts,box,335.48,63.79,2.303
IMP-004352,"Sample Product 4352",Washers,pallet,225.65,69.80,2.297
IMP-004353,"Sample Product 4353",Screws,each,265.06,92.40,0.628
IMP-004354,"Sample Product 4354",Hose,box,460.30,143.25,2.462
IMP-004355,"Sample Product 4355",Fittings,pallet,31.71,25.49,4.787
IMP-004356,"Sample Product 4356",Valves,each,303.59,127.62,3.446
IMP-004357,"Sample Product 4357",Tables,box,162.07,120.47,2.719
IMP-004358,"Sample Product 4358",Cookware,pallet,160.98,289.78,4.779
IMP-004359,"Sample Product 4359",Storage,each,78.54,84.84,3.469
IMP-004360,"Sample Product 4360",Bolts,box,N/A,49.86,0.422
IMP-004361,"Sample Product 4361",Nuts,pallet,163.75,147.27,1.475
IMP-004362,"Sample Product 4362",Washers,each,236.16,233.62,2.194
IMP-004363,"Sample Product 4363",Screws,box,241.73,63.99,1.167
IMP-004364,"Sample Product 4364",Hose,pallet,370.83,210.33,0.328
IMP-004365,"Sample Product 4365",Fittings,each,0.53,192.15,2.118
IMP-004366,"Sample Product 4366",Valves,box,356.25,21.86,2.181
IMP-004367,"Sample Product 4367",Tables,pallet,270.54,192.10,1.525
IMP-004368,"Sample Product 4368",Cookware,each,237.66,230.65,4.343
IMP-004369,"Sample Product 4369",Storage,box,321.88,73.34,1.834
IMP-004370,"Sample Product 4370",Bolts,pallet,378.28,181.53,2.780
IMP-004371,"Sample Product 4371",Nuts,each,314.29,152.41,4.787
IMP-004372,"Sample Product 4372",Washers,box,252.74,259.89,3.776
IMP-004373,"Sample Product 4373",Screws,pallet,118.31,44.48,4.740
IMP-004374,"Sample Product 4374",Hose,each,468.60,128.45,1.663
IMP-004375,"Sample Product 4375",Fittings,box,360.26,20.61,1.770
IMP-004376,"Sample Product 4376",Valves,pallet,241.60,98.04,4.619
IMP-004377,"Sample Product 4377",Tables,each,185.01,44.39,1.406
IMP-004378,"Sample Product 4378",Cookware,box,192.21,20.36,0.927
IMP-004379,"Sample Product 4379",Storage,pallet,146.03,9.19,1.161
IMP-004380,"Sample Product 4380",Bolts,each,498.70,126.01,0.638
IMP-004381,"Sample Product 4381",Nuts,box,31.36,76.16,3.311
IMP-004382,"Sample Product 4382",Washers,pallet,354.57,117.84,3.137
IMP-004383,"Sample Product 4383",Screws,each,32.48,263.73,3.008
IMP-004384,"Sample Product 4384",Hose,box,403.43,68.35,0.050
IMP-004385,"Sample Product 4385",Fittings,pallet,127.89,210.18,4.450
IMP-004386,"Sample Product 4386",Valves,each,32.76,162.02,2.346
IMP-004387,"Sample Product 4387",Tables,box,43.43,263.55,4.080
IMP-004388,"Sample Product 4388",Cookware,pallet,381.55,81.85,2.167
IMP-004389,"Sample Product 4389",Storage,each,226.32,95.74,3.721
IMP-004390,"Sample Product 4390",Bolts,box,115.67,236.95,1.849
IMP-004391,"Sample Product 4391",Nuts,pallet,189.27,97.31,4.589
IMP-004392,"Sample Product 4392",Washers,each,34.47,214.96,1.297
IMP-004393,"Sample Product 4393",Screws,box,329.89,274.91,1.772
IMP-004394,"Sample Product 4394",Hose,pallet,43.78,29.11,4.358
IMP-004395,"Sample Product 4395",Fittings,each,151.77,236.19,2.682
IMP-004396,"Sample Product 4396",Valves,box,160.30,65.37,2.177
IMP-004397,"Sample Product 4397",Tables,pallet,77.22,287.53,4.941
IMP-004398,"Sample Product 4398",Cookware,each,160.18,228.88,2.046
IMP-004399,"Sample Product 4399",Storage,box,114.04,114.73,0.111
IMP-004400,"Sample Product 4400",Bolts,pallet,N/A,204.91,0.258
IMP-004401,"Sample Product 4401",Nuts,each,329.22,237.67,4.341
IMP-004402,"Sample Product 4402",Washers,box,430.47,229.32,3.847
IMP-004403,"Sample Product 4403",Screws,pallet,342.40,269.63,0.465
IMP-004404,"Sample Product 4404",Hose,each,6.01,258.18,1.438
IMP-004405,"Sample Product 4405",Fittings,box,411.62,68.05,4.839
IMP-004406,"Sample Product 4406",Valves,pallet,426.72,4.97,1.024
IMP-004407,"Sample Product 4407",Tables,each,258.19,277.79,1.198
IMP-004408,"Sample Product 4408",Cookware,box,254.79,232.16,1.933
IMP-004409,"Sample Product 4409",Storage,pallet,340.90,249.22,2.870
IMP-004410,"Sample Product 4410",Bolts,each,375.78,67.36,2.715
IMP-004411,"Sample Product 4411",Nuts,box,164.33,133.37,1.057
IMP-004412,"Sample Product 4412",Washers,pallet,437.30,18.95,1.938
IMP-004413,"Sample Product 4413",Screws,each,303.16,109.41,2.329
IMP-004414,"Sample Product 4414",Hose,box,79.82,60.60,1.195
IMP-004415,"Sample Product 4415",Fittings,pallet,235.62,213.73,0.184
IMP-004416,"Sample Product 4416",Valves,each,336.00,141.08,0.121
IMP-004417,"Sample Product 4417",Tables,box,489.57,284.38,1.490
IMP-004418,"Sample Product 4418",Cookware,pallet,45.41,198.16,0.585
IMP-004419,"Sample Product 4419",Storage,each,30.68,180.80,0.603
IMP-004420,"Sample Product 4420",Bolts,box,375.40,59.46,4.724
IMP-004421,"Sample Product 4421",Nuts,pallet,403.34,275.20,3.740
IMP-004422,"Sample Product 4422",Washers,each,37.48,245.99,3.402
IMP-004423,"Sample Product 4423",Screws,box,382.28,269.85,2.898
IMP-004424,"Sample Product 4424",Hose,pallet,167.89,118.96,2.570
IMP-004425,"Sample Product 4425",Fittings,each,364.29,168.30,3.415
IMP-004426,"Sample Product 4426",Valves,box,212.80,29.03,4.040
IMP-004427,"Sample Product 4427",Tables,pallet,57.76,153.96,3.857
IMP-004428,"Sample Product 4428",Cookware,each,70.97,45.08,4.058
IMP-004429,"Sample Product 4429",Storage,box,343.97,3.91,1.513
IMP-004430,"Sample Product 4430",Bolts,pallet,341.45,18.23,1.822
IMP-004431,"Sample Product 4431",Nuts,each,499.04,281.95,3.401
IMP-004432,"Sample Product 4432",Washers,box,215.70,31.37,1.212
IMP-004433,"Sample Product 4433",Screws,pallet,120.17,187.17,0.112
IMP-004434,"Sample Product 4434",Hose,each,223.59,269.12,1.736
IMP-004435,"Sample Product 4435",Fittings,box,488.12,173.89,2.777
IMP-004436,"Sample Product 4436",Valves,pallet,471.76,203.78,1.269
IMP-004437,"Sample Product 4437",Tables,each,491.03,3.76,0.576
IMP-004438,"Sample Product 4438",Cookware,box,274.54,93.34,3.376
IMP-004439,"Sample Product 4439",Storage,pallet,408.26,70.70,0.671
IMP-004440,"Sample Product 4440",Bolts,each,N/A,48.94,3.506
IMP-004441,"Sample Product 4441",Nuts,box,44.24,54.84,0.712
IMP-004442,"Sample Product 4442",Washers,pallet,106.11,177.53,3.708
IMP-004443,"Sample Product 4443",Screws,each,149.04,131.81,4.969
IMP-004444,"Sample Product 4444",Hose,box,0.55,187.99,0.335
IMP-004445,"Sample Product 4445",Fittings,pallet,300.20,140.31,4.795
IMP-004446,"Sample Product 4446",Valves,each,189.24,298.41,0.188
IMP-004447,"Sample Product 4447",Tables,box,390.63,255.39,1.333
IMP-004448,"Sample Product 4448",Cookware,pallet,329.06,139.93,1.316
IMP-004449,"Sample Product 4449",Storage,each,318.97,30.98,0.694
IMP-004450,"Sample Product 4450",Bolts,box,288.96,280.89,2.305
IMP-004451,"Sample Product 4451",Nuts,pallet,378.76,271.68,1.340
IMP-004452,"Sample Product 4452",Washers,each,54.92,138.09,0.015
IMP-004453,"Sample Product 4453",Screws,box,239.81,290.59,1.216
IMP-004454,"Sample Product 4454",Hose,pallet,429.67,209.59,3.952
IMP-004455,"Sample Product 4455",Fittings,each,498.08,141.60,0.072
IMP-004456,"Sample Product 4456",Valves,box,354.09,154.05,4.875
IMP-004457,"Sample Product 4457",Tables,pallet,300.62,38.86,0.696
IMP-004458,"Sample Product 4458",Cookware,each,320.24,67.77,3.717
IMP-004459,"Sample Product 4459",Storage,box,127.52,119.11,4.300
IMP-004460,"Sample Product 4460",Bolts,pallet,297.06,252.71,3.465
IMP-004461,"Sample Product 4461",Nuts,each,193.39,244.75,0.941
IMP-004462,"Sample Product 4462",Washers,box,360.88,36.38,1.301
IMP-004463,"Sample Product 4463",Screws,pallet,176.88,226.82,4.286
IMP-004464,"Sample Product 4464",Hose,each,266.53,3.10,0.869
IMP-004465,"Sample Product 4465",Fittings,box,56.33,44.44,4.262
IMP-004466,"Sample Product 4466",Valves,pallet,425.93,195.53,0.591
IMP-004467,"Sample Product 4467",Tables,each,105.67,47.18,3.460
IMP-004468,"Sample Product 4468",Cookware,box,157.19,203.88,2.721
IMP-004469,"Sample Product 4469",Storage,pallet,69.65,258.42,3.896
IMP-004470,"Sample Product 4470",Bolts,each,133.43,207.05,2.946
IMP-004471,"Sample Product 4471",Nuts,box,437.62,119.55,3.997
IMP-004472,"Sample Product 4472",Washers,pallet,122.14,28.42,0.474
IMP-004473,"Sample Product 4473",Screws,each,213.46,38.04,2.881
IMP-004474,"Sample Product 4474",Hose,box,73.60,251.72,0.931
IMP-004475,"Sample Product 4475",Fittings,pallet,343.38,242.73,4.173
IMP-004476,"Sample Product 4476",Valves,each,8.44,22.29,2.853
IMP-004477,"Sample Product 4477",Tables,box,285.46,200.88,3.710
IMP-004478,"Sample Product 4478",Cookware,pallet,173.64,30.35,4.828
IMP-004479,"Sample Product 4479",Storage,each,24.78,267.91,1.290
IMP-004480,"Sample Product 4480",Bolts,box,N/A,103.44,4.303
IMP-004481,"Sample Product 4481",Nuts,pallet,66.06,144.04,2.471
IMP-004482,"Sample Product 4482",Washers,each,300.91,50.75,4.767
IMP-004483,"Sample Product 4483",Screws,box,258.07,71.79,1.861
IMP-004484,"Sample Product 4484",Hose,pallet,63.69,62.60,0.313
IMP-004485,"Sample Product 4485",Fittings,each,382.12,120.19,0.211
IMP-004486,"Sample Product 4486",Valves,box,60.77,77.21,1.302
IMP-004487,"Sample Product 4487",Tables,pallet,258.09,168.45,0.862
IMP-004488,"Sample Product 4488",Cookware,each,143.82,219.01,4.580
IMP-004489,"Sample Product 4489",Storage,box,67.36,136.87,1.761
IMP-004490,"Sample Product 4490",Bolts,pallet,85.98,59.93,4.846
IMP-004491,"Sample Product 4491",Nuts,each,265.85,182.21,0.028
IMP-004492,"Sample Product 4492",Washers,box,453.32,95.13,2.179
IMP-004493,"Sample Product 4493",Screws,pallet,308.23,299.56,3.204
IMP-004494,"Sample Product 4494",Hose,each,443.81,128.83,2.358
IMP-004495,"Sample Product 4495",Fittings,box,56.74,208.84,4.884
IMP-004496,"Sample Product 4496",Valves,pallet,436.02,25.61,1.468
IMP-004497,"Sample Product 4497",Tables,each,170.10,256.21,0.212
IMP-004498,"Sample Product 4498",Cookware,box,93.53,175.14,2.705
IMP-004499,"Sample Product 4499",Storage,pallet,340.67,10.27,0.561
IMP-004500,"Sample Product 4500",Bolts,each,240.49,223.93,4.391
IMP-004501,"Sample Product 4501",Nuts,box,8.31,13.71,4.797
IMP-004502,"Sample Product 4502",Washers,pallet,379.54,294.29,1.372
IMP-004503,"Sample Product 4503",Screws,each,56.83,56.38,4.387
IMP-004504,"Sample Product 4504",Hose,box,319.37,29.67,0.758
IMP-004505,"Sample Product 4505",Fittings,pallet,128.23,117.46,2.413
IMP-004506,"Sample Product 4506",Valves,each,99.78,163.06,4.802
IMP-004507,"Sample Product 4507",Tables,box,129.41,87.12,4.242
IMP-004508,"Sample Product 4508",Cookware,pallet,210.18,198.47,3.925
IMP-004509,"Sample Product 4509",Storage,each,48.05,282.41,0.245
IMP-004510,"Sample Product 4510",Bolts,box,252.68,204.49,2.908
IMP-004511,"Sample Product 4511",Nuts,pallet,195.86,269.38,4.074
IMP-004512,"Sample Product 4512",Washers,each,450.13,51.78,0.168
IMP-004513,"Sample Product 4513",Screws,box,274.47,234.49,3.996
IMP-004514,"Sample Product 4514",Hose,pallet,168.24,238.74,2.215
IMP-004515,"Sample Product 4515",Fittings,each,335.40,123.15,2.194
IMP-004516,"Sample Product 4516",Valves,box,74.28,277.51,2.483
IMP-004517,"Sample Product 4517",Tables,pallet,19.69,49.62,0.012
IMP-004518,"Sample Product 4518",Cookware,each,311.47,23.75,1.887
IMP-004519,"Sample Product 4519",Storage,box,43.72,208.89,4.759
IMP-004520,"Sample Product 4520",Bolts,pallet,N/A,127.22,0.251
IMP-004521,"Sample Product 4521",Nuts,each,316.05,275.70,4.700
IMP-004522,"Sample Product 4522",Washers,box,341.24,231.59,3.637
IMP-004523,"Sample Product 4523",Screws,pallet,304.98,92.20,4.297
IMP-004524,"Sample Product 4524",Hose,each,9.05,43.49,0.258
IMP-004525,"Sample Product 4525",Fittings,box,102.55,232.47,4.539
IMP-004526,"Sample Product 4526",Valves,pallet,180.58,40.58,4.972
IMP-004527,"Sample Product 4527",Tables,each,215.81,224.44,2.341
IMP-004528,"Sample Product 4528",Cookware,box,399.47,126.48,1.804
IMP-004529,"Sample Product 4529",Storage,pallet,397.61,297.70,1.776
IMP-004530,"Sample Product 4530",Bolts,each,433.48,37.11,2.322
IMP-004531,"Sample Product 4531",Nuts,box,97.90,110.23,0.170
IMP-004532,"Sample Product 4532",Washers,pallet,123.79,125.00,4.199
IMP-004533,"Sample Product 4533",Screws,each,380.09,184.95,2.385
IMP-004534,"Sample Product 4534",Hose,box,370.83,173.90,3.714
IMP-004535,"Sample Product 4535",Fittings,pallet,142.25,132.17,3.102
IMP-004536,"Sample Product 4536",Valves,each,130.53,209.89,1.719
IMP-004537,"Sample Product 4537",Tables,box,51.00,205.81,4.843
IMP-004538,"Sample Product 4538",Cookware,pallet,211.63,259.41,4.922
IMP-004539,"Sample Product 4539",Storage,each,463.66,164.66,0.066
IMP-004540,"Sample Product 4540",Bolts,box,248.03,290.78,4.853
IMP-004541,"Sample Product 4541",Nuts,pallet,421.13,98.43,0.546
IMP-004542,"Sample Product 4542",Washers,each,339.22,34.28,3.032
IMP-004543,"Sample Product 4543",Screws,box,79.82,88.81,3.500
IMP-004544,"Sample Product 4544",Hose,pallet,89.63,254.87,1.118
IMP-004545,"Sample Product 4545",Fittings,each,327.53,267.13,0.133
IMP-004546,"Sample Product 4546",Valves,box,351.09,299.86,0.667
IMP-004547,"Sample Product 4547",Tables,pallet,146.52,292.22,1.400
IMP-004548,"Sample Product 4548",Cookware,each,315.15,267.69,0.981
IMP-004549,"Sample Product 4549",Storage,box,4.85,58.34,0.032
IMP-004550,"Sample Product 4550",Bolts,pallet,235.47,14.07,0.872
IMP-004551,"Sample Product 4551",Nuts,each,145.93,142.25,3.344
IMP-004552,"Sample Product 4552",Washers,box,294.41,205.97,0.549
IMP-004553,"Sample Product 4553",Screws,pallet,213.28,138.27,2.000
IMP-004554,"Sample Product 4554",Hose,each,58.30,7.46,3.329
IMP-004555,"Sample Product 4555",Fittings,box,480.73,68.77,0.141
IMP-004556,"Sample Product 4556",Valves,pallet,306.41,59.09,1.200
IMP-004557,"Sample Product 4557",Tables,each,175.86,19.09,4.323
IMP-004558,"Sample Product 4558",Cookware,box,145.27,154.99,3.199
IMP-004559,"Sample Product 4559",Storage,pallet,211.41,57.31,1.650
IMP-004560,"Sample Product 4560",Bolts,each,N/A,21.55,1.550
IMP-004561,"Sample Product 4561",Nuts,box,66.72,107.93,0.708
IMP-004562,"Sample Product 4562",Washers,pallet,296.14,230.49,3.088
IMP-004563,"Sample Product 4563",Screws,each,361.77,147.95,4.381
IMP-004564,"Sample Product 4564",Hose,box,445.92,242.13,1.660
IMP-004565,"Sample Product 4565",Fittings,pallet,309.19,236.33,0.323
IMP-004566,"Sample Product 4566",Valves,each,352.71,272.38,1.568
IMP-004567,"Sample Product 4567",Tables,box,26.98,0.64,3.786
IMP-004568,"Sample Product 4568",Cookware,pallet,95.65,65.86,3.506
IMP-004569,"Sample Product 4569",Storage,each,469.38,38.37,1.107
IMP-004570,"Sample Product 4570",Bolts,box,402.85,172.43,3.322
IMP-004571,"Sample Product 4571",Nuts,pallet,467.23,42.57,3.237
IMP-004572,"Sample Product 4572",Washers,each,254.50,203.80,3.919
IMP-004573,"Sample Product 4573",Screws,box,231.09,124.28,4.535
IMP-004574,"Sample Product 4574",Hose,pallet,240.20,272.16,4.627
IMP-004575,"Sample Product 4575",Fittings,each,247.16,136.26,4.214
IMP-004576,"Sample Product 4576",Valves,box,446.52,214.36,4.042
IMP-004577,"Sample Product 4577",Tables,pallet,277.54,135.66,1.268
IMP-004578,"Sample Product 4578",Cookware,each,26.17,114.72,2.945
IMP-004579,"Sample Product 4579",Storage,box,474.74,135.80,4.655
IMP-004580,"Sample Product 4580",Bolts,pallet,5.61,84.68,2.804
IMP-004581,"Sample Product 4581",Nuts,each,473.47,209.91,1.680
IMP-004582,"Sample Product 4582",Washers,box,199.97,297.22,4.381
IMP-004583,"Sample Product 4583",Screws,pallet,387.80,153.46,3.914
IMP-004584,"Sample Product 4584",Hose,each,49.92,138.37,1.829
IMP-004585,"Sample Product 4585",Fittings,box,291.74,43.66,0.583
IMP-004586,"Sample Product 4586",Valves,pallet,496.03,43.48,3.704
IMP-004587,"Sample Product 4587",Tables,each,399.99,1.22,0.855
IMP-004588,"Sample Product 4588",Cookware,box,262.19,248.57,1.294
IMP-004589,"Sample Product 4589",Storage,pallet,120.72,108.30,4.140
IMP-004590,"Sample Product 4590",Bolts,each,370.21,103.48,3.167
IMP-004591,"Sample Product 4591",Nuts,box,363.02,214.67,4.868
IMP-004592,"Sample Product 4592",Washers,pallet,395.27,15.00,0.449
IMP-004593,"Sample Product 4593",Screws,each,340.32,270.41,3.013
IMP-004594,"Sample Product 4594",Hose,box,195.11,295.14,0.648
IMP-004595,"Sample Product 4595",Fittings,pallet,383.07,65.05,4.743
IMP-004596,"Sample Product 4596",Valves,each,479.02,32.60,1.181
IMP-004597,"Sample Product 4597",Tables,box,257.54,35.46,2.016
IMP-004598,"Sample Product 4598",Cookware,pallet,144.93,61.65,0.924
IMP-004599,"Sample Product 4599",Storage,each,232.20,87.51,3.240
IMP-004600,"Sample Product 4600",Bolts,box,N/A,27.76,4.129
IMP-004601,"Sample Product 4601",Nuts,pallet,99.49,113.47,0.983
IMP-004602,"Sample Product 4602",Washers,each,380.49,106.15,2.191
IMP-004603,"Sample Product 4603",Screws,box,37.77,2.79,4.174
IMP-004604,"Sample Product 4604",Hose,pallet,471.11,264.47,2.154
IMP-004605,"Sample Product 4605",Fittings,each,22.57,134.69,1.923
IMP-004606,"Sample Product 4606",Valves,box,220.00,35.26,4.093
IMP-004607,"Sample Product 4607",Tables,pallet,402.83,291.51,1.389
IMP-004608,"Sample Product 4608",Cookware,each,12.62,189.18,4.440
IMP-004609,"Sample Product 4609",Storage,box,386.80,0.79,1.528
IMP-004610,"Sample Product 4610",Bolts,pallet,257.36,84.92,3.458
IMP-004611,"Sample Product 4611",Nuts,each,31.40,28.03,1.980
IMP-004612,"Sample Product 4612",Washers,box,125.35,92.30,2.188
IMP-004613,"Sample Product 4613",Screws,pallet,168.37,123.56,3.233
IMP-004614,"Sample Product 4614",Hose,each,268.64,182.87,4.027
IMP-004615,"Sample Product 4615",Fittings,box,4.48,178.06,2.970
IMP-004616,"Sample Product 4616",Valves,pallet,346.22,23.68,3.674
IMP-004617,"Sample Product 4617",Tables,each,106.24,252.04,4.823
IMP-004618,"Sample Product 4618",Cookware,box,384.65,53.79,3.233
IMP-004619,"Sample Product 4619",Storage,pallet,319.52,41.56,1.290
IMP-004620,"Sample Product 4620",Bolts,each,482.15,55.44,4.873
IMP-004621,"Sample Product 4621",Nuts,box,300.54,96.62,2.911
IMP-004622,"Sample Product 4622",Washers,pallet,354.94,75.51,3.819
IMP-004623,"Sample Product 4623",Screws,each,244.02,145.92,1.298
IMP-004624,"Sample Product 4624",Hose,box,452.25,157.10,0.782
IMP-004625,"Sample Product 4625",Fittings,pallet,278.58,261.30,3.716
IMP-004626,"Sample Product 4626",Valves,each,496.79,174.44,4.462
IMP-004627,"Sample Product 4627",Tables,box,454.94,266.58,4.823
IMP-004628,"Sample Product 4628",Cookware,pallet,220.82,1.31,2.133
IMP-004629,"Sample Product 4629",Storage,each,409.62,182.78,0.953
IMP-004630,"Sample Product 4630",Bolts,box,213.38,125.71,1.946
IMP-004631,"Sample Product 4631",Nuts,pallet,483.83,84.54,3.722
IMP-004632,"Sample Product 4632",Washers,each,210.24,62.45,3.249
IMP-004633,"Sample Product 4633",Screws,box,60.95,44.26,3.122
IMP-004634,"Sample Product 4634",Hose,pallet,8.09,297.19,2.733
IMP-004635,"Sample Product 4635",Fittings,each,495.82,128.54,0.944
IMP-004636,"Sample Product 4636",Valves,box,33.09,177.35,2.388
IMP-004637,"Sample Product 4637",Tables,pallet,76.81,271.86,0.727
IMP-004638,"Sample Product 4638",Cookware,each,75.42,181.31,1.546
IMP-004639,"Sample Product 4639",Storage,box,59.90,267.31,3.056
IMP-004640,"Sample Product 4640",Bolts,pallet,N/A,70.84,3.269
IMP-004641,"Sample Product 4641",Nuts,each,291.17,288.89,1.199
IMP-004642,"Sample Product 4642",Washers,box,57.23,290.94,0.332
IMP-004643,"Sample Product 4643",Screws,pallet,106.64,119.86,1.140
IMP-004644,"Sample Product 4644",Hose,each,340.72,154.78,4.437
IMP-004645,"Sample Product 4645",Fittings,box,167.40,122.46,2.167
IMP-004646,"Sample Product 4646",Valves,pallet,416.79,131.29,1.795
IMP-004647,"Sample Product 4647",Tables,each,286.02,116.95,1.066
IMP-004648,"Sample Product 4648",Cookware,box,131.05,37.51,2.933
IMP-004649,"Sample Product 4649",Storage,pallet,334.39,207.42,3.108
IMP-004650,"Sample Product 4650",Bolts,each,106.92,272.66,1.838
IMP-004651,"Sample Product 4651",Nuts,box,37.52,213.84,0.717
IMP-004652,"Sample Product 4652",Washers,pallet,84.50,171.96,4.412
IMP-004653,"Sample Product 4653",Screws,each,444.98,208.69,0.973
IMP-004654,"Sample Product 4654",Hose,box,413.11,262.85,3.137
IMP-004655,"Sample Product 4655",Fittings,pallet,486.07,225.03,0.930
IMP-004656,"Sample Product 4656",Valves,each,487.46,273.20,0.081
IMP-004657,"Sample Product 4657",Tables,box,182.06,286.39,3.148
IMP-004658,"Sample Product 4658",Cookware,pallet,413.86,223.71,4.341
IMP-004659,"Sample Product 4659",Storage,each,31.10,87.27,2.889
IMP-004660,"Sample Product 4660",Bolts,box,418.77,21.07,4.745
IMP-004661,"Sample Product 4661",Nuts,pallet,292.32,250.06,2.148
IMP-004662,"Sample Product 4662",Washers,each,498.81,99.33,2.497
IMP-004663,"Sample Product 4663",Screws,box,236.40,76.19,3.114
IMP-004664,"Sample Product 4664",Hose,pallet,238.89,191.02,0.494
IMP-004665,"Sample Product 4665",Fittings,each,473.06,157.32,2.128
IMP-004666,"Sample Product 4666",Valves,box,272.57,69.75,1.197
IMP-004667,"Sample Product 4667",Tables,pallet,436.88,117.92,0.036
IMP-004668,"Sample Product 4668",Cookware,each,353.95,54.05,4.376
IMP-004669,"Sample Product 4669",Storage,box,319.51,224.74,1.246
IMP-004670,"Sample Product 4670",Bolts,pallet,160.35,205.71,0.655
IMP-004671,"Sample Product 4671",Nuts,each,350.64,268.01,4.616
IMP-004672,"Sample Product 4672",Washers,box,214.60,185.80,0.378
IMP-004673,"Sample Product 4673",Screws,pallet,134.46,21.27,4.576
IMP-004674,"Sample Product 4674",Hose,each,477.69,20.83,2.342
IMP-004675,"Sample Product 4675",Fittings,box,51.54,151.99,2.391
IMP-004676,"Sample Product 4676",Valves,pallet,369.62,272.82,0.166
IMP-004677,"Sample Product 4677",Tables,each,374.48,171.48,1.109
IMP-004678,"Sample Product 4678",Cookware,box,347.04,75.05,1.208
IMP-004679,"Sample Product 4679",Storage,pallet,156.73,222.02,0.776
IMP-004680,"Sample Product 4680",Bolts,each,N/A,195.92,1.132
IMP-004681,"Sample Product 4681",Nuts,box,402.73,280.09,2.870
IMP-004682,"Sample Product 4682",Washers,pallet,98.20,276.31,0.196
IMP-004683,"Sample Product 4683",Screws,each,149.40,204.76,3.401
IMP-004684,"Sample Product 4684",Hose,box,221.15,182.03,3.682
IMP-004685,"Sample Product 4685",Fittings,pallet,417.53,263.37,1.876
IMP-004686,"Sample Product 4686",Valves,each,36.87,196.04,4.362
IMP-004687,"Sample Product 4687",Tables,box,242.91,260.85,3.120
IMP-004688,"Sample Product 4688",Cookware,pallet,380.77,298.91,0.113
IMP-004689,"Sample Product 4689",Storage,each,352.55,119.28,1.043
IMP-004690,"Sample Product 4690",Bolts,box,283.91,154.41,2.650
IMP-004691,"Sample Product 4691",Nuts,pallet,406.04,177.92,0.118
IMP-004692,"Sample Product 4692",Washers,each,415.83,213.77,4.110
IMP-004693,"Sample Product 4693",Screws,box,339.26,279.44,4.346
IMP-004694,"Sample Product 4694",Hose,pallet,452.12,255.99,2.184
IMP-004695,"Sample Product 4695",Fittings,each,259.57,107.83,4.694
IMP-004696,"Sample Product 4696",Valves,box,241.88,62.10,1.096
IMP-004697,"Sample Product 4697",Tables,pallet,478.98,183.56,2.228
IMP-004698,"Sample Product 4698",Cookware,each,451.16,202.83,3.929
IMP-004699,"Sample Product 4699",Storage,box,252.69,230.23,0.463
IMP-004700,"Sample Product 4700",Bolts,pallet,489.23,193.87,3.705
IMP-004701,"Sample Product 4701",Nuts,each,338.40,124.78,2.299
IMP-004702,"Sample Product 4702",Washers,box,402.68,287.05,1.421
IMP-004703,"Sample Product 4703",Screws,pallet,232.09,89.02,0.696
IMP-004704,"Sample Product 4704",Hose,each,92.69,58.13,0.438
IMP-004705,"Sample Product 4705",Fittings,box,115.76,239.89,2.809
IMP-004706,"Sample Product 4706",Valves,pallet,2.22,273.05,2.156
IMP-004707,"Sample Product 4707",Tables,each,237.28,287.67,0.906
IMP-004708,"Sample Product 4708",Cookware,box,269.93,41.42,4.477
IMP-004709,"Sample Product 4709",Storage,pallet,140.54,203.41,1.577
IMP-004710,"Sample Product 4710",Bolts,each,258.78,152.07,3.397
IMP-004711,"Sample Product 4711",Nuts,box,156.07,293.95,3.704
IMP-004712,"Sample Product 4712",Washers,pallet,336.86,241.65,4.131
IMP-004713,"Sample Product 4713",Screws,each,40.24,180.92,4.999
IMP-004714,"Sample Product 4714",Hose,box,8.40,255.46,0.986
IMP-004715,"Sample Product 4715",Fittings,pallet,210.08,159.13,0.407
IMP-004716,"Sample Product 4716",Valves,each,490.07,138.68,3.671
IMP-004717,"Sample Product 4717",Tables,box,488.82,85.06,3.229
IMP-004718,"Sample Product 4718",Cookware,pallet,256.56,139.27,0.848
IMP-004719,"Sample Product 4719",Storage,each,192.93,23.69,0.614
IMP-004720,"Sample Product 4720",Bolts,box,N/A,181.45,4.147
IMP-004721,"Sample Product 4721",Nuts,pallet,499.28,187.10,2.446
IMP-004722,"Sample Product 4722",Washers,each,29.41,238.34,0.939
IMP-004723,"Sample Product 4723",Screws,box,338.68,123.91,3.794
IMP-004724,"Sample Product 4724",Hose,pallet,120.16,287.65,1.958
IMP-004725,"Sample Product 4725",Fittings,each,275.74,103.68,0.270
IMP-004726,"Sample Product 4726",Valves,box,393.83,281.45,3.915
IMP-004727,"Sample Product 4727",Tables,pallet,471.24,174.11,1.468
IMP-004728,"Sample Product 4728",Cookware,each,490.40,140.58,3.976
IMP-004729,"Sample Product 4729",Storage,box,350.69,95.41,4.572
IMP-004730,"Sample Product 4730",Bolts,pallet,444.57,197.35,3.965
IMP-004731,"Sample Product 4731",Nuts,each,160.81,102.75,2.767
IMP-004732,"Sample Product 4732",Washers,box,222.75,206.70,4.842
IMP-004733,"Sample Product 4733",Screws,pallet,311.78,151.51,2.283
IMP-004734,"Sample Product 4734",Hose,each,407.20,281.73,2.220
IMP-004735,"Sample Product 4735",Fittings,box,321.77,28.03,0.454
IMP-004736,"Sample Product 4736",Valves,pallet,424.14,74.86,3.942
IMP-004737,"Sample Product 4737",Tables,each,466.42,160.86,2.975
IMP-004738,"Sample Product 4738",Cookware,box,211.41,139.37,0.608
IMP-004739,"Sample Product 4739",Storage,pallet,308.00,98.89,1.830
IMP-004740,"Sample Product 4740",Bolts,each,179.91,118.18,0.534
IMP-004741,"Sample Product 4741",Nuts,box,493.00,295.98,2.637
IMP-004742,"Sample Product 4742",Washers,pallet,38.76,43.18,1.381
IMP-004743,"Sample Product 4743",Screws,each,285.39,222.34,1.458
IMP-004744,"Sample Product 4744",Hose,box,119.35,155.59,4.474
IMP-004745,"Sample Product 4745",Fittings,pallet,155.44,258.60,4.285
IMP-004746,"Sample Product 4746",Valves,each,52.10,72.97,4.162
IMP-004747,"Sample Product 4747",Tables,box,480.53,94.51,3.220
IMP-004748,"Sample Product 4748",Cookware,pallet,236.97,176.28,4.600
IMP-004749,"Sample Product 4749",Storage,each,451.06,68.86,1.769
IMP-004750,"Sample Product 4750",Bolts,box,178.27,51.13,3.497
IMP-004751,"Sample Product 4751",Nuts,pallet,45.04,138.30,4.521
IMP-004752,"Sample Product 4752",Washers,each,499.15,243.50,2.094
IMP-004753,"Sample Product 4753",Screws,box,123.41,91.38,0.570
IMP-004754,"Sample Product 4754",Hose,pallet,159.85,283.05,0.424
IMP-004755,"Sample Product 4755",Fittings,each,465.30,18.95,3.052
IMP-004756,"Sample Product 4756",Valves,box,20.33,84.18,2.007
IMP-004757,"Sample Product 4757",Tables,pallet,35.14,18.33,4.173
IMP-004758,"Sample Product 4758",Cookware,each,3.77,229.82,3.091
IMP-004759,"Sample Product 4759",Storage,box,50.03,119.01,3.025
IMP-004760,"Sample Product 4760",Bolts,pallet,N/A,183.49,1.850
IMP-004761,"Sample Product 4761",Nuts,each,153.31,272.52,2.320
IMP-004762,"Sample Product 4762",Washers,box,139.46,122.19,0.371
IMP-004763,"Sample Product 4763",Screws,pallet,213.21,7.76,3.333
IMP-004764,"Sample Product 4764",Hose,each,400.50,257.45,4.886
IMP-004765,"Sample Product 4765",Fittings,box,354.94,192.00,4.346
IMP-004766,"Sample Product 4766",Valves,pallet,93.17,107.13,1.379
IMP-004767,"Sample Product 4767",Tables,each,405.04,277.33,1.008
IMP-004768,"Sample Product 4768",Cookware,box,38.78,177.00,2.338
IMP-004769,"Sample Product 4769",Storage,pallet,297.70,289.32,3.681
IMP-004770,"Sample Product 4770",Bolts,each,374.48,267.35,1.042
IMP-004771,"Sample Product 4771",Nuts,box,213.51,16.59,0.892
IMP-004772,"Sample Product 4772",Washers,pallet,89.26,134.04,3.409
IMP-004773,"Sample Product 4773",Screws,each,87.67,285.39,2.725
IMP-004774,"Sample Product 4774",Hose,box,402.21,180.65,1.446
IMP-004775,"Sample Product 4775",Fittings,pallet,240.83,238.67,3.784
IMP-004776,"Sample Product 4776",Valves,each,345.23,152.94,4.320
IMP-004777,"Sample Product 4777",Tables,box,375.38,127.54,2.246
IMP-004778,"Sample Product 4778",Cookware,pallet,11.45,81.84,2.266
IMP-004779,"Sample Product 4779",Storage,each,12.25,144.45,1.331
IMP-004780,"Sample Product 4780",Bolts,box,408.04,212.34,3.621
IMP-004781,"Sample Product 4781",Nuts,pallet,114.53,155.79,0.270
IMP-004782,"Sample Product 4782",Washers,each,219.89,294.45,0.186
IMP-004783,"Sample Product 4783",Screws,box,114.04,132.18,0.771
IMP-004784,"Sample Product 4784",Hose,pallet,380.56,247.71,1.234
IMP-004785,"Sample Product 4785",Fittings,each,4.52,274.47,0.176
IMP-004786,"Sample Product 4786",Valves,box,427.43,165.67,3.786
IMP-004787,"Sample Product 4787",Tables,pallet,332.49,85.62,4.564
IMP-004788,"Sample Product 4788",Cookware,each,177.50,44.31,0.790
IMP-004789,"Sample Product 4789",Storage,box,210.72,54.05,4.910
IMP-004790,"Sample Product 4790",Bolts,pallet,354.99,2.18,3.524
IMP-004791,"Sample Product 4791",Nuts,each,293.80,263.12,0.374
IMP-004792,"Sample Product 4792",Washers,box,413.01,253.70,0.523
IMP-004793,"Sample Product 4793",Screws,pallet,345.90,76.23,0.984
IMP-004794,"Sample Product 4794",Hose,each,359.12,8.53,3.848
IMP-004795,"Sample Product 4795",Fittings,box,373.93,44.76,1.600
IMP-004796,"Sample Product 4796",Valves,pallet,133.95,162.87,2.900
IMP-004797,"Sample Product 4797",Tables,each,315.96,35.86,4.956
IMP-004798,"Sample Product 4798",Cookware,box,377.50,49.56,3.541
IMP-004799,"Sample Product 4799",Storage,pallet,416.49,121.31,2.804
IMP-004800,"Sample Product 4800",Bolts,each,N/A,137.97,2.106
IMP-004801,"Sample Product 4801",Nuts,box,10.03,36.97,1.789
IMP-004802,"Sample Product 4802",Washers,pallet,7.06,196.63,1.713
IMP-004803,"Sample Product 4803",Screws,each,232.58,254.36,0.372
IMP-004804,"Sample Product 4804",Hose,box,493.15,254.43,0.289
IMP-004805,"Sample Product 4805",Fittings,pallet,243.21,143.07,2.153
IMP-004806,"Sample Product 4806",Valves,each,490.60,183.80,1.741
IMP-004807,"Sample Product 4807",Tables,box,353.63,77.52,4.541
IMP-004808,"Sample Product 4808",Cookware,pallet,255.91,11.09,4.725
IMP-004809,"Sample Product 4809",Storage,each,214.27,181.32,3.606
IMP-004810,"Sample Product 4810",Bolts,box,484.86,96.37,4.237
IMP-004811,"Sample Product 4811",Nuts,pallet,81.69,260.91,1.012
IMP-004812,"Sample Product 4812",Washers,each,66.23,125.27,3.343
IMP-004813,"Sample Product 4813",Screws,box,274.29,74.53,0.783
IMP-004814,"Sample Product 4814",Hose,pallet,272.33,232.23,0.249
IMP-004815,"Sample Product 4815",Fittings,each,72.62,67.98,1.556
IMP-004816,"Sample Product 4816",Valves,box,407.85,29.98,1.138
IMP-004817,"Sample Product 4817",Tables,pallet,344.08,30.87,0.013
IMP-004818,"Sample Product 4818",Cookware,each,388.66,52.14,1.890
IMP-004819,"Sample Product 4819",Storage,box,30.14,169.58,1.104
IMP-004820,"Sample Product 4820",Bolts,pallet,81.88,108.55,4.768
IMP-004821,"Sample Product 4821",Nuts,each,145.32,208.13,1.691
IMP-004822,"Sample Product 4822",Washers,box,377.02,251.53,2.145
IMP-004823,"Sample Product 4823",Screws,pallet,386.86,52.36,0.589
IMP-004824,"Sample Product 4824",Hose,each,40.33,212.11,0.894
IMP-004825,"Sample Product 4825",Fittings,box,418.74,212.30,4.918
IMP-004826,"Sample Product 4826",Valves,pallet,313.77,5.58,4.808
IMP-004827,"Sample Product 4827",Tables,each,498.17,196.96,2.566
IMP-004828,"Sample Product 4828",Cookware,box,331.30,34.49,1.495
IMP-004829,"Sample Product 4829",Storage,pallet,427.21,14.17,3.506
IMP-004830,"Sample Product 4830",Bolts,each,337.17,260.45,3.297
IMP-004831,"Sample Product 4831",Nuts,box,342.17,200.36,4.772
IMP-004832,"Sample Product 4832",Washers,pallet,434.15,151.22,4.729
IMP-004833,"Sample Product 4833",Screws,each,49.87,56.84,2.926
IMP-004834,"Sample Product 4834",Hose,box,488.99,67.49,3.578
IMP-004835,"Sample Product 4835",Fittings,pallet,263.69,84.09,1.544
IMP-004836,"Sample Product 4836",Valves,each,281.83,208.58,1.837
IMP-004837,"Sample Product 4837",Tables,box,176.85,279.11,3.791
IMP-004838,"Sample Product 4838",Cookware,pallet,116.91,20.39,2.929
IMP-004839,"Sample Product 4839",Storage,each,222.88,48.94,2.680
IMP-004840,"Sample Product 4840",Bolts,box,N/A,212.52,0.330
IMP-004841,"Sample Product 4841",Nuts,pallet,180.82,124.38,1.382
IMP-004842,"Sample Product 4842",Washers,each,19.41,255.41,2.784
IMP-004843,"Sample Product 4843",Screws,box,26.91,30.33,4.068
IMP-004844,"Sample Product 4844",Hose,pallet,43.81,235.85,2.277
IMP-004845,"Sample Product 4845",Fittings,each,83.97,114.26,1.783
IMP-004846,"Sample Product 4846",Valves,box,328.06,110.36,2.724
IMP-004847,"Sample Product 4847",Tables,pallet,257.75,218.85,1.568
IMP-004848,"Sample Product 4848",Cookware,each,463.41,179.56,3.551
IMP-004849,"Sample Product 4849",Storage,box,141.04,175.52,1.001
IMP-004850,"Sample Product 4850",Bolts,pallet,437.09,172.31,1.502
IMP-004851,"Sample Product 4851",Nuts,each,471.64,84.32,1.211
IMP-004852,"Sample Product 4852",Washers,box,231.78,171.94,2.751
IMP-004853,"Sample Product 4853",Screws,pallet,25.33,178.85,2.169
IMP-004854,"Sample Product 4854",Hose,each,316.60,126.68,2.991
IMP-004855,"Sample Product 4855",Fittings,box,471.76,254.23,2.620
IMP-004856,"Sample Product 4856",Valves,pallet,238.06,195.24,2.616
IMP-004857,"Sample Product 4857",Tables,each,295.99,66.38,2.091
IMP-004858,"Sample Product 4858",Cookware,box,115.40,22.67,0.039
IMP-004859,"Sample Product 4859",Storage,pallet,472.39,26.47,1.885
IMP-004860,"Sample Product 4860",Bolts,each,402.32,104.66,1.440
IMP-004861,"Sample Product 4861",Nuts,box,446.91,157.48,3.000
IMP-004862,"Sample Product 4862",Washers,pallet,252.58,140.05,2.620
IMP-004863,"Sample Product 4863",Screws,each,419.91,78.03,4.899
IMP-004864,"Sample Product 4864",Hose,box,381.11,26.10,0.688
IMP-004865,"Sample Product 4865",Fittings,pallet,362.89,292.74,4.453
IMP-004866,"Sample Product 4866",Valves,each,439.56,269.90,0.198
IMP-004867,"Sample Product 4867",Tables,box,425.77,150.31,1.556
IMP-004868,"Sample Product 4868",Cookware,pallet,489.42,125.62,4.720
IMP-004869,"Sample Product 4869",Storage,each,492.10,226.47,1.776
IMP-004870,"Sample Product 4870",Bolts,box,97.60,132.53,1.609
IMP-004871,"Sample Product 4871",Nuts,pallet,124.59,256.80,1.278
IMP-004872,"Sample Product 4872",Washers,each,111.67,36.41,2.157
IMP-004873,"Sample Product 4873",Screws,box,143.86,135.58,0.487
IMP-004874,"Sample Product 4874",Hose,pallet,315.68,120.03,1.645
IMP-004875,"Sample Product 4875",Fittings,each,402.61,275.86,2.661
IMP-004876,"Sample Product 4876",Valves,box,265.20,222.19,3.014
IMP-004877,"Sample Product 4877",Tables,pallet,193.88,152.20,3.810
IMP-004878,"Sample Product 4878",Cookware,each,389.31,297.65,4.925
IMP-004879,"Sample Product 4879",Storage,box,327.44,262.47,2.924
IMP-004880,"Sample Product 4880",Bolts,pallet,N/A,59.18,1.072
IMP-004881,"Sample Product 4881",Nuts,each,146.52,267.41,2.863
IMP-004882,"Sample Product 4882",Washers,box,64.93,240.36,1.600
IMP-004883,"Sample Product 4883",Screws,pallet,165.05,189.53,0.880
IMP-004884,"Sample Product 4884",Hose,each,32.32,1.19,4.980
IMP-004885,"Sample Product 4885",Fittings,box,15.61,23.35,4.380
IMP-004886,"Sample Product 4886",Valves,pallet,268.19,217.04,0.622
IMP-004887,"Sample Product 4887",Tables,each,284.10,29.63,1.002
IMP-004888,"Sample Product 4888",Cookware,box,105.67,66.01,0.413
IMP-004889,"Sample Product 4889",Storage,pallet,436.15,174.88,1.498
IMP-004890,"Sample Product 4890",Bolts,each,413.30,168.28,0.074
IMP-004891,"Sample Product 4891",Nuts,box,0.60,297.90,3.081
IMP-004892,"Sample Product 4892",Washers,pallet,228.64,292.19,1.161
IMP-004893,"Sample Product 4893",Screws,each,378.56,18.37,2.336
IMP-004894,"Sample Product 4894",Hose,box,398.38,221.55,1.341
IMP-004895,"Sample Product 4895",Fittings,pallet,36.25,199.38,2.646
IMP-004896,"Sample Product 4896",Valves,each,417.21,99.18,3.516
IMP-004897,"Sample Product 4897",Tables,box,461.70,140.56,1.053
IMP-004898,"Sample Product 4898",Cookware,pallet,111.18,46.91,3.658
IMP-004899,"Sample Product 4899",Storage,each,466.28,111.95,3.768
IMP-004900,"Sample Product 4900",Bolts,box,175.20,163.85,2.885
IMP-004901,"Sample Product 4901",Nuts,pallet,234.07,49.77,0.391
IMP-004902,"Sample Product 4902",Washers,each,137.39,168.92,4.295
IMP-004903,"Sample Product 4903",Screws,box,365.59,121.87,1.929
IMP-004904,"Sample Product 4904",Hose,pallet,315.24,107.44,3.695
IMP-004905,"Sample Product 4905",Fittings,each,112.08,87.53,0.842
IMP-004906,"Sample Product 4906",Valves,box,102.98,176.14,2.370
IMP-004907,"Sample Product 4907",Tables,pallet,253.23,78.38,2.859
IMP-004908,"Sample Product 4908",Cookware,each,15.30,157.91,1.783
IMP-004909,"Sample Product 4909",Storage,box,337.45,271.55,2.151
IMP-004910,"Sample Product 4910",Bolts,pallet,252.84,82.69,0.059
IMP-004911,"Sample Product 4911",Nuts,each,157.63,290.28,3.763
IMP-004912,"Sample Product 4912",Washers,box,369.46,237.13,1.918
IMP-004913,"Sample Product 4913",Screws,pallet,231.86,230.23,4.941
IMP-004914,"Sample Product 4914",Hose,each,166.92,230.74,0.919
IMP-004915,"Sample Product 4915",Fittings,box,99.53,190.01,4.763
IMP-004916,"Sample Product 4916",Valves,pallet,344.05,47.39,2.072
IMP-004917,"Sample Product 4917",Tables,each,69.33,179.10,1.337
IMP-004918,"Sample Product 4918",Cookware,box,476.78,233.30,0.630
IMP-004919,"Sample Product 4919",Storage,pallet,428.15,194.33,4.004
IMP-004920,"Sample Product 4920",Bolts,each,N/A,98.86,0.399
IMP-004921,"Sample Product 4921",Nuts,box,7.37,9.29,4.568
IMP-004922,"Sample Product 4922",Washers,pallet,185.34,50.33,1.536
IMP-004923,"Sample Product 4923",Screws,each,215.89,23.13,4.381
IMP-004924,"Sample Product 4924",Hose,box,11.67,87.14,4.401
IMP-004925,"Sample Product 4925",Fittings,pallet,226.99,37.85,3.690
IMP-004926,"Sample Product 4926",Valves,each,50.49,293.81,4.933
IMP-004927,"Sample Product 4927",Tables,box,430.05,121.45,1.900
IMP-004928,"Sample Product 4928",Cookware,pallet,73.23,9.09,3.566
IMP-004929,"Sample Product 4929",Storage,each,289.51,155.02,0.457
IMP-004930,"Sample Product 4930",Bolts,box,217.64,74.87,4.714
IMP-004931,"Sample Product 4931",Nuts,pallet,263.14,260.29,3.575
IMP-004932,"Sample Product 4932",Washers,each,202.06,131.49,2.279
IMP-004933,"Sample Product 4933",Screws,box,201.99,161.32,4.184
IMP-004934,"Sample Product 4934",Hose,pallet,22.86,44.20,3.776
IMP-004935,"Sample Product 4935",Fittings,each,162.95,1.88,0.227
IMP-004936,"Sample Product 4936",Valves,box,388.76,4.61,2.408
IMP-004937,"Sample Product 4937",Tables,pallet,253.67,97.79,4.582
IMP-004938,"Sample Product 4938",Cookware,each,274.43,118.26,2.402
IMP-004939,"Sample Product 4939",Storage,box,390.85,136.13,1.528
IMP-004940,"Sample Product 4940",Bolts,pallet,190.86,223.42,2.763
IMP-004941,"Sample Product 4941",Nuts,each,463.94,212.90,0.116
IMP-004942,"Sample Product 4942",Washers,box,367.99,252.64,3.461
IMP-004943,"Sample Product 4943",Screws,pallet,284.36,216.48,1.443
IMP-004944,"Sample Product 4944",Hose,each,353.47,12.55,4.667
IMP-004945,"Sample Product 4945",Fittings,box,35.46,47.25,1.528
IMP-004946,"Sample Product 4946",Valves,pallet,430.70,176.11,4.419
IMP-004947,"Sample Product 4947",Tables,each,226.15,77.99,3.822
IMP-004948,"Sample Product 4948",Cookware,box,144.11,142.18,0.238
IMP-004949,"Sample Product 4949",Storage,pallet,30.94,167.28,1.433
IMP-004950,"Sample Product 4950",Bolts,each,207.09,270.14,1.579
IMP-004951,"Sample Product 4951",Nuts,box,382.06,38.67,3.197
IMP-004952,"Sample Product 4952",Washers,pallet,129.30,22.21,3.856
IMP-004953,"Sample Product 4953",Screws,each,72.00,161.03,1.595
IMP-004954,"Sample Product 4954",Hose,box,301.66,105.47,0.725
IMP-004955,"Sample Product 4955",Fittings,pallet,165.14,95.96,1.208
IMP-004956,"Sample Product 4956",Valves,each,476.00,277.77,2.891
IMP-004957,"Sample Product 4957",Tables,box,335.53,240.04,4.055
IMP-004958,"Sample Product 4958",Cookware,pallet,425.20,146.94,2.520
IMP-004959,"Sample Product 4959",Storage,each,121.90,46.91,2.504
IMP-004960,"Sample Product 4960",Bolts,box,N/A,231.50,3.490
IMP-004961,"Sample Product 4961",Nuts,pallet,193.14,28.93,0.841
IMP-004962,"Sample Product 4962",Washers,each,258.54,201.44,0.294
IMP-004963,"Sample Product 4963",Screws,box,329.60,190.70,1.359
IMP-004964,"Sample Product 4964",Hose,pallet,36.71,87.88,0.221
IMP-004965,"Sample Product 4965",Fittings,each,448.72,236.99,2.129
IMP-004966,"Sample Product 4966",Valves,box,112.38,271.61,3.408
IMP-004967,"Sample Product 4967",Tables,pallet,38.44,161.37,3.612
IMP-004968,"Sample Product 4968",Cookware,each,459.62,286.69,0.658
IMP-004969,"Sample Product 4969",Storage,box,438.77,55.59,2.897
IMP-004970,"Sample Product 4970",Bolts,pallet,301.35,227.65,4.335
IMP-004971,"Sample Product 4971",Nuts,each,180.22,185.98,2.148
IMP-004972,"Sample Product 4972",Washers,box,142.07,7.66,1.382
IMP-004973,"Sample Product 4973",Screws,pallet,270.48,57.69,2.970
IMP-004974,"Sample Product 4974",Hose,each,302.82,75.65,4.065
IMP-004975,"Sample Product 4975",Fittings,box,234.91,15.79,3.033
IMP-004976,"Sample Product 4976",Valves,pallet,355.91,298.00,4.221
IMP-004977,"Sample Product 4977",Tables,each,208.62,15.95,3.168
IMP-004978,"Sample Product 4978",Cookware,box,14.63,210.43,1.506
IMP-004979,"Sample Product 4979",Storage,pallet,174.69,153.42,4.821
IMP-004980,"Sample Product 4980",Bolts,each,365.74,296.43,0.627
IMP-004981,"Sample Product 4981",Nuts,box,326.62,125.10,4.601
IMP-004982,"Sample Product 4982",Washers,pallet,73.80,242.33,0.286
IMP-004983,"Sample Product 4983",Screws,each,413.77,42.64,2.495
IMP-004984,"Sample Product 4984",Hose,box,196.82,53.66,3.697
IMP-004985,"Sample Product 4985",Fittings,pallet,131.84,240.04,4.745
IMP-004986,"Sample Product 4986",Valves,each,374.32,167.68,2.354
IMP-004987,"Sample Product 4987",Tables,box,60.52,256.71,0.606
IMP-004988,"Sample Product 4988",Cookware,pallet,214.36,38.31,1.095
IMP-004989,"Sample Product 4989",Storage,each,282.12,206.07,2.916
IMP-004990,"Sample Product 4990",Bolts,box,231.13,224.76,1.270
IMP-004991,"Sample Product 4991",Nuts,pallet,164.82,274.70,4.031
IMP-004992,"Sample Product 4992",Washers,each,130.84,1.84,2.779
IMP-004993,"Sample Product 4993",Screws,box,144.04,35.85,3.908
IMP-004994,"Sample Product 4994",Hose,pallet,263.86,18.87,0.220
IMP-004995,"Sample Product 4995",Fittings,each,164.27,18.63,3.340
IMP-004996,"Sample Product 4996",Valves,box,415.69,38.81,1.046
IMP-004997,"Sample Product 4997",Tables,pallet,259.85,193.14,1.248
IMP-004998,"Sample Product 4998",Cookware,each,436.06,160.78,1.985
IMP-004999,"Sample Product 4999",Storage,box,99.12,39.61,4.050
IMP-005000,"Sample Product 5000",Bolts,pallet,N/A,2.42,0.675
IMP-005001,"Sample Product 5001",Nuts,each,368.59,32.33,4.687
IMP-005002,"Sample Product 5002",Washers,box,39.18,178.23,4.011
IMP-005003,"Sample Product 5003",Screws,pallet,252.49,252.18,2.869
IMP-005004,"Sample Product 5004",Hose,each,423.04,298.63,0.961
IMP-005005,"Sample Product 5005",Fittings,box,33.33,208.08,3.273
IMP-005006,"Sample Product 5006",Valves,pallet,323.92,254.23,3.691
IMP-005007,"Sample Product 5007",Tables,each,386.17,248.77,1.275
IMP-005008,"Sample Product 5008",Cookware,box,77.99,209.76,3.071
IMP-005009,"Sample Product 5009",Storage,pallet,303.14,284.21,4.919
IMP-005010,"Sample Product 5010",Bolts,each,98.57,76.58,1.051
IMP-005011,"Sample Product 5011",Nuts,box,182.28,244.36,0.253
IMP-005012,"Sample Product 5012",Washers,pallet,495.84,42.40,4.970
IMP-005013,"Sample Product 5013",Screws,each,331.49,194.40,4.316
IMP-005014,"Sample Product 5014",Hose,box,249.24,91.50,4.165
IMP-005015,"Sample Product 5015",Fittings,pallet,177.94,75.01,3.365
IMP-005016,"Sample Product 5016",Valves,each,131.88,247.21,1.915
IMP-005017,"Sample Product 5017",Tables,box,473.09,192.23,4.233
IMP-005018,"Sample Product 5018",Cookware,pallet,108.37,93.30,2.960
IMP-005019,"Sample Product 5019",Storage,each,150.21,85.44,2.757
IMP-005020,"Sample Product 5020",Bolts,box,311.81,150.16,3.795
IMP-005021,"Sample Product 5021",Nuts,pallet,172.93,161.42,2.614
IMP-005022,"Sample Product 5022",Washers,each,147.22,64.81,3.468
IMP-005023,"Sample Product 5023",Screws,box,156.54,24.66,3.364
IMP-005024,"Sample Product 5024",Hose,pallet,187.29,247.82,3.188
IMP-005025,"Sample Product 5025",Fittings,each,331.19,217.84,4.969
IMP-005026,"Sample Product 5026",Valves,box,341.23,147.74,0.970
IMP-005027,"Sample Product 5027",Tables,pallet,1.20,64.34,3.725
IMP-005028,"Sample Product 5028",Cookware,each,450.67,183.75,3.727
IMP-005029,"Sample Product 5029",Storage,box,345.03,171.94,3.983
IMP-005030,"Sample Product 5030",Bolts,pallet,277.14,154.95,1.336
IMP-005031,"Sample Product 5031",Nuts,each,493.29,130.61,0.552
IMP-005032,"Sample Product 5032",Washers,box,285.08,25.73,1.178
IMP-005033,"Sample Product 5033",Screws,pallet,298.50,62.93,1.988
IMP-005034,"Sample Product 5034",Hose,each,239.54,29.02,4.042
IMP-005035,"Sample Product 5035",Fittings,box,297.50,248.02,1.995
IMP-005036,"Sample Product 5036",Valves,pallet,83.68,235.65,4.702
IMP-005037,"Sample Product 5037",Tables,each,231.79,11.71,4.875
IMP-005038,"Sample Product 5038",Cookware,box,183.18,156.56,2.590
IMP-005039,"Sample Product 5039",Storage,pallet,127.22,19.10,2.418
IMP-005040,"Sample Product 5040",Bolts,each,N/A,65.87,4.401
IMP-005041,"Sample Product 5041",Nuts,box,380.04,53.10,0.961
IMP-005042,"Sample Product 5042",Washers,pallet,410.30,245.01,1.518
IMP-005043,"Sample Product 5043",Screws,each,425.34,29.93,0.382
IMP-005044,"Sample Product 5044",Hose,box,149.36,234.53,0.878
IMP-005045,"Sample Product 5045",Fittings,pallet,106.93,125.04,4.745
IMP-005046,"Sample Product 5046",Valves,each,277.73,52.69,3.375
IMP-005047,"Sample Product 5047",Tables,box,431.82,195.01,3.354
IMP-005048,"Sample Product 5048",Cookware,pallet,350.16,98.20,1.601
IMP-005049,"Sample Product 5049",Storage,each,348.03,124.79,0.761
IMP-005050,"Sample Product 5050",Bolts,box,362.62,143.30,4.908
IMP-005051,"Sample Product 5051",Nuts,pallet,183.13,222.75,0.370
IMP-005052,"Sample Product 5052",Washers,each,468.58,182.40,3.075
IMP-005053,"Sample Product 5053",Screws,box,371.42,1.31,1.292
IMP-005054,"Sample Product 5054",Hose,pallet,250.34,228.94,3.400
IMP-005055,"Sample Product 5055",Fittings,each,237.33,25.88,0.291
IMP-005056,"Sample Product 5056",Valves,box,151.06,129.83,1.374
IMP-005057,"Sample Product 5057",Tables,pallet,136.82,99.19,3.830
IMP-005058,"Sample Product 5058",Cookware,each,118.34,76.70,2.459
IMP-005059,"Sample Product 5059",Storage,box,239.81,257.47,2.251
IMP-005060,"Sample Product 5060",Bolts,pallet,71.23,130.71,1.165
IMP-005061,"Sample Product 5061",Nuts,each,175.66,216.07,3.359
IMP-005062,"Sample Product 5062",Washers,box,373.60,197.14,2.576
IMP-005063,"Sample Product 5063",Screws,pallet,121.31,24.99,1.669
IMP-005064,"Sample Product 5064",Hose,each,380.07,266.12,1.642
IMP-005065,"Sample Product 5065",Fittings,box,214.61,56.61,0.526
IMP-005066,"Sample Product 5066",Valves,pallet,297.53,207.90,3.595
IMP-005067,"Sample Product 5067",Tables,each,34.52,2.62,1.472
IMP-005068,"Sample Product 5068",Cookware,box,312.68,236.72,0.453
IMP-005069,"Sample Product 5069",Storage,pallet,5.44,174.01,3.776
IMP-005070,"Sample Product 5070",Bolts,each,91.15,37.35,4.240
IMP-005071,"Sample Product 5071",Nuts,box,302.57,49.17,0.998
IMP-005072,"Sample Product 5072",Washers,pallet,461.69,8.47,4.275
IMP-005073,"Sample Product 5073",Screws,each,435.52,158.34,1.711
IMP-005074,"Sample Product 5074",Hose,box,216.87,77.54,2.692
IMP-005075,"Sample Product 5075",Fittings,pallet,37.53,177.71,0.212
IMP-005076,"Sample Product 5076",Valves,each,75.46,4.69,1.293
IMP-005077,"Sample Product 5077",Tables,box,472.10,73.86,1.151
IMP-005078,"Sample Product 5078",Cookware,pallet,216.68,158.18,1.396
IMP-005079,"Sample Product 5079",Storage,each,414.86,66.68,3.054
IMP-005080,"Sample Product 5080",Bolts,box,N/A,104.65,3.216
IMP-005081,"Sample Product 5081",Nuts,pallet,414.23,42.28,4.983
IMP-005082,"Sample Product 5082",Washers,each,27.83,93.69,0.270
IMP-005083,"Sample Product 5083",Screws,box,289.08,247.84,2.129
IMP-005084,"Sample Product 5084",Hose,pallet,133.22,155.37,4.253
IMP-005085,"Sample Product 5085",Fittings,each,72.74,137.69,4.230
IMP-005086,"Sample Product 5086",Valves,box,47.79,21.19,0.889
IMP-005087,"Sample Product 5087",Tables,pallet,93.79,186.29,4.722
IMP-005088,"Sample Product 5088",Cookware,each,461.43,284.32,3.334
IMP-005089,"Sample Product 5089",Storage,box,457.18,70.06,1.697
IMP-005090,"Sample Product 5090",Bolts,pallet,351.36,128.98,2.884
IMP-005091,"Sample Product 5091",Nuts,each,427.55,296.15,2.783
IMP-005092,"Sample Product 5092",Washers,box,208.03,159.35,0.221
IMP-005093,"Sample Product 5093",Screws,pallet,216.79,121.03,3.805
IMP-005094,"Sample Product 5094",Hose,each,41.91,276.30,2.886
IMP-005095,"Sample Product 5095",Fittings,box,216.49,282.41,1.073
IMP-005096,"Sample Product 5096",Valves,pallet,85.79,160.27,3.084
IMP-005097,"Sample Product 5097",Tables,each,77.21,263.69,1.761
IMP-005098,"Sample Product 5098",Cookware,box,265.14,24.93,2.423
IMP-005099,"Sample Product 5099",Storage,pallet,109.64,243.57,2.403
IMP-005100,"Sample Product 5100",Bolts,each,305.82,241.02,3.721
IMP-005101,"Sample Product 5101",Nuts,box,175.67,299.45,3.033
IMP-005102,"Sample Product 5102",Washers,pallet,323.32,261.41,0.974
IMP-005103,"Sample Product 5103",Screws,each,321.39,245.30,0.759
IMP-005104,"Sample Product 5104",Hose,box,258.11,159.66,4.737
IMP-005105,"Sample Product 5105",Fittings,pallet,185.47,160.30,4.804
IMP-005106,"Sample Product 5106",Valves,each,142.87,24.26,4.121
IMP-005107,"Sample Product 5107",Tables,box,246.54,234.87,1.716
IMP-005108,"Sample Product 5108",Cookware,pallet,174.52,72.03,1.541
IMP-005109,"Sample Product 5109",Storage,each,13.20,129.28,1.810
IMP-005110,"Sample Product 5110",Bolts,box,392.13,125.72,2.256
IMP-005111,"Sample Product 5111",Nuts,pallet,405.69,43.12,1.069
IMP-005112,"Sample Product 5112",Washers,each,113.21,102.30,3.243
IMP-005113,"Sample Product 5113",Screws,box,216.23,197.46,3.847
IMP-005114,"Sample Product 5114",Hose,pallet,288.29,139.36,3.048
IMP-005115,"Sample Product 5115",Fittings,each,40.44,72.83,2.446
IMP-005116,"Sample Product 5116",Valves,box,299.64,251.98,1.497
IMP-005117,"Sample Product 5117",Tables,pallet,327.50,120.41,2.648
IMP-005118,"Sample Product 5118",Cookware,each,16.56,253.29,1.631
IMP-005119,"Sample Product 5119",Storage,box,76.41,257.81,1.414
IMP-005120,"Sample Product 5120",Bolts,pallet,N/A,58.76,3.084
IMP-005121,"Sample Product 5121",Nuts,each,134.91,292.47,4.649
IMP-005122,"Sample Product 5122",Washers,box,211.69,177.31,2.067
IMP-005123,"Sample Product 5123",Screws,pallet,64.33,203.13,4.765
IMP-005124,"Sample Product 5124",Hose,each,319.11,244.27,0.475
IMP-005125,"Sample Product 5125",Fittings,box,114.94,7.17,3.889
IMP-005126,"Sample Product 5126",Valves,pallet,177.44,48.72,4.505
IMP-005127,"Sample Product 5127",Tables,each,300.96,163.02,3.924
IMP-005128,"Sample Product 5128",Cookware,box,355.27,67.28,0.131
IMP-005129,"Sample Product 5129",Storage,pallet,116.42,82.45,1.440
IMP-005130,"Sample Product 5130",Bolts,each,168.93,154.88,3.770
IMP-005131,"Sample Product 5131",Nuts,box,335.75,54.28,1.840
IMP-005132,"Sample Product 5132",Washers,pallet,101.33,132.26,0.841
IMP-005133,"Sample Product 5133",Screws,each,434.14,130.45,0.574
IMP-005134,"Sample Product 5134",Hose,box,227.69,96.39,0.093
IMP-005135,"Sample Product 5135",Fittings,pallet,19.64,54.77,0.713
IMP-005136,"Sample Product 5136",Valves,each,30.95,97.45,0.689
IMP-005137,"Sample Product 5137",Tables,box,164.24,44.15,3.242
IMP-005138,"Sample Product 5138",Cookware,pallet,332.13,93.88,2.273
IMP-005139,"Sample Product 5139",Storage,each,263.81,179.01,4.343
IMP-005140,"Sample Product 5140",Bolts,box,85.64,34.13,2.129
IMP-005141,"Sample Product 5141",Nuts,pallet,137.71,202.22,0.725
IMP-005142,"Sample Product 5142",Washers,each,255.02,261.91,0.645
IMP-005143,"Sample Product 5143",Screws,box,440.42,233.51,3.872
IMP-005144,"Sample Product 5144",Hose,pallet,320.93,257.11,3.219
IMP-005145,"Sample Product 5145",Fittings,each,454.69,216.40,3.410
IMP-005146,"Sample Product 5146",Valves,box,157.49,5.37,0.337
IMP-005147,"Sample Product 5147",Tables,pallet,141.41,127.65,0.640
IMP-005148,"Sample Product 5148",Cookware,each,496.76,177.60,0.116
IMP-005149,"Sample Product 5149",Storage,box,12.88,8.12,1.540
IMP-005150,"Sample Product 5150",Bolts,pallet,100.30,100.14,2.198
IMP-005151,"Sample Product 5151",Nuts,each,334.27,250.50,4.183
IMP-005152,"Sample Product 5152",Washers,box,112.12,146.99,2.721
IMP-005153,"Sample Product 5153",Screws,pallet,415.86,237.44,3.798
IMP-005154,"Sample Product 5154",Hose,each,423.93,72.56,4.745
IMP-005155,"Sample Product 5155",Fittings,box,40.12,239.23,0.261
IMP-005156,"Sample Product 5156",Valves,pallet,233.54,217.71,2.109
IMP-005157,"Sample Product 5157",Tables,each,223.93,1.64,3.994
IMP-005158,"Sample Product 5158",Cookware,box,492.03,58.96,3.770
IMP-005159,"Sample Product 5159",Storage,pallet,147.83,226.73,3.339
IMP-005160,"Sample Product 5160",Bolts,each,N/A,287.02,4.763
IMP-005161,"Sample Product 5161",Nuts,box,139.75,120.82,1.968
IMP-005162,"Sample Product 5162",Washers,pallet,81.82,175.33,2.534
IMP-005163,"Sample Product 5163",Screws,each,363.14,159.34,2.055
IMP-005164,"Sample Product 5164",Hose,box,205.97,281.50,1.451
IMP-005165,"Sample Product 5165",Fittings,pallet,107.05,221.83,2.217
IMP-005166,"Sample Product 5166",Valves,each,175.04,131.44,4.601
IMP-005167,"Sample Product 5167",Tables,box,412.71,19.53,1.745
IMP-005168,"Sample Product 5168",Cookware,pallet,34.10,25.69,3.527
IMP-005169,"Sample Product 5169",Storage,each,456.88,22.83,3.983
IMP-005170,"Sample Product 5170",Bolts,box,489.97,239.10,2.097
IMP-005171,"Sample Product 5171",Nuts,pallet,494.72,230.66,3.768
IMP-005172,"Sample Product 5172",Washers,each,135.72,190.88,1.476
IMP-005173,"Sample Product 5173",Screws,box,412.51,291.24,3.529
IMP-005174,"Sample Product 5174",Hose,pallet,473.83,141.65,1.433
IMP-005175,"Sample Product 5175",Fittings,each,343.15,180.16,1.604
IMP-005176,"Sample Product 5176",Valves,box,42.67,93.66,2.957
IMP-005177,"Sample Product 5177",Tables,pallet,18.01,89.35,0.639
IMP-005178,"Sample Product 5178",Cookware,each,473.98,240.28,3.606
IMP-005179,"Sample Product 5179",Storage,box,342.10,249.49,0.131
IMP-005180,"Sample Product 5180",Bolts,pallet,357.95,253.18,0.609
IMP-005181,"Sample Product 5181",Nuts,each,302.16,51.37,3.779
IMP-005182,"Sample Product 5182",Washers,box,155.48,126.67,1.215
IMP-005183,"Sample Product 5183",Screws,pallet,166.92,111.80,0.462
IMP-005184,"Sample Product 5184",Hose,each,70.15,14.33,0.477
IMP-005185,"Sample Product 5185",Fittings,box,448.51,168.12,2.739
IMP-005186,"Sample Product 5186",Valves,pallet,204.52,62.48,3.967
IMP-005187,"Sample Product 5187",Tables,each,132.48,196.99,4.572
IMP-005188,"Sample Product 5188",Cookware,box,225.85,176.15,4.207
IMP-005189,"Sample Product 5189",Storage,pallet,324.68,107.24,2.650
IMP-005190,"Sample Product 5190",Bolts,each,308.45,235.67,0.870
IMP-005191,"Sample Product 5191",Nuts,box,190.35,296.29,1.093
IMP-005192,"Sample Product 5192",Washers,pallet,289.03,137.78,0.240
IMP-005193,"Sample Product 5193",Screws,each,16.42,270.38,4.651
IMP-005194,"Sample Product 5194",Hose,box,341.78,175.53,2.986
IMP-005195,"Sample Product 5195",Fittings,pallet,111.54,251.15,2.977
IMP-005196,"Sample Product 5196",Valves,each,318.74,116.89,0.649
IMP-005197,"Sample Product 5197",Tables,box,213.90,66.76,3.793
IMP-005198,"Sample Product 5198",Cookware,pallet,133.26,157.31,3.902
IMP-005199,"Sample Product 5199",Storage,each,249.82,116.00,3.199
IMP-005200,"Sample Product 5200",Bolts,box,N/A,136.96,3.848
IMP-005201,"Sample Product 5201",Nuts,pallet,478.56,261.01,3.533
IMP-005202,"Sample Product 5202",Washers,each,432.64,242.50,2.986
IMP-005203,"Sample Product 5203",Screws,box,87.05,133.64,4.995
IMP-005204,"Sample Product 5204",Hose,pallet,129.39,198.00,1.369
IMP-005205,"Sample Product 5205",Fittings,each,416.52,72.18,3.614
IMP-005206,"Sample Product 5206",Valves,box,102.61,108.91,1.027
IMP-005207,"Sample Product 5207",Tables,pallet,457.24,179.41,3.487
IMP-005208,"Sample Product 5208",Cookware,each,429.43,175.75,2.727
IMP-005209,"Sample Product 5209",Storage,box,216.27,49.53,3.921
IMP-005210,"Sample Product 5210",Bolts,pallet,60.28,73.38,4.459
IMP-005211,"Sample Product 5211",Nuts,each,475.23,294.86,3.585
IMP-005212,"Sample Product 5212",Washers,box,11.40,146.39,3.420
IMP-005213,"Sample Product 5213",Screws,pallet,416.13,61.12,1.314
IMP-005214,"Sample Product 5214",Hose,each,396.06,95.59,2.930
IMP-005215,"Sample Product 5215",Fittings,box,177.87,29.11,0.421
IMP-005216,"Sample Product 5216",Valves,pallet,339.03,205.87,0.962
IMP-005217,"Sample Product 5217",Tables,each,282.26,17.89,0.297
IMP-005218,"Sample Product 5218",Cookware,box,84.79,286.22,3.062
IMP-005219,"Sample Product 5219",Storage,pallet,449.07,166.22,0.630
IMP-005220,"Sample Product 5220",Bolts,each,416.69,209.53,4.917
IMP-005221,"Sample Product 5221",Nuts,box,414.94,100.23,0.039
IMP-005222,"Sample Product 5222",Washers,pallet,289.74,289.23,2.289
IMP-005223,"Sample Product 5223",Screws,each,147.86,131.79,0.526
IMP-005224,"Sample Product 5224",Hose,box,192.84,168.10,4.637
IMP-005225,"Sample Product 5225",Fittings,pallet,324.79,158.83,2.001
IMP-005226,"Sample Product 5226",Valves,each,280.02,96.00,4.159
IMP-005227,"Sample Product 5227",Tables,box,160.35,71.75,0.836
IMP-005228,"Sample Product 5228",Cookware,pallet,338.43,59.34,0.207
IMP-005229,"Sample Product 5229",Storage,each,460.46,216.94,0.561
IMP-005230,"Sample Product 5230",Bolts,box,400.36,10.58,3.060
IMP-005231,"Sample Product 5231",Nuts,pallet,313.97,299.99,2.175
IMP-005232,"Sample Product 5232",Washers,each,332.11,130.97,0.735
IMP-005233,"Sample Product 5233",Screws,box,431.32,99.09,0.543
IMP-005234,"Sample Product 5234",Hose,pallet,138.42,118.29,1.031
IMP-005235,"Sample Product 5235",Fittings,each,334.48,76.95,1.851
IMP-005236,"Sample Product 5236",Valves,box,360.47,61.06,1.143
IMP-005237,"Sample Product 5237",Tables,pallet,371.27,272.63,2.543
IMP-005238,"Sample Product 5238",Cookware,each,72.80,207.94,3.688
IMP-005239,"Sample Product 5239",Storage,box,246.88,288.83,2.964
IMP-005240,"Sample Product 5240",Bolts,pallet,N/A,8.09,3.684
IMP-005241,"Sample Product 5241",Nuts,each,71.20,226.18,2.916
IMP-005242,"Sample Product 5242",Washers,box,202.58,215.66,3.053
IMP-005243,"Sample Product 5243",Screws,pallet,385.33,129.11,0.710
IMP-005244,"Sample Product 5244",Hose,each,287.41,148.57,3.360
IMP-005245,"Sample Product 5245",Fittings,box,146.39,78.17,1.261
IMP-005246,"Sample Product 5246",Valves,pallet,151.81,41.44,3.202
IMP-005247,"Sample Product 5247",Tables,each,151.62,45.25,0.224
IMP-005248,"Sample Product 5248",Cookware,box,212.26,229.02,1.669
IMP-005249,"Sample Product 5249",Storage,pallet,175.12,83.82,3.700
IMP-005250,"Sample Product 5250",Bolts,each,468.55,157.26,1.929
IMP-005251,"Sample Product 5251",Nuts,box,273.35,277.94,3.076
IMP-005252,"Sample Product 5252",Washers,pallet,121.02,183.89,3.272
IMP-005253,"Sample Product 5253",Screws,each,53.73,192.01,1.327
IMP-005254,"Sample Product 5254",Hose,box,287.52,116.57,0.551
IMP-005255,"Sample Product 5255",Fittings,pallet,439.39,238.11,0.067
IMP-005256,"Sample Product 5256",Valves,each,26.65,272.49,3.494
IMP-005257,"Sample Product 5257",Tables,box,81.71,246.81,2.694
IMP-005258,"Sample Product 5258",Cookware,pallet,121.49,270.06,2.708
IMP-005259,"Sample Product 5259",Storage,each,468.85,74.47,3.694
IMP-005260,"Sample Product 5260",Bolts,box,154.76,51.72,2.489
IMP-005261,"Sample Product 5261",Nuts,pallet,88.03,39.48,2.574
IMP-005262,"Sample Product 5262",Washers,each,202.14,176.53,4.601
IMP-005263,"Sample Product 5263",Screws,box,83.10,83.63,0.679
IMP-005264,"Sample Product 5264",Hose,pallet,305.41,138.06,3.044
IMP-005265,"Sample Product 5265",Fittings,each,402.52,104.78,1.587
IMP-005266,"Sample Product 5266",Valves,box,177.33,209.14,2.869
IMP-005267,"Sample Product 5267",Tables,pallet,82.87,53.08,4.250
IMP-005268,"Sample Product 5268",Cookware,each,177.15,235.65,1.997
IMP-005269,"Sample Product 5269",Storage,box,99.33,83.00,3.581
IMP-005270,"Sample Product 5270",Bolts,pallet,193.23,154.17,4.833
IMP-005271,"Sample Product 5271",Nuts,each,213.38,208.86,2.612
IMP-005272,"Sample Product 5272",Washers,box,124.37,7.60,2.306
IMP-005273,"Sample Product 5273",Screws,pallet,462.70,129.41,0.564
IMP-005274,"Sample Product 5274",Hose,each,232.22,294.31,1.148
IMP-005275,"Sample Product 5275",Fittings,box,100.84,187.11,3.950
IMP-005276,"Sample Product 5276",Valves,pallet,146.86,111.03,2.209
IMP-005277,"Sample Product 5277",Tables,each,117.37,94.14,2.595
IMP-005278,"Sample Product 5278",Cookware,box,432.15,83.71,1.973
IMP-005279,"Sample Product 5279",Storage,pallet,417.83,2.30,0.183
IMP-005280,"Sample Product 5280",Bolts,each,N/A,135.90,4.143
IMP-005281,"Sample Product 5281",Nuts,box,203.34,42.79,2.535
IMP-005282,"Sample Product 5282",Washers,pallet,218.65,62.40,2.214
IMP-005283,"Sample Product 5283",Screws,each,128.32,98.45,4.511
IMP-005284,"Sample Product 5284",Hose,box,201.04,161.33,2.459
IMP-005285,"Sample Product 5285",Fittings,pallet,463.90,58.10,4.255
IMP-005286,"Sample Product 5286",Valves,each,208.80,264.24,0.208
IMP-005287,"Sample Product 5287",Tables,box,12.92,191.70,2.983
IMP-005288,"Sample Product 5288",Cookware,pallet,136.09,210.61,3.581
IMP-005289,"Sample Product 5289",Storage,each,210.88,222.97,1.675
IMP-005290,"Sample Product 5290",Bolts,box,328.69,28.68,0.946
IMP-005291,"Sample Product 5291",Nuts,pallet,344.95,90.36,0.944
IMP-005292,"Sample Product 5292",Washers,each,34.55,99.45,4.499
IMP-005293,"Sample Product 5293",Screws,box,408.65,58.80,3.399
IMP-005294,"Sample Product 5294",Hose,pallet,406.31,6.41,0.586
IMP-005295,"Sample Product 5295",Fittings,each,3.23,181.31,3.641
IMP-005296,"Sample Product 5296",Valves,box,325.34,30.51,0.049
IMP-005297,"Sample Product 5297",Tables,pallet,438.36,26.01,4.880
IMP-005298,"Sample Product 5298",Cookware,each,177.23,263.51,4.234
IMP-005299,"Sample Product 5299",Storage,box,255.86,84.80,1.426
IMP-005300,"Sample Product 5300",Bolts,pallet,453.18,71.80,2.642
IMP-005301,"Sample Product 5301",Nuts,each,178.97,73.26,3.712
IMP-005302,"Sample Product 5302",Washers,box,404.87,173.67,0.552
IMP-005303,"Sample Product 5303",Screws,pallet,84.73,178.91,4.652
IMP-005304,"Sample Product 5304",Hose,each,70.69,47.25,1.420
IMP-005305,"Sample Product 5305",Fittings,box,324.21,60.86,4.182
IMP-005306,"Sample Product 5306",Valves,pallet,117.98,155.00,1.876
IMP-005307,"Sample Product 5307",Tables,each,136.64,22.94,1.233
IMP-005308,"Sample Product 5308",Cookware,box,271.19,255.78,4.669
IMP-005309,"Sample Product 5309",Storage,pallet,462.87,212.39,3.668
IMP-005310,"Sample Product 5310",Bolts,each,429.99,262.37,1.037
IMP-005311,"Sample Product 5311",Nuts,box,210.45,269.72,1.664
IMP-005312,"Sample Product 5312",Washers,pallet,205.01,44.03,4.644
IMP-005313,"Sample Product 5313",Screws,each,177.21,37.37,0.902
IMP-005314,"Sample Product 5314",Hose,box,405.72,282.23,3.145
IMP-005315,"Sample Product 5315",Fittings,pallet,148.45,52.97,4.345
IMP-005316,"Sample Product 5316",Valves,each,82.13,11.46,1.415
IMP-005317,"Sample Product 5317",Tables,box,78.35,137.99,1.203
IMP-005318,"Sample Product 5318",Cookware,pallet,196.70,220.74,2.071
IMP-005319,"Sample Product 5319",Storage,each,437.48,162.47,0.216
IMP-005320,"Sample Product 5320",Bolts,box,N/A,201.89,4.651
IMP-005321,"Sample Product 5321",Nuts,pallet,177.26,242.98,3.233
IMP-005322,"Sample Product 5322",Washers,each,79.63,154.39,4.307
IMP-005323,"Sample Product 5323",Screws,box,168.55,84.07,1.513
IMP-005324,"Sample Product 5324",Hose,pallet,332.09,12.63,4.445
IMP-005325,"Sample Product 5325",Fittings,each,63.99,25.31,4.099
IMP-005326,"Sample Product 5326",Valves,box,464.70,283.69,4.910
IMP-005327,"Sample Product 5327",Tables,pallet,260.82,72.32,3.763
IMP-005328,"Sample Product 5328",Cookware,each,219.49,148.42,4.607
IMP-005329,"Sample Product 5329",Storage,box,363.19,225.51,4.890
IMP-005330,"Sample Product 5330",Bolts,pallet,125.64,282.16,2.631
IMP-005331,"Sample Product 5331",Nuts,each,327.14,139.25,0.485
IMP-005332,"Sample Product 5332",Washers,box,288.05,41.78,3.750
IMP-005333,"Sample Product 5333",Screws,pallet,332.42,187.77,1.754
IMP-005334,"Sample Product 5334",Hose,each,456.84,126.67,4.568
IMP-005335,"Sample Product 5335",Fittings,box,166.31,245.54,1.501
IMP-005336,"Sample Product 5336",Valves,pallet,442.40,193.93,4.803
IMP-005337,"Sample Product 5337",Tables,each,333.46,158.45,0.231
IMP-005338,"Sample Product 5338",Cookware,box,239.65,228.00,2.257
IMP-005339,"Sample Product 5339",Storage,pallet,275.99,205.29,0.423
IMP-005340,"Sample Product 5340",Bolts,each,80.40,82.80,4.714
IMP-005341,"Sample Product 5341",Nuts,box,486.40,116.27,2.689
IMP-005342,"Sample Product 5342",Washers,pallet,420.52,39.40,2.261
IMP-005343,"Sample Product 5343",Screws,each,391.24,214.96,1.787
IMP-005344,"Sample Product 5344",Hose,box,89.11,146.12,4.025
IMP-005345,"Sample Product 5345",Fittings,pallet,410.19,269.49,4.332
IMP-005346,"Sample Product 5346",Valves,each,31.83,293.72,0.928
IMP-005347,"Sample Product 5347",Tables,box,469.06,96.97,2.933
IMP-005348,"Sample Product 5348",Cookware,pallet,166.36,25.49,0.948
IMP-005349,"Sample Product 5349",Storage,each,309.07,45.33,4.587
IMP-005350,"Sample Product 5350",Bolts,box,303.54,297.64,2.883
IMP-005351,"Sample Product 5351",Nuts,pallet,169.53,239.05,3.819
IMP-005352,"Sample Product 5352",Washers,each,11.11,218.13,4.715
IMP-005353,"Sample Product 5353",Screws,box,163.05,190.63,1.237
IMP-005354,"Sample Product 5354",Hose,pallet,441.91,149.92,1.578
IMP-005355,"Sample Product 5355",Fittings,each,200.54,213.76,2.553
IMP-005356,"Sample Product 5356",Valves,box,173.62,175.82,1.138
IMP-005357,"Sample Product 5357",Tables,pallet,67.42,81.66,3.024
IMP-005358,"Sample Product 5358",Cookware,each,40.16,59.08,1.225
IMP-005359,"Sample Product 5359",Storage,box,409.47,246.32,0.427
IMP-005360,"Sample Product 5360",Bolts,pallet,N/A,181.36,3.248
IMP-005361,"Sample Product 5361",Nuts,each,406.13,30.59,2.158
IMP-005362,"Sample Product 5362",Washers,box,438.61,41.21,4.254
IMP-005363,"Sample Product 5363",Screws,pallet,121.30,265.31,2.445
IMP-005364,"Sample Product 5364",Hose,each,379.44,195.87,2.525
IMP-005365,"Sample Product 5365",Fittings,box,485.21,18.80,3.348
IMP-005366,"Sample Product 5366",Valves,pallet,342.69,170.44,2.061
IMP-005367,"Sample Product 5367",Tables,each,417.26,17.07,3.764
IMP-005368,"Sample Product 5368",Cookware,box,493.08,215.75,2.662
IMP-005369,"Sample Product 5369",Storage,pallet,340.17,218.55,3.491
IMP-005370,"Sample Product 5370",Bolts,each,376.53,75.67,4.068
IMP-005371,"Sample Product 5371",Nuts,box,296.83,179.12,1.104
IMP-005372,"Sample Product 5372",Washers,pallet,124.18,79.72,3.858
IMP-005373,"Sample Product 5373",Screws,each,295.38,91.70,3.638
IMP-005374,"Sample Product 5374",Hose,box,104.56,39.13,3.046
IMP-005375,"Sample Product 5375",Fittings,pallet,448.56,129.14,0.687
IMP-005376,"Sample Product 5376",Valves,each,465.13,211.79,1.679
IMP-005377,"Sample Product 5377",Tables,box,453.98,14.68,3.216
IMP-005378,"Sample Product 5378",Cookware,pallet,190.37,125.25,0.039
IMP-005379,"Sample Product 5379",Storage,each,185.60,64.51,0.989
IMP-005380,"Sample Product 5380",Bolts,box,427.58,15.90,1.823
IMP-005381,"Sample Product 5381",Nuts,pallet,365.19,148.27,1.677
IMP-005382,"Sample Product 5382",Washers,each,65.55,296.42,0.254
IMP-005383,"Sample Product 5383",Screws,box,344.28,134.30,0.581
IMP-005384,"Sample Product 5384",Hose,pallet,205.20,27.71,2.595
IMP-005385,"Sample Product 5385",Fittings,each,402.88,191.23,3.708
IMP-005386,"Sample Product 5386",Valves,box,308.97,140.16,1.457
IMP-005387,"Sample Product 5387",Tables,pallet,325.47,189.95,4.499
IMP-005388,"Sample Product 5388",Cookware,each,69.07,12.16,2.409
IMP-005389,"Sample Product 5389",Storage,box,320.82,102.06,3.457
IMP-005390,"Sample Product 5390",Bolts,pallet,192.63,235.58,3.063
IMP-005391,"Sample Product 5391",Nuts,each,488.27,147.19,1.352
IMP-005392,"Sample Product 5392",Washers,box,117.15,89.81,4.678
IMP-005393,"Sample Product 5393",Screws,pallet,412.32,183.53,0.268
IMP-005394,"Sample Product 5394",Hose,each,359.03,57.63,2.570
IMP-005395,"Sample Product 5395",Fittings,box,162.88,79.25,1.779
IMP-005396,"Sample Product 5396",Valves,pallet,445.17,40.59,1.619
IMP-005397,"Sample Product 5397",Tables,each,362.54,114.26,2.379
IMP-005398,"Sample Product 5398",Cookware,box,132.41,215.14,0.324
IMP-005399,"Sample Product 5399",Storage,pallet,464.76,266.29,1.748
IMP-005400,"Sample Product 5400",Bolts,each,N/A,99.46,3.226
IMP-005401,"Sample Product 5401",Nuts,box,5.34,65.53,0.279
IMP-005402,"Sample Product 5402",Washers,pallet,155.13,181.18,2.244
IMP-005403,"Sample Product 5403",Screws,each,490.15,69.77,0.010
IMP-005404,"Sample Product 5404",Hose,box,52.82,12.99,0.282
IMP-005405,"Sample Product 5405",Fittings,pallet,475.72,27.75,3.561
IMP-005406,"Sample Product 5406",Valves,each,254.23,117.15,3.385
IMP-005407,"Sample Product 5407",Tables,box,78.66,152.02,3.859
IMP-005408,"Sample Product 5408",Cookware,pallet,429.95,86.56,2.735
IMP-005409,"Sample Product 5409",Storage,each,436.50,97.14,3.771
IMP-005410,"Sample Product 5410",Bolts,box,127.02,234.52,0.348
IMP-005411,"Sample Product 5411",Nuts,pallet,451.91,276.69,3.214
IMP-005412,"Sample Product 5412",Washers,each,82.74,53.83,3.525
IMP-005413,"Sample Product 5413",Screws,box,255.32,92.14,0.946
IMP-005414,"Sample Product 5414",Hose,pallet,329.70,24.57,4.240
IMP-005415,"Sample Product 5415",Fittings,each,240.14,173.23,2.874
IMP-005416,"Sample Product 5416",Valves,box,428.27,3.64,3.853
IMP-005417,"Sample Product 5417",Tables,pallet,419.21,182.42,2.693
IMP-005418,"Sample Product 5418",Cookware,each,80.40,208.82,0.068
IMP-005419,"Sample Product 5419",Storage,box,74.75,130.93,2.404
IMP-005420,"Sample Product 5420",Bolts,pallet,318.79,279.62,0.932
IMP-005421,"Sample Product 5421",Nuts,each,97.23,28.28,4.409
IMP-005422,"Sample Product 5422",Washers,box,430.97,216.61,0.993
IMP-005423,"Sample Product 5423",Screws,pallet,292.23,68.50,4.957
IMP-005424,"Sample Product 5424",Hose,each,342.11,189.86,0.256
IMP-005425,"Sample Product 5425",Fittings,box,27.03,78.23,3.882
IMP-005426,"Sample Product 5426",Valves,pallet,25.43,279.72,1.853
IMP-005427,"Sample Product 5427",Tables,each,50.15,27.78,1.549
IMP-005428,"Sample Product 5428",Cookware,box,25.34,67.81,0.426
IMP-005429,"Sample Product 5429",Storage,pallet,431.21,242.52,0.786
IMP-005430,"Sample Product 5430",Bolts,each,370.82,108.96,3.891
IMP-005431,"Sample Product 5431",Nuts,box,427.64,79.42,3.491
IMP-005432,"Sample Product 5432",Washers,pallet,404.59,238.12,1.136
IMP-005433,"Sample Product 5433",Screws,each,239.84,148.22,2.505
IMP-005434,"Sample Product 5434",Hose,box,460.75,295.90,0.639
IMP-005435,"Sample Product 5435",Fittings,pallet,498.14,97.17,1.519
IMP-005436,"Sample Product 5436",Valves,each,433.35,0.80,0.952
IMP-005437,"Sample Product 5437",Tables,box,388.45,44.80,3.379
IMP-005438,"Sample Product 5438",Cookware,pallet,151.25,7.41,4.517
IMP-005439,"Sample Product 5439",Storage,each,239.13,252.17,3.699
IMP-005440,"Sample Product 5440",Bolts,box,N/A,8.32,4.072
IMP-005441,"Sample Product 5441",Nuts,pallet,145.77,45.53,3.616
IMP-005442,"Sample Product 5442",Washers,each,242.99,283.07,0.225
IMP-005443,"Sample Product 5443",Screws,box,217.52,183.79,4.816
IMP-005444,"Sample Product 5444",Hose,pallet,25.60,43.11,2.599
IMP-005445,"Sample Product 5445",Fittings,each,260.66,170.46,0.154
IMP-005446,"Sample Product 5446",Valves,box,220.33,143.77,1.060
IMP-005447,"Sample Product 5447",Tables,pallet,440.39,166.04,0.654
IMP-005448,"Sample Product 5448",Cookware,each,167.45,30.20,4.188
IMP-005449,"Sample Product 5449",Storage,box,61.14,262.80,2.266
IMP-005450,"Sample Product 5450",Bolts,pallet,51.86,170.26,1.107
IMP-005451,"Sample Product 5451",Nuts,each,175.57,41.78,2.533
IMP-005452,"Sample Product 5452",Washers,box,302.15,259.56,2.795
IMP-005453,"Sample Product 5453",Screws,pallet,426.48,79.82,3.566
IMP-005454,"Sample Product 5454",Hose,each,204.70,54.44,3.996
IMP-005455,"Sample Product 5455",Fittings,box,393.72,225.11,3.864
IMP-005456,"Sample Product 5456",Valves,pallet,256.69,285.79,0.708
IMP-005457,"Sample Product 5457",Tables,each,464.91,103.49,0.202
IMP-005458,"Sample Product 5458",Cookware,box,31.00,225.61,4.867
IMP-005459,"Sample Product 5459",Storage,pallet,408.16,270.37,2.111
IMP-005460,"Sample Product 5460",Bolts,each,141.50,83.34,3.952
IMP-005461,"Sample Product 5461",Nuts,box,3.89,149.90,1.244
IMP-005462,"Sample Product 5462",Washers,pallet,352.42,137.16,0.799
IMP-005463,"Sample Product 5463",Screws,each,418.55,124.81,4.450
IMP-005464,"Sample Product 5464",Hose,box,395.09,231.23,2.142
IMP-005465,"Sample Product 5465",Fittings,pallet,120.02,18.54,0.840
IMP-005466,"Sample Product 5466",Valves,each,31.40,218.96,3.298
IMP-005467,"Sample Product 5467",Tables,box,159.30,19.31,0.392
IMP-005468,"Sample Product 5468",Cookware,pallet,177.86,119.46,4.727
IMP-005469,"Sample Product 5469",Storage,each,445.06,27.24,2.153
IMP-005470,"Sample Product 5470",Bolts,box,302.73,115.11,4.768
IMP-005471,"Sample Product 5471",Nuts,pallet,307.98,267.55,1.443
IMP-005472,"Sample Product 5472",Washers,each,366.36,111.33,2.730
IMP-005473,"Sample Product 5473",Screws,box,118.52,80.35,1.401
IMP-005474,"Sample Product 5474",Hose,pallet,426.32,139.32,0.763
IMP-005475,"Sample Product 5475",Fittings,each,442.91,8.55,2.993
IMP-005476,"Sample Product 5476",Valves,box,106.06,274.70,1.030
IMP-005477,"Sample Product 5477",Tables,pallet,296.67,151.86,4.200
IMP-005478,"Sample Product 5478",Cookware,each,243.99,269.95,2.948
IMP-005479,"Sample Product 5479",Storage,box,67.22,109.05,3.860
IMP-005480,"Sample Product 5480",Bolts,pallet,N/A,118.46,3.077
IMP-005481,"Sample Product 5481",Nuts,each,266.31,52.06,3.989
IMP-005482,"Sample Product 5482",Washers,box,177.38,187.80,0.248
IMP-005483,"Sample Product 5483",Screws,pallet,4.96,155.69,4.812
IMP-005484,"Sample Product 5484",Hose,each,11.96,184.78,3.473
IMP-005485,"Sample Product 5485",Fittings,box,94.40,95.00,2.711
IMP-005486,"Sample Product 5486",Valves,pallet,412.67,55.97,3.409
IMP-005487,"Sample Product 5487",Tables,each,59.39,73.81,0.366
IMP-005488,"Sample Product 5488",Cookware,box,222.10,289.32,1.574
IMP-005489,"Sample Product 5489",Storage,pallet,120.65,138.85,0.905
IMP-005490,"Sample Product 5490",Bolts,each,81.83,129.37,1.071
IMP-005491,"Sample Product 5491",Nuts,box,446.81,22.66,4.615
IMP-005492,"Sample Product 5492",Washers,pallet,461.98,52.69,2.036
IMP-005493,"Sample Product 5493",Screws,each,312.60,160.93,2.836
IMP-005494,"Sample Product 5494",Hose,box,161.96,174.65,1.070
IMP-005495,"Sample Product 5495",Fittings,pallet,260.12,21.46,2.724
IMP-005496,"Sample Product 5496",Valves,each,312.65,82.94,4.124
IMP-005497,"Sample Product 5497",Tables,box,203.00,212.03,1.342
IMP-005498,"Sample Product 5498",Cookware,pallet,53.16,146.18,2.087
IMP-005499,"Sample Product 5499",Storage,each,330.67,142.73,4.937
IMP-005500,"Sample Product 5500",Bolts,box,74.16,193.79,4.216
IMP-005501,"Sample Product 5501",Nuts,pallet,54.89,198.85,1.279
IMP-005502,"Sample Product 5502",Washers,each,177.08,233.08,2.194
IMP-005503,"Sample Product 5503",Screws,box,189.64,78.80,4.174
IMP-005504,"Sample Product 5504",Hose,pallet,466.19,151.62,4.465
IMP-005505,"Sample Product 5505",Fittings,each,115.24,171.83,2.580
IMP-005506,"Sample Product 5506",Valves,box,492.78,161.33,4.983
IMP-005507,"Sample Product 5507",Tables,pallet,78.86,6.90,2.850
IMP-005508,"Sample Product 5508",Cookware,each,323.59,208.00,2.805
IMP-005509,"Sample Product 5509",Storage,box,87.44,212.88,1.888
IMP-005510,"Sample Product 5510",Bolts,pallet,3.45,160.72,1.213
IMP-005511,"Sample Product 5511",Nuts,each,398.54,181.32,1.085
IMP-005512,"Sample Product 5512",Washers,box,185.61,171.64,1.476
IMP-005513,"Sample Product 5513",Screws,pallet,322.08,192.70,3.515
IMP-005514,"Sample Product 5514",Hose,each,44.73,114.66,2.719
IMP-005515,"Sample Product 5515",Fittings,box,294.17,168.26,2.946
IMP-005516,"Sample Product 5516",Valves,pallet,477.69,49.49,3.777
IMP-005517,"Sample Product 5517",Tables,each,112.38,116.37,1.968
IMP-005518,"Sample Product 5518",Cookware,box,288.53,221.76,4.526
IMP-005519,"Sample Product 5519",Storage,pallet,242.64,13.51,2.785
IMP-005520,"Sample Product 5520",Bolts,each,N/A,176.66,2.785
IMP-005521,"Sample Product 5521",Nuts,box,187.91,118.90,4.558
IMP-005522,"Sample Product 5522",Washers,pallet,69.55,212.90,4.409
IMP-005523,"Sample Product 5523",Screws,each,77.87,96.48,4.271
IMP-005524,"Sample Product 5524",Hose,box,371.52,193.90,3.149
IMP-005525,"Sample Product 5525",Fittings,pallet,231.42,163.57,1.925
IMP-005526,"Sample Product 5526",Valves,each,243.30,258.57,4.300
IMP-005527,"Sample Product 5527",Tables,box,23.77,41.15,3.362
IMP-005528,"Sample Product 5528",Cookware,pallet,331.82,193.19,2.883
IMP-005529,"Sample Product 5529",Storage,each,311.28,246.32,4.075
IMP-005530,"Sample Product 5530",Bolts,box,393.25,71.85,1.248
IMP-005531,"Sample Product 5531",Nuts,pallet,22.78,56.40,1.989
IMP-005532,"Sample Product 5532",Washers,each,61.54,51.74,2.858
IMP-005533,"Sample Product 5533",Screws,box,429.32,73.04,0.781
IMP-005534,"Sample Product 5534",Hose,pallet,102.59,227.62,0.328
IMP-005535,"Sample Product 5535",Fittings,each,20.37,20.29,4.145
IMP-005536,"Sample Product 5536",Valves,box,140.99,57.54,0.620
IMP-005537,"Sample Product 5537",Tables,pallet,340.87,195.66,2.580
IMP-005538,"Sample Product 5538",Cookware,each,85.78,79.53,3.355
IMP-005539,"Sample Product 5539",Storage,box,410.49,106.04,1.271
IMP-005540,"Sample Product 5540",Bolts,pallet,175.76,149.23,2.278
IMP-005541,"Sample Product 5541",Nuts,each,399.56,116.37,0.675
IMP-005542,"Sample Product 5542",Washers,box,426.83,176.15,3.505
IMP-005543,"Sample Product 5543",Screws,pallet,21.51,75.61,1.515
IMP-005544,"Sample Product 5544",Hose,each,166.96,275.62,2.754
IMP-005545,"Sample Product 5545",Fittings,box,148.58,225.48,0.897
IMP-005546,"Sample Product 5546",Valves,pallet,144.44,214.37,4.818
IMP-005547,"Sample Product 5547",Tables,each,37.47,199.10,4.448
IMP-005548,"Sample Product 5548",Cookware,box,64.12,186.25,4.558
IMP-005549,"Sample Product 5549",Storage,pallet,350.91,196.90,3.145
IMP-005550,"Sample Product 5550",Bolts,each,75.51,70.10,2.000
IMP-005551,"Sample Product 5551",Nuts,box,318.02,288.92,3.530
IMP-005552,"Sample Product 5552",Washers,pallet,270.31,67.41,0.212
IMP-005553,"Sample Product 5553",Screws,each,228.87,83.06,3.919
IMP-005554,"Sample Product 5554",Hose,box,43.49,171.87,1.809
IMP-005555,"Sample Product 5555",Fittings,pallet,258.31,266.52,1.532
IMP-005556,"Sample Product 5556",Valves,each,373.44,124.04,2.765
IMP-005557,"Sample Product 5557",Tables,box,336.51,174.23,2.792
IMP-005558,"Sample Product 5558",Cookware,pallet,434.66,153.78,2.376
IMP-005559,"Sample Product 5559",Storage,each,253.24,112.66,2.450
IMP-005560,"Sample Product 5560",Bolts,box,N/A,22.56,1.212
IMP-005561,"Sample Product 5561",Nuts,pallet,497.70,155.36,3.885
IMP-005562,"Sample Product 5562",Washers,each,145.09,205.19,2.516
IMP-005563,"Sample Product 5563",Screws,box,268.76,239.53,3.106
IMP-005564,"Sample Product 5564",Hose,pallet,198.80,39.81,4.079
IMP-005565,"Sample Product 5565",Fittings,each,359.84,15.74,1.980
IMP-005566,"Sample Product 5566",Valves,box,52.74,265.04,4.516
IMP-005567,"Sample Product 5567",Tables,pallet,104.71,295.23,0.508
IMP-005568,"Sample Product 5568",Cookware,each,13.71,129.30,3.178
IMP-005569,"Sample Product 5569",Storage,box,128.36,28.77,0.378
IMP-005570,"Sample Product 5570",Bolts,pallet,41.07,98.41,4.179
IMP-005571,"Sample Product 5571",Nuts,each,138.35,258.43,2.846
IMP-005572,"Sample Product 5572",Washers,box,145.58,292.40,0.278
IMP-005573,"Sample Product 5573",Screws,pallet,342.78,234.11,3.708
IMP-005574,"Sample Product 5574",Hose,each,260.11,280.02,2.501
IMP-005575,"Sample Product 5575",Fittings,box,228.58,268.43,4.905
IMP-005576,"Sample Product 5576",Valves,pallet,363.65,79.10,3.124
IMP-005577,"Sample Product 5577",Tables,each,185.79,280.59,3.566
IMP-005578,"Sample Product 5578",Cookware,box,206.68,114.80,0.104
IMP-005579,"Sample Product 5579",Storage,pallet,346.83,136.02,4.353
IMP-005580,"Sample Product 5580",Bolts,each,401.50,131.93,3.763
IMP-005581,"Sample Product 5581",Nuts,box,25.57,227.70,1.031
IMP-005582,"Sample Product 5582",Washers,pallet,94.37,252.96,0.991
IMP-005583,"Sample Product 5583",Screws,each,458.14,192.65,3.326
IMP-005584,"Sample Product 5584",Hose,box,139.83,273.58,2.691
IMP-005585,"Sample Product 5585",Fittings,pallet,456.07,7.87,1.502
IMP-005586,"Sample Product 5586",Valves,each,252.38,109.06,1.034
IMP-005587,"Sample Product 5587",Tables,box,5.93,51.93,3.720
IMP-005588,"Sample Product 5588",Cookware,pallet,329.70,265.76,3.903
IMP-005589,"Sample Product 5589",Storage,each,296.47,225.99,3.383
IMP-005590,"Sample Product 5590",Bolts,box,138.35,89.16,0.886
IMP-005591,"Sample Product 5591",Nuts,pallet,271.22,85.12,0.010
IMP-005592,"Sample Product 5592",Washers,each,492.17,241.62,1.069
IMP-005593,"Sample Product 5593",Screws,box,80.66,76.02,0.090
IMP-005594,"Sample Product 5594",Hose,pallet,362.55,128.63,3.792
IMP-005595,"Sample Product 5595",Fittings,each,477.21,20.40,1.081
IMP-005596,"Sample Product 5596",Valves,box,34.93,75.48,2.874
IMP-005597,"Sample Product 5597",Tables,pallet,180.85,292.66,0.576
IMP-005598,"Sample Product 5598",Cookware,each,460.07,174.79,3.784
IMP-005599,"Sample Product 5599",Storage,box,251.34,288.19,0.075
IMP-005600,"Sample Product 5600",Bolts,pallet,N/A,11.36,3.452
IMP-005601,"Sample Product 5601",Nuts,each,294.10,115.59,4.065
IMP-005602,"Sample Product 5602",Washers,box,127.57,65.97,3.852
IMP-005603,"Sample Product 5603",Screws,pallet,228.15,271.25,3.279
IMP-005604,"Sample Product 5604",Hose,each,92.46,291.00,3.987
IMP-005605,"Sample Product 5605",Fittings,box,374.78,91.90,3.685
IMP-005606,"Sample Product 5606",Valves,pallet,202.84,196.46,3.471
IMP-005607,"Sample Product 5607",Tables,each,67.74,197.47,4.944
IMP-005608,"Sample Product 5608",Cookware,box,104.23,251.32,1.863
IMP-005609,"Sample Product 5609",Storage,pallet,148.90,24.81,1.227
IMP-005610,"Sample Product 5610",Bolts,each,363.97,163.80,3.782
IMP-005611,"Sample Product 5611",Nuts,box,47.13,108.47,2.784
IMP-005612,"Sample Product 5612",Washers,pallet,440.49,271.33,1.608
IMP-005613,"Sample Product 5613",Screws,each,304.97,137.58,2.077
IMP-005614,"Sample Product 5614",Hose,box,310.97,259.33,4.577
IMP-005615,"Sample Product 5615",Fittings,pallet,265.38,69.95,2.968
IMP-005616,"Sample Product 5616",Valves,each,437.23,178.80,0.449
IMP-005617,"Sample Product 5617",Tables,box,40.66,168.30,1.043
IMP-005618,"Sample Product 5618",Cookware,pallet,1.42,114.73,2.470
IMP-005619,"Sample Product 5619",Storage,each,208.49,274.13,1.811
IMP-005620,"Sample Product 5620",Bolts,box,247.81,281.43,2.653
IMP-005621,"Sample Product 5621",Nuts,pallet,276.59,114.31,4.760
IMP-005622,"Sample Product 5622",Washers,each,419.25,276.44,3.163
IMP-005623,"Sample Product 5623",Screws,box,124.83,31.33,4.009
IMP-005624,"Sample Product 5624",Hose,pallet,182.21,2.43,1.645
IMP-005625,"Sample Product 5625",Fittings,each,306.05,223.44,1.771
IMP-005626,"Sample Product 5626",Valves,box,423.93,269.13,4.620
IMP-005627,"Sample Product 5627",Tables,pallet,94.05,139.37,0.072
IMP-005628,"Sample Product 5628",Cookware,each,480.83,137.17,2.809
IMP-005629,"Sample Product 5629",Storage,box,323.67,102.09,3.945
IMP-005630,"Sample Product 5630",Bolts,pallet,43.27,249.76,4.571
IMP-005631,"Sample Product 5631",Nuts,each,438.55,172.30,1.678
IMP-005632,"Sample Product 5632",Washers,box,488.29,135.85,3.964
IMP-005633,"Sample Product 5633",Screws,pallet,333.86,216.40,4.465
IMP-005634,"Sample Product 5634",Hose,each,148.08,19.57,2.959
IMP-005635,"Sample Product 5635",Fittings,box,144.65,163.03,2.943
IMP-005636,"Sample Product 5636",Valves,pallet,157.09,36.88,0.024
IMP-005637,"Sample Product 5637",Tables,each,114.21,118.99,4.318
IMP-005638,"Sample Product 5638",Cookware,box,83.78,297.63,3.938
IMP-005639,"Sample Product 5639",Storage,pallet,498.27,28.72,3.179
IMP-005640,"Sample Product 5640",Bolts,each,N/A,235.22,4.269
IMP-005641,"Sample Product 5641",Nuts,box,136.20,296.31,4.224
IMP-005642,"Sample Product 5642",Washers,pallet,319.39,7.62,1.925
IMP-005643,"Sample Product 5643",Screws,each,390.14,298.81,2.338
IMP-005644,"Sample Product 5644",Hose,box,490.08,281.77,1.476
IMP-005645,"Sample Product 5645",Fittings,pallet,281.40,67.62,2.820
IMP-005646,"Sample Product 5646",Valves,each,261.52,242.96,4.252
IMP-005647,"Sample Product 5647",Tables,box,52.34,24.64,4.847
IMP-005648,"Sample Product 5648",Cookware,pallet,91.88,79.93,3.077
IMP-005649,"Sample Product 5649",Storage,each,259.83,8.97,1.501
IMP-005650,"Sample Product 5650",Bolts,box,432.25,268.62,4.260
IMP-005651,"Sample Product 5651",Nuts,pallet,133.80,167.83,4.475
IMP-005652,"Sample Product 5652",Washers,each,172.47,132.41,1.826
IMP-005653,"Sample Product 5653",Screws,box,146.06,17.80,4.096
IMP-005654,"Sample Product 5654",Hose,pallet,343.64,233.79,4.176
IMP-005655,"Sample Product 5655",Fittings,each,116.70,227.55,0.044
IMP-005656,"Sample Product 5656",Valves,box,31.34,197.04,0.887
IMP-005657,"Sample Product 5657",Tables,pallet,73.51,7.90,2.334
IMP-005658,"Sample Product 5658",Cookware,each,152.89,95.28,1.451
IMP-005659,"Sample Product 5659",Storage,box,131.29,243.99,3.649
IMP-005660,"Sample Product 5660",Bolts,pallet,438.07,69.46,4.931
IMP-005661,"Sample Product 5661",Nuts,each,193.63,19.95,4.322
IMP-005662,"Sample Product 5662",Washers,box,117.00,223.70,0.627
IMP-005663,"Sample Product 5663",Screws,pallet,298.38,238.70,0.848
IMP-005664,"Sample Product 5664",Hose,each,198.08,165.15,3.926
IMP-005665,"Sample Product 5665",Fittings,box,169.83,131.49,3.433
IMP-005666,"Sample Product 5666",Valves,pallet,229.63,67.10,4.043
IMP-005667,"Sample Product 5667",Tables,each,410.00,143.64,3.439
IMP-005668,"Sample Product 5668",Cookware,box,401.62,122.53,2.780
IMP-005669,"Sample Product 5669",Storage,pallet,334.36,94.90,1.968
IMP-005670,"Sample Product 5670",Bolts,each,315.06,97.60,0.938
IMP-005671,"Sample Product 5671",Nuts,box,185.05,294.27,1.617
IMP-005672,"Sample Product 5672",Washers,pallet,128.51,233.93,1.780
IMP-005673,"Sample Product 5673",Screws,each,169.12,4.00,1.798
IMP-005674,"Sample Product 5674",Hose,box,258.12,208.10,3.938
IMP-005675,"Sample Product 5675",Fittings,pallet,16.37,220.74,2.639
IMP-005676,"Sample Product 5676",Valves,each,23.80,55.41,1.590
IMP-005677,"Sample Product 5677",Tables,box,317.63,33.35,0.056
IMP-005678,"Sample Product 5678",Cookware,pallet,130.98,64.62,0.254
IMP-005679,"Sample Product 5679",Storage,each,496.58,187.97,4.838
IMP-005680,"Sample Product 5680",Bolts,box,N/A,186.44,0.090
IMP-005681,"Sample Product 5681",Nuts,pallet,92.44,136.57,1.549
IMP-005682,"Sample Product 5682",Washers,each,76.06,219.38,1.375
IMP-005683,"Sample Product 5683",Screws,box,106.30,190.61,1.243
IMP-005684,"Sample Product 5684",Hose,pallet,312.19,61.34,0.840
IMP-005685,"Sample Product 5685",Fittings,each,116.40,42.75,4.366
IMP-005686,"Sample Product 5686",Valves,box,366.22,35.51,0.634
IMP-005687,"Sample Product 5687",Tables,pallet,295.37,53.95,0.522
IMP-005688,"Sample Product 5688",Cookware,each,296.63,2.96,4.525
IMP-005689,"Sample Product 5689",Storage,box,458.09,56.49,1.761
IMP-005690,"Sample Product 5690",Bolts,pallet,264.37,84.75,0.308
IMP-005691,"Sample Product 5691",Nuts,each,308.20,284.50,3.531
IMP-005692,"Sample Product 5692",Washers,box,59.85,136.71,2.122
IMP-005693,"Sample Product 5693",Screws,pallet,196.39,290.85,0.193
IMP-005694,"Sample Product 5694",Hose,each,267.93,2.53,4.012
IMP-005695,"Sample Product 5695",Fittings,box,361.73,243.85,2.970
IMP-005696,"Sample Product 5696",Valves,pallet,429.11,168.00,0.941
IMP-005697,"Sample Product 5697",Tables,each,415.48,9.83,1.782
IMP-005698,"Sample Product 5698",Cookware,box,380.19,188.75,3.777
IMP-005699,"Sample Product 5699",Storage,pallet,62.94,158.72,2.431
IMP-005700,"Sample Product 5700",Bolts,each,259.45,183.57,1.206
IMP-005701,"Sample Product 5701",Nuts,box,60.59,97.24,0.595
IMP-005702,"Sample Product 5702",Washers,pallet,125.06,57.60,3.854
IMP-005703,"Sample Product 5703",Screws,each,20.64,52.65,0.453
IMP-005704,"Sample Product 5704",Hose,box,231.15,230.35,2.034
IMP-005705,"Sample Product 5705",Fittings,pallet,150.43,24.39,4.373
IMP-005706,"Sample Product 5706",Valves,each,336.77,169.49,2.816
IMP-005707,"Sample Product 5707",Tables,box,70.40,254.47,0.420
IMP-005708,"Sample Product 5708",Cookware,pallet,304.35,229.72,0.955
IMP-005709,"Sample Product 5709",Storage,each,456.51,180.46,2.045
IMP-005710,"Sample Product 5710",Bolts,box,190.54,206.04,4.805
IMP-005711,"Sample Product 5711",Nuts,pallet,338.07,261.55,4.113
IMP-005712,"Sample Product 5712",Washers,each,405.95,69.41,0.323
IMP-005713,"Sample Product 5713",Screws,box,12.70,29.74,4.538
IMP-005714,"Sample Product 5714",Hose,pallet,108.23,254.64,2.089
IMP-005715,"Sample Product 5715",Fittings,each,72.50,78.07,4.612
IMP-005716,"Sample Product 5716",Valves,box,311.01,174.37,1.955
IMP-005717,"Sample Product 5717",Tables,pallet,484.28,181.23,0.998
IMP-005718,"Sample Product 5718",Cookware,each,81.63,252.71,4.255
IMP-005719,"Sample Product 5719",Storage,box,222.30,213.75,4.256
IMP-005720,"Sample Product 5720",Bolts,pallet,N/A,215.87,0.898
IMP-005721,"Sample Product 5721",Nuts,each,375.95,295.50,3.309
IMP-005722,"Sample Product 5722",Washers,box,52.42,120.74,0.707
IMP-005723,"Sample Product 5723",Screws,pallet,134.11,177.95,3.343
IMP-005724,"Sample Product 5724",Hose,each,368.20,2.19,0.700
IMP-005725,"Sample Product 5725",Fittings,box,121.72,32.44,4.125
IMP-005726,"Sample Product 5726",Valves,pallet,341.36,92.81,4.873
IMP-005727,"Sample Product 5727",Tables,each,475.96,229.25,4.273
IMP-005728,"Sample Product 5728",Cookware,box,21.13,282.25,3.869
IMP-005729,"Sample Product 5729",Storage,pallet,422.77,102.10,0.587
IMP-005730,"Sample Product 5730",Bolts,each,347.94,172.80,4.015
IMP-005731,"Sample Product 5731",Nuts,box,178.17,265.63,3.990
IMP-005732,"Sample Product 5732",Washers,pallet,420.71,183.37,0.532
IMP-005733,"Sample Product 5733",Screws,each,95.91,296.06,2.021
IMP-005734,"Sample Product 5734",Hose,box,464.55,111.25,4.117
IMP-005735,"Sample Product 5735",Fittings,pallet,319.26,152.32,1.692
IMP-005736,"Sample Product 5736",Valves,each,11.30,252.81,0.687
IMP-005737,"Sample Product 5737",Tables,box,52.16,160.15,2.473
IMP-005738,"Sample Product 5738",Cookware,pallet,427.32,256.31,0.262
IMP-005739,"Sample Product 5739",Storage,each,434.88,247.19,2.264
IMP-005740,"Sample Product 5740",Bolts,box,163.82,265.76,4.464
IMP-005741,"Sample Product 5741",Nuts,pallet,266.89,40.35,1.900
IMP-005742,"Sample Product 5742",Washers,each,480.30,292.77,0.061
IMP-005743,"Sample Product 5743",Screws,box,85.75,161.25,1.527
IMP-005744,"Sample Product 5744",Hose,pallet,408.09,147.94,2.157
IMP-005745,"Sample Product 5745",Fittings,each,458.33,53.85,4.898
IMP-005746,"Sample Product 5746",Valves,box,264.21,171.52,0.394
IMP-005747,"Sample Product 5747",Tables,pallet,422.08,5.76,0.791
IMP-005748,"Sample Product 5748",Cookware,each,234.69,187.21,3.189
IMP-005749,"Sample Product 5749",Storage,box,179.81,101.52,1.421
IMP-005750,"Sample Product 5750",Bolts,pallet,305.66,265.47,2.621
IMP-005751,"Sample Product 5751",Nuts,each,156.71,115.98,2.517
IMP-005752,"Sample Product 5752",Washers,box,276.50,229.73,0.449
IMP-005753,"Sample Product 5753",Screws,pallet,138.76,268.19,1.128
IMP-005754,"Sample Product 5754",Hose,each,319.77,42.25,1.917
IMP-005755,"Sample Product 5755",Fittings,box,489.11,76.97,0.739
IMP-005756,"Sample Product 5756",Valves,pallet,196.45,201.43,0.718
IMP-005757,"Sample Product 5757",Tables,each,364.52,130.09,4.932
IMP-005758,"Sample Product 5758",Cookware,box,100.96,194.25,2.242
IMP-005759,"Sample Product 5759",Storage,pallet,473.66,233.56,0.355
IMP-005760,"Sample Product 5760",Bolts,each,N/A,196.04,0.974
IMP-005761,"Sample Product 5761",Nuts,box,292.04,184.77,1.231
IMP-005762,"Sample Product 5762",Washers,pallet,79.24,175.82,4.190
IMP-005763,"Sample Product 5763",Screws,each,49.93,42.47,2.894
IMP-005764,"Sample Product 5764",Hose,box,386.93,297.95,3.043
IMP-005765,"Sample Product 5765",Fittings,pallet,456.69,17.13,3.644
IMP-005766,"Sample Product 5766",Valves,each,70.61,37.97,2.314
IMP-005767,"Sample Product 5767",Tables,box,357.25,11.19,3.117
IMP-005768,"Sample Product 5768",Cookware,pallet,487.65,262.29,4.617
IMP-005769,"Sample Product 5769",Storage,each,180.28,143.07,2.373
IMP-005770,"Sample Product 5770",Bolts,box,460.88,98.40,4.943
IMP-005771,"Sample Product 5771",Nuts,pallet,334.78,104.13,2.398
IMP-005772,"Sample Product 5772",Washers,each,87.07,75.56,1.343
IMP-005773,"Sample Product 5773",Screws,box,266.65,60.45,0.034
IMP-005774,"Sample Product 5774",Hose,pallet,494.90,260.04,1.522
IMP-005775,"Sample Product 5775",Fittings,each,343.18,66.49,2.754
IMP-005776,"Sample Product 5776",Valves,box,460.37,109.25,2.297
IMP-005777,"Sample Product 5777",Tables,pallet,306.23,149.88,1.147
IMP-005778,"Sample Product 5778",Cookware,each,189.25,12.50,0.671
IMP-005779,"Sample Product 5779",Storage,box,23.31,258.05,3.266
IMP-005780,"Sample Product 5780",Bolts,pallet,4.90,106.63,4.277
IMP-005781,"Sample Product 5781",Nuts,each,418.31,293.70,3.150
IMP-005782,"Sample Product 5782",Washers,box,314.64,30.29,2.609
IMP-005783,"Sample Product 5783",Screws,pallet,5.54,125.54,1.509
IMP-005784,"Sample Product 5784",Hose,each,489.34,217.04,3.091
IMP-005785,"Sample Product 5785",Fittings,box,211.44,195.41,1.787
IMP-005786,"Sample Product 5786",Valves,pallet,203.34,130.44,1.071
IMP-005787,"Sample Product 5787",Tables,each,404.48,254.17,0.897
IMP-005788,"Sample Product 5788",Cookware,box,142.65,264.59,3.209
IMP-005789,"Sample Product 5789",Storage,pallet,44.30,78.74,2.652
IMP-005790,"Sample Product 5790",Bolts,each,333.10,12.00,3.163
IMP-005791,"Sample Product 5791",Nuts,box,480.53,230.46,4.516
IMP-005792,"Sample Product 5792",Washers,pallet,345.01,103.66,2.783
IMP-005793,"Sample Product 5793",Screws,each,365.15,8.17,3.701
IMP-005794,"Sample Product 5794",Hose,box,3.40,104.88,4.178
IMP-005795,"Sample Product 5795",Fittings,pallet,256.98,240.75,0.892
IMP-005796,"Sample Product 5796",Valves,each,403.89,149.32,3.569
IMP-005797,"Sample Product 5797",Tables,box,332.92,287.34,2.381
IMP-005798,"Sample Product 5798",Cookware,pallet,213.94,117.53,3.624
IMP-005799,"Sample Product 5799",Storage,each,317.57,246.58,2.014
IMP-005800,"Sample Product 5800",Bolts,box,299.90,248.15,0.449
IMP-005801,"Sample Product 5801",Nuts,pallet,78.37,185.34,3.267
IMP-005802,"Sample Product 5802",Washers,each,130.03,241.01,0.907
IMP-005803,"Sample Product 5803",Screws,box,141.27,155.26,1.568
IMP-005804,"Sample Product 5804",Hose,pallet,254.07,283.29,3.264
IMP-005805,"Sample Product 5805",Fittings,each,342.58,67.64,4.088
IMP-005806,"Sample Product 5806",Valves,box,392.08,192.50,3.383
IMP-005807,"Sample Product 5807",Tables,pallet,98.49,131.57,3.494
IMP-005808,"Sample Product 5808",Cookware,each,264.02,86.18,2.657
IMP-005809,"Sample Product 5809",Storage,box,189.11,235.01,4.957
IMP-005810,"Sample Product 5810",Bolts,pallet,482.08,153.29,1.173
IMP-005811,"Sample Product 5811",Nuts,each,11.73,196.40,4.163
IMP-005812,"Sample Product 5812",Washers,box,164.03,252.76,0.927
IMP-005813,"Sample Product 5813",Screws,pallet,173.90,102.37,2.044
IMP-005814,"Sample Product 5814",Hose,each,278.55,198.38,1.101
IMP-005815,"Sample Product 5815",Fittings,box,460.92,116.85,0.215
IMP-005816,"Sample Product 5816",Valves,pallet,111.08,20.60,1.929
IMP-005817,"Sample Product 5817",Tables,each,202.49,285.81,1.133
IMP-005818,"Sample Product 5818",Cookware,box,320.12,176.37,1.509
IMP-005819,"Sample Product 5819",Storage,pallet,490.85,264.90,1.140
IMP-005820,"Sample Product 5820",Bolts,each,123.48,295.92,2.371
IMP-005821,"Sample Product 5821",Nuts,box,135.35,44.91,0.266
IMP-005822,"Sample Product 5822",Washers,pallet,92.30,137.40,2.518
IMP-005823,"Sample Product 5823",Screws,each,107.80,198.44,3.906
IMP-005824,"Sample Product 5824",Hose,box,278.40,34.43,3.683
IMP-005825,"Sample Product 5825",Fittings,pallet,374.40,174.73,4.456
IMP-005826,"Sample Product 5826",Valves,each,118.45,179.88,3.914
IMP-005827,"Sample Product 5827",Tables,box,240.40,211.14,2.559
IMP-005828,"Sample Product 5828",Cookware,pallet,461.17,218.80,4.811
IMP-005829,"Sample Product 5829",Storage,each,238.61,19.93,3.724
IMP-005830,"Sample Product 5830",Bolts,box,180.88,291.68,3.157
IMP-005831,"Sample Product 5831",Nuts,pallet,338.22,5.00,2.768
IMP-005832,"Sample Product 5832",Washers,each,12.76,16.59,4.696
IMP-005833,"Sample Product 5833",Screws,box,378.52,298.10,0.181
IMP-005834,"Sample Product 5834",Hose,pallet,357.27,128.53,1.630
IMP-005835,"Sample Product 5835",Fittings,each,396.44,19.08,2.117
IMP-005836,"Sample Product 5836",Valves,box,474.60,6.16,4.322
IMP-005837,"Sample Product 5837",Tables,pallet,458.88,249.64,0.225
IMP-005838,"Sample Product 5838",Cookware,each,349.52,0.44,4.782
IMP-005839,"Sample Product 5839",Storage,box,480.58,151.70,3.923
IMP-005840,"Sample Product 5840",Bolts,pallet,459.79,233.52,3.114
IMP-005841,"Sample Product 5841",Nuts,each,269.02,2.47,2.971
IMP-005842,"Sample Product 5842",Washers,box,88.83,187.87,2.800
IMP-005843,"Sample Product 5843",Screws,pallet,76.41,49.72,1.628
IMP-005844,"Sample Product 5844",Hose,each,237.35,157.30,1.627
IMP-005845,"Sample Product 5845",Fittings,box,352.13,270.50,1.548
IMP-005846,"Sample Product 5846",Valves,pallet,306.45,119.48,4.489
IMP-005847,"Sample Product 5847",Tables,each,309.19,26.99,3.170
IMP-005848,"Sample Product 5848",Cookware,box,170.34,226.44,2.411
IMP-005849,"Sample Product 5849",Storage,pallet,231.82,74.47,1.326
IMP-005850,"Sample Product 5850",Bolts,each,410.82,131.23,3.523
IMP-005851,"Sample Product 5851",Nuts,box,58.10,181.52,1.738
IMP-005852,"Sample Product 5852",Washers,pallet,102.26,251.89,2.903
IMP-005853,"Sample Product 5853",Screws,each,162.71,199.45,2.816
IMP-005854,"Sample Product 5854",Hose,box,498.72,81.40,3.035
IMP-005855,"Sample Product 5855",Fittings,pallet,370.71,235.93,2.212
IMP-005856,"Sample Product 5856",Valves,each,492.67,137.84,4.233
IMP-005857,"Sample Product 5857",Tables,box,294.76,278.16,4.257
IMP-005858,"Sample Product 5858",Cookware,pallet,115.42,221.82,2.281
IMP-005859,"Sample Product 5859",Storage,each,40.57,255.81,2.572
IMP-005860,"Sample Product 5860",Bolts,box,407.22,258.51,4.276
IMP-005861,"Sample Product 5861",Nuts,pallet,189.48,239.50,2.290
IMP-005862,"Sample Product 5862",Washers,each,215.96,52.96,1.425
IMP-005863,"Sample Product 5863",Screws,box,341.83,215.80,2.888
IMP-005864,"Sample Product 5864",Hose,pallet,482.11,235.74,4.595
IMP-005865,"Sample Product 5865",Fittings,each,4.30,23.08,0.724
IMP-005866,"Sample Product 5866",Valves,box,319.83,272.18,1.226
IMP-005867,"Sample Product 5867",Tables,pallet,50.49,269.72,2.668
IMP-005868,"Sample Product 5868",Cookware,each,114.49,262.90,3.656
IMP-005869,"Sample Product 5869",Storage,box,389.34,63.88,4.975
IMP-005870,"Sample Product 5870",Bolts,pallet,436.19,116.40,1.478
IMP-005871,"Sample Product 5871",Nuts,each,40.63,253.32,4.466
IMP-005872,"Sample Product 5872",Washers,box,272.78,28.64,1.990
IMP-005873,"Sample Product 5873",Screws,pallet,244.46,206.89,2.922
IMP-005874,"Sample Product 5874",Hose,each,343.57,218.57,0.890
IMP-005875,"Sample Product 5875",Fittings,box,207.42,239.39,4.180
IMP-005876,"Sample Product 5876",Valves,pallet,440.83,230.23,2.797
IMP-005877,"Sample Product 5877",Tables,each,198.10,129.19,0.342
IMP-005878,"Sample Product 5878",Cookware,box,466.75,242.95,0.763
IMP-005879,"Sample Product 5879",Storage,pallet,319.45,275.71,3.528
IMP-005880,"Sample Product 5880",Bolts,each,43.43,66.46,4.415
IMP-005881,"Sample Product 5881",Nuts,box,71.75,51.65,1.444
IMP-005882,"Sample Product 5882",Washers,pallet,352.49,277.27,0.688
IMP-005883,"Sample Product 5883",Screws,each,220.03,157.63,4.134
IMP-005884,"Sample Product 5884",Hose,box,50.63,127.93,0.637
IMP-005885,"Sample Product 5885",Fittings,pallet,132.29,296.98,1.787
IMP-005886,"Sample Product 5886",Valves,each,289.73,130.84,1.871
IMP-005887,"Sample Product 5887",Tables,box,83.32,261.26,0.047
IMP-005888,"Sample Product 5888",Cookware,pallet,465.41,88.88,2.249
IMP-005889,"Sample Product 5889",Storage,each,196.89,122.36,1.810
IMP-005890,"Sample Product 5890",Bolts,box,212.43,46.69,3.709
IMP-005891,"Sample Product 5891",Nuts,pallet,476.62,222.80,1.016
IMP-005892,"Sample Product 5892",Washers,each,118.80,83.87,1.239
IMP-005893,"Sample Product 5893",Screws,box,354.71,271.66,1.514
IMP-005894,"Sample Product 5894",Hose,pallet,314.42,139.67,3.419
IMP-005895,"Sample Product 5895",Fittings,each,103.39,42.16,0.874
IMP-005896,"Sample Product 5896",Valves,box,448.00,236.97,0.476
IMP-005897,"Sample Product 5897",Tables,pallet,28.58,188.54,2.822
IMP-005898,"Sample Product 5898",Cookware,each,408.76,103.82,1.211
IMP-005899,"Sample Product 5899",Storage,box,405.56,192.61,1.706
IMP-005900,"Sample Product 5900",Bolts,pallet,92.07,220.17,1.366
IMP-005901,"Sample Product 5901",Nuts,each,372.90,266.23,4.088
IMP-005902,"Sample Product 5902",Washers,box,277.58,15.84,4.233
IMP-005903,"Sample Product 5903",Screws,pallet,289.96,266.63,4.230
IMP-005904,"Sample Product 5904",Hose,each,367.08,109.76,4.389
IMP-005905,"Sample Product 5905",Fittings,box,367.28,88.73,1.981
IMP-005906,"Sample Product 5906",Valves,pallet,133.25,148.71,3.326
IMP-005907,"Sample Product 5907",Tables,each,8.93,167.62,4.888
IMP-005908,"Sample Product 5908",Cookware,box,250.86,61.38,1.835
IMP-005909,"Sample Product 5909",Storage,pallet,55.28,204.44,4.447
IMP-005910,"Sample Product 5910",Bolts,each,352.77,6.79,2.887
IMP-005911,"Sample Product 5911",Nuts,box,1.71,102.78,2.324
IMP-005912,"Sample Product 5912",Washers,pallet,397.39,29.43,0.358
IMP-005913,"Sample Product 5913",Screws,each,230.32,196.10,0.550
IMP-005914,"Sample Product 5914",Hose,box,364.26,256.12,2.470
IMP-005915,"Sample Product 5915",Fittings,pallet,52.85,159.76,1.549
IMP-005916,"Sample Product 5916",Valves,each,100.10,208.46,2.305
IMP-005917,"Sample Product 5917",Tables,box,248.60,3.70,4.507
IMP-005918,"Sample Product 5918",Cookware,pallet,427.68,116.11,1.593
IMP-005919,"Sample Product 5919",Storage,each,314.90,208.51,4.863
IMP-005920,"Sample Product 5920",Bolts,box,247.36,83.23,2.324
IMP-005921,"Sample Product 5921",Nuts,pallet,364.29,189.17,1.101
IMP-005922,"Sample Product 5922",Washers,each,354.81,39.36,0.706
IMP-005923,"Sample Product 5923",Screws,box,340.44,87.44,1.120
IMP-005924,"Sample Product 5924",Hose,pallet,31.38,122.58,2.792
IMP-005925,"Sample Product 5925",Fittings,each,327.23,137.29,0.315
IMP-005926,"Sample Product 5926",Valves,box,192.12,295.35,3.551
IMP-005927,"Sample Product 5927",Tables,pallet,394.32,294.72,3.168
IMP-005928,"Sample Product 5928",Cookware,each,443.34,211.67,3.583
IMP-005929,"Sample Product 5929",Storage,box,251.08,286.92,0.747
IMP-005930,"Sample Product 5930",Bolts,pallet,178.53,293.26,1.758
IMP-005931,"Sample Product 5931",Nuts,each,116.82,161.27,1.563
IMP-005932,"Sample Product 5932",Washers,box,298.90,155.00,3.955
IMP-005933,"Sample Product 5933",Screws,pallet,242.63,270.30,3.733
IMP-005934,"Sample Product 5934",Hose,each,10.51,168.75,3.652
IMP-005935,"Sample Product 5935",Fittings,box,283.31,163.43,2.107
IMP-005936,"Sample Product 5936",Valves,pallet,318.25,216.52,0.185
IMP-005937,"Sample Product 5937",Tables,each,326.69,133.06,4.944
IMP-005938,"Sample Product 5938",Cookware,box,99.08,167.14,3.494
IMP-005939,"Sample Product 5939",Storage,pallet,319.92,297.31,1.018
IMP-005940,"Sample Product 5940",Bolts,each,359.39,274.82,4.518
IMP-005941,"Sample Product 5941",Nuts,box,443.18,193.30,0.236
IMP-005942,"Sample Product 5942",Washers,pallet,7.43,178.53,4.785
IMP-005943,"Sample Product 5943",Screws,each,242.24,196.46,3.235
IMP-005944,"Sample Product 5944",Hose,box,301.92,44.80,4.604
IMP-005945,"Sample Product 5945",Fittings,pallet,115.86,115.91,1.728
IMP-005946,"Sample Product 5946",Valves,each,7.06,298.44,2.983
IMP-005947,"Sample Product 5947",Tables,box,64.22,224.41,4.898
IMP-005948,"Sample Product 5948",Cookware,pallet,238.49,222.89,4.183
IMP-005949,"Sample Product 5949",Storage,each,200.53,166.54,2.405
IMP-005950,"Sample Product 5950",Bolts,box,256.71,89.89,3.581
IMP-005951,"Sample Product 5951",Nuts,pallet,480.29,172.66,2.737
IMP-005952,"Sample Product 5952",Washers,each,56.73,271.30,0.562
IMP-005953,"Sample Product 5953",Screws,box,419.45,43.01,1.660
IMP-005954,"Sample Product 5954",Hose,pallet,16.86,34.71,0.680
IMP-005955,"Sample Product 5955",Fittings,each,152.45,94.32,3.777
IMP-005956,"Sample Product 5956",Valves,box,37.93,184.60,1.514
IMP-005957,"Sample Product 5957",Tables,pallet,456.57,296.01,1.769
IMP-005958,"Sample Product 5958",Cookware,each,378.08,30.24,1.913
IMP-005959,"Sample Product 5959",Storage,box,374.23,73.23,0.833
IMP-005960,"Sample Product 5960",Bolts,pallet,252.10,135.93,0.670
IMP-005961,"Sample Product 5961",Nuts,each,218.56,233.00,1.945
IMP-005962,"Sample Product 5962",Washers,box,409.59,154.56,0.718
IMP-005963,"Sample Product 5963",Screws,pallet,325.12,91.44,4.094
IMP-005964,"Sample Product 5964",Hose,each,121.13,172.81,2.280
IMP-005965,"Sample Product 5965",Fittings,box,387.53,104.54,0.917
IMP-005966,"Sample Product 5966",Valves,pallet,282.16,293.46,0.571
IMP-005967,"Sample Product 5967",Tables,each,426.93,50.72,4.546
IMP-005968,"Sample Product 5968",Cookware,box,78.12,87.77,2.448
IMP-005969,"Sample Product 5969",Storage,pallet,42.77,160.31,4.979
IMP-005970,"Sample Product 5970",Bolts,each,446.42,189.30,2.227
IMP-005971,"Sample Product 5971",Nuts,box,67.87,202.50,1.659
IMP-005972,"Sample Product 5972",Washers,pallet,478.38,17.73,3.528
IMP-005973,"Sample Product 5973",Screws,each,289.65,213.80,1.902
IMP-005974,"Sample Product 5974",Hose,box,319.44,252.84,4.585
IMP-005975,"Sample Product 5975",Fittings,pallet,217.51,8.50,4.580
IMP-005976,"Sample Product 5976",Valves,each,148.77,262.17,0.819
IMP-005977,"Sample Product 5977",Tables,box,234.27,270.09,0.614
IMP-005978,"Sample Product 5978",Cookware,pallet,196.27,210.03,2.204
IMP-005979,"Sample Product 5979",Storage,each,221.96,87.10,4.860
IMP-005980,"Sample Product 5980",Bolts,box,118.13,44.10,3.802
IMP-005981,"Sample Product 5981",Nuts,pallet,72.53,249.62,0.266
IMP-005982,"Sample Product 5982",Washers,each,384.99,105.90,3.904
IMP-005983,"Sample Product 5983",Screws,box,416.57,142.30,3.311
IMP-005984,"Sample Product 5984",Hose,pallet,162.89,241.61,4.906
IMP-005985,"Sample Product 5985",Fittings,each,319.32,246.14,3.029
IMP-005986,"Sample Product 5986",Valves,box,474.89,90.24,0.384
IMP-005987,"Sample Product 5987",Tables,pallet,213.16,111.49,1.840
IMP-005988,"Sample Product 5988",Cookware,each,469.06,283.34,4.510
IMP-005989,"Sample Product 5989",Storage,box,174.21,72.67,2.470
IMP-005990,"Sample Product 5990",Bolts,pallet,165.67,225.39,0.357
IMP-005991,"Sample Product 5991",Nuts,each,48.74,102.95,3.992
IMP-005992,"Sample Product 5992",Washers,box,188.59,161.54,0.839
IMP-005993,"Sample Product 5993",Screws,pallet,371.48,92.32,3.718
IMP-005994,"Sample Product 5994",Hose,each,129.29,79.87,2.109
IMP-005995,"Sample Product 5995",Fittings,box,2.19,213.83,3.498
IMP-005996,"Sample Product 5996",Valves,pallet,150.23,104.14,1.340
IMP-005997,"Sample Product 5997",Tables,each,333.01,233.31,0.404
IMP-005998,"Sample Product 5998",Cookware,box,65.19,50.18,2.390
IMP-005999,"Sample Product 5999",Storage,pallet,289.01,55.10,2.242
IMP-006000,,Bolts,each,54.04,171.04,4.625
IMP-006001,"Sample Product 6001",Nuts,box,380.04,54.20,2.835
IMP-006002,"Sample Product 6002",Washers,pallet,93.11,84.89,1.826
IMP-006003,"Sample Product 6003",Screws,each,281.72,98.83,3.081
IMP-006004,"Sample Product 6004",Hose,box,66.89,34.36,2.140
IMP-006005,"Sample Product 6005",Fittings,pallet,61.58,160.13,3.707
IMP-006006,"Sample Product 6006",Valves,each,324.60,296.67,4.236
IMP-006007,"Sample Product 6007",Tables,box,276.18,50.51,2.024
IMP-006008,"Sample Product 6008",Cookware,pallet,57.35,50.22,0.251
IMP-006009,"Sample Product 6009",Storage,each,279.53,59.20,3.601
IMP-006010,"Sample Product 6010",Bolts,box,343.20,42.86,3.303
IMP-006011,"Sample Product 6011",Nuts,pallet,9.93,246.51,3.605
IMP-006012,"Sample Product 6012",Washers,each,204.21,49.67,3.158
IMP-006013,"Sample Product 6013",Screws,box,344.89,148.54,1.787
IMP-006014,"Sample Product 6014",Hose,pallet,48.60,157.37,1.067
IMP-006015,"Sample Product 6015",Fittings,each,469.20,58.10,0.274
IMP-006016,"Sample Product 6016",Valves,box,117.97,281.76,0.480
IMP-006017,"Sample Product 6017",Tables,pallet,471.37,290.87,1.356
IMP-006018,"Sample Product 6018",Cookware,each,211.33,13.61,0.686
IMP-006019,"Sample Product 6019",Storage,box,398.30,166.90,1.140
IMP-006020,"Sample Product 6020",Bolts,pallet,46.84,73.61,4.059
IMP-006021,"Sample Product 6021",Nuts,each,21.55,80.26,1.122
IMP-006022,"Sample Product 6022",Washers,box,463.07,160.94,1.758
IMP-006023,"Sample Product 6023",Screws,pallet,138.55,294.13,2.712
IMP-006024,"Sample Product 6024",Hose,each,457.73,219.86,3.396
IMP-006025,"Sample Product 6025",Fittings,box,388.79,267.31,4.792
IMP-006026,"Sample Product 6026",Valves,pallet,44.65,160.30,1.713
IMP-006027,"Sample Product 6027",Tables,each,251.08,112.47,3.355
IMP-006028,"Sample Product 6028",Cookware,box,257.34,264.98,3.454
IMP-006029,"Sample Product 6029",Storage,pallet,302.43,123.38,3.430
IMP-006030,"Sample Product 6030",Bolts,each,78.46,121.70,0.678
IMP-006031,"Sample Product 6031",Nuts,box,421.93,150.99,1.858
IMP-006032,"Sample Product 6032",Washers,pallet,397.10,70.88,0.660
IMP-006033,"Sample Product 6033",Screws,each,268.30,255.54,4.383
IMP-006034,"Sample Product 6034",Hose,box,278.54,142.16,2.978
IMP-006035,"Sample Product 6035",Fittings,pallet,366.36,133.41,0.255
IMP-006036,"Sample Product 6036",Valves,each,192.02,291.52,1.343
IMP-006037,"Sample Product 6037",Tables,box,299.99,69.23,1.303
IMP-006038,"Sample Product 6038",Cookware,pallet,69.87,297.86,4.656
IMP-006039,"Sample Product 6039",Storage,each,386.46,170.31,4.020
IMP-006040,,Bolts,box,166.28,201.74,0.377
IMP-006041,"Sample Product 6041",Nuts,pallet,369.72,288.69,4.633
IMP-006042,"Sample Product 6042",Washers,each,379.23,72.53,4.115
IMP-006043,"Sample Product 6043",Screws,box,460.31,85.23,1.742
IMP-006044,"Sample Product 6044",Hose,pallet,73.82,295.08,4.873
IMP-006045,"Sample Product 6045",Fittings,each,108.65,253.24,1.279
IMP-006046,"Sample Product 6046",Valves,box,281.07,106.20,3.679
IMP-006047,"Sample Product 6047",Tables,pallet,444.82,199.57,4.452
IMP-006048,"Sample Product 6048",Cookware,each,358.80,67.92,1.548
IMP-006049,"Sample Product 6049",Storage,box,60.96,88.05,1.912
IMP-006050,"Sample Product 6050",Bolts,pallet,109.31,197.04,2.559
IMP-006051,"Sample Product 6051",Nuts,each,107.96,254.15,1.699
IMP-006052,"Sample Product 6052",Washers,box,52.15,42.93,0.229
IMP-006053,"Sample Product 6053",Screws,pallet,15.79,38.10,3.246
IMP-006054,"Sample Product 6054",Hose,each,431.39,33.24,4.604
IMP-006055,"Sample Product 6055",Fittings,box,27.52,259.21,3.627
IMP-006056,"Sample Product 6056",Valves,pallet,78.61,296.03,1.202
IMP-006057,"Sample Product 6057",Tables,each,19.16,129.95,4.502
IMP-006058,"Sample Product 6058",Cookware,box,43.18,179.00,3.114
IMP-006059,"Sample Product 6059",Storage,pallet,460.86,74.29,2.150
IMP-006060,"Sample Product 6060",Bolts,each,221.87,90.49,2.974
IMP-006061,"Sample Product 6061",Nuts,box,322.77,61.27,1.295
IMP-006062,"Sample Product 6062",Washers,pallet,3.45,135.46,2.038
IMP-006063,"Sample Product 6063",Screws,each,366.95,94.70,4.773
IMP-006064,"Sample Product 6064",Hose,box,52.54,126.70,0.152
IMP-006065,"Sample Product 6065",Fittings,pallet,200.61,289.10,1.812
IMP-006066,"Sample Product 6066",Valves,each,96.23,248.71,4.394
IMP-006067,"Sample Product 6067",Tables,box,7.08,69.37,4.700
IMP-006068,"Sample Product 6068",Cookware,pallet,420.33,111.63,2.863
IMP-006069,"Sample Product 6069",Storage,each,139.35,230.74,1.516
IMP-006070,"Sample Product 6070",Bolts,box,320.20,240.81,1.737
IMP-006071,"Sample Product 6071",Nuts,pallet,485.86,229.89,4.058
IMP-006072,"Sample Product 6072",Washers,each,197.66,243.89,4.540
IMP-006073,"Sample Product 6073",Screws,box,199.69,288.05,3.643
IMP-006074,"Sample Product 6074",Hose,pallet,455.76,174.18,2.170
IMP-006075,"Sample Product 6075",Fittings,each,404.92,157.90,0.757
IMP-006076,"Sample Product 6076",Valves,box,372.29,76.61,3.351
IMP-006077,"Sample Product 6077",Tables,pallet,151.57,131.51,2.878
IMP-006078,"Sample Product 6078",Cookware,each,453.84,73.37,1.397
IMP-006079,"Sample Product 6079",Storage,box,99.88,55.16,4.894
IMP-006080,,Bolts,pallet,164.38,68.48,2.376
IMP-006081,"Sample Product 6081",Nuts,each,313.17,207.60,2.313
IMP-006082,"Sample Product 6082",Washers,box,181.19,188.63,3.062
IMP-006083,"Sample Product 6083",Screws,pallet,326.10,126.00,1.239
IMP-006084,"Sample Product 6084",Hose,each,322.20,214.80,2.469
IMP-006085,"Sample Product 6085",Fittings,box,485.73,287.79,2.205
IMP-006086,"Sample Product 6086",Valves,pallet,473.82,16.32,3.453
IMP-006087,"Sample Product 6087",Tables,each,229.68,257.76,4.550
IMP-006088,"Sample Product 6088",Cookware,box,233.82,221.78,1.985
IMP-006089,"Sample Product 6089",Storage,pallet,155.95,247.93,3.128
IMP-006090,"Sample Product 6090",Bolts,each,420.46,275.94,1.314
IMP-006091,"Sample Product 6091",Nuts,box,438.78,122.59,3.578
IMP-006092,"Sample Product 6092",Washers,pallet,135.23,299.05,4.897
IMP-006093,"Sample Product 6093",Screws,each,324.41,299.11,4.860
IMP-006094,"Sample Product 6094",Hose,box,117.15,154.53,3.586
IMP-006095,"Sample Product 6095",Fittings,pallet,115.45,165.89,2.212
IMP-006096,"Sample Product 6096",Valves,each,308.93,86.95,3.575
IMP-006097,"Sample Product 6097",Tables,box,392.32,188.42,4.313
IMP-006098,"Sample Product 6098",Cookware,pallet,293.34,165.73,0.909
IMP-006099,"Sample Product 6099",Storage,each,253.84,109.88,4.219
IMP-006100,"Sample Product 6100",Bolts,box,226.10,122.46,1.470
IMP-006101,"Sample Product 6101",Nuts,pallet,317.61,156.50,4.235
IMP-006102,"Sample Product 6102",Washers,each,289.17,34.92,1.281
IMP-006103,"Sample Product 6103",Screws,box,464.96,243.06,1.749
IMP-006104,"Sample Product 6104",Hose,pallet,488.67,215.92,2.526
IMP-006105,"Sample Product 6105",Fittings,each,169.15,123.08,3.178
IMP-006106,"Sample Product 6106",Valves,box,105.11,154.35,1.939
IMP-006107,"Sample Product 6107",Tables,pallet,374.77,149.98,1.835
IMP-006108,"Sample Product 6108",Cookware,each,256.67,45.19,1.544
IMP-006109,"Sample Product 6109",Storage,box,12.62,290.36,3.693
IMP-006110,"Sample Product 6110",Bolts,pallet,432.56,181.88,0.301
IMP-006111,"Sample Product 6111",Nuts,each,406.21,239.55,0.921
IMP-006112,"Sample Product 6112",Washers,box,334.23,53.12,1.190
IMP-006113,"Sample Product 6113",Screws,pallet,274.63,92.06,2.282
IMP-006114,"Sample Product 6114",Hose,each,120.61,222.20,0.408
IMP-006115,"Sample Product 6115",Fittings,box,337.44,183.51,4.207
IMP-006116,"Sample Product 6116",Valves,pallet,58.20,65.99,3.549
IMP-006117,"Sample Product 6117",Tables,each,273.10,35.98,3.328
IMP-006118,"Sample Product 6118",Cookware,box,173.84,265.86,1.334
IMP-006119,"Sample Product 6119",Storage,pallet,28.49,97.68,1.346
IMP-006120,,Bolts,each,73.92,57.99,2.480
IMP-006121,"Sample Product 6121",Nuts,box,388.57,81.83,1.831
IMP-006122,"Sample Product 6122",Washers,pallet,496.51,64.89,1.538
IMP-006123,"Sample Product 6123",Screws,each,388.46,244.07,2.023
IMP-006124,"Sample Product 6124",Hose,box,424.84,292.86,2.313
IMP-006125,"Sample Product 6125",Fittings,pallet,114.32,70.75,1.586
IMP-006126,"Sample Product 6126",Valves,each,364.66,33.18,1.128
IMP-006127,"Sample Product 6127",Tables,box,395.74,53.93,1.733
IMP-006128,"Sample Product 6128",Cookware,pallet,490.99,117.12,3.785
IMP-006129,"Sample Product 6129",Storage,each,486.88,101.29,0.689
IMP-006130,"Sample Product 6130",Bolts,box,123.07,221.32,0.613
IMP-006131,"Sample Product 6131",Nuts,pallet,58.94,215.69,2.102
IMP-006132,"Sample Product 6132",Washers,each,137.00,250.81,4.831
IMP-006133,"Sample Product 6133",Screws,box,6.72,36.63,1.741
IMP-006134,"Sample Product 6134",Hose,pallet,392.43,166.15,0.386
IMP-006135,"Sample Product 6135",Fittings,each,321.16,8.51,3.272
IMP-006136,"Sample Product 6136",Valves,box,95.48,242.69,2.662
IMP-006137,"Sample Product 6137",Tables,pallet,104.11,249.42,0.908
IMP-006138,"Sample Product 6138",Cookware,each,14.96,219.61,1.394
IMP-006139,"Sample Product 6139",Storage,box,403.49,237.91,0.033
IMP-006140,"Sample Product 6140",Bolts,pallet,219.38,286.85,2.087
IMP-006141,"Sample Product 6141",Nuts,each,281.71,169.47,1.973
IMP-006142,"Sample Product 6142",Washers,box,147.05,76.47,2.099
IMP-006143,"Sample Product 6143",Screws,pallet,357.08,232.62,1.769
IMP-006144,"Sample Product 6144",Hose,each,497.82,240.35,2.242
IMP-006145,"Sample Product 6145",Fittings,box,440.18,184.06,2.356
IMP-006146,"Sample Product 6146",Valves,pallet,104.83,237.75,0.559
IMP-006147,"Sample Product 6147",Tables,each,20.17,50.48,3.481
IMP-006148,"Sample Product 6148",Cookware,box,32.34,270.96,4.672
IMP-006149,"Sample Product 6149",Storage,pallet,69.15,128.36,3.219
IMP-006150,"Sample Product 6150",Bolts,each,131.22,176.69,0.313
IMP-006151,"Sample Product 6151",Nuts,box,337.08,175.02,1.477
IMP-006152,"Sample Product 6152",Washers,pallet,105.16,205.85,0.377
IMP-006153,"Sample Product 6153",Screws,each,179.22,83.76,3.492
IMP-006154,"Sample Product 6154",Hose,box,26.97,205.26,4.826
IMP-006155,"Sample Product 6155",Fittings,pallet,13.90,103.47,3.990
IMP-006156,"Sample Product 6156",Valves,each,134.38,245.73,1.975
IMP-006157,"Sample Product 6157",Tables,box,178.50,61.40,2.862
IMP-006158,"Sample Product 6158",Cookware,pallet,277.12,60.75,1.389
IMP-006159,"Sample Product 6159",Storage,each,40.67,26.36,4.277
IMP-006160,,Bolts,box,310.07,8.67,0.497
IMP-006161,"Sample Product 6161",Nuts,pallet,132.41,89.74,4.646
IMP-006162,"Sample Product 6162",Washers,each,385.96,13.41,1.751
IMP-006163,"Sample Product 6163",Screws,box,113.27,3.81,2.034
IMP-006164,"Sample Product 6164",Hose,pallet,460.41,33.24,4.832
IMP-006165,"Sample Product 6165",Fittings,each,263.97,285.71,1.544
IMP-006166,"Sample Product 6166",Valves,box,87.29,99.09,1.057
IMP-006167,"Sample Product 6167",Tables,pallet,334.67,62.50,2.090
IMP-006168,"Sample Product 6168",Cookware,each,232.94,199.69,4.098
IMP-006169,"Sample Product 6169",Storage,box,379.91,39.63,0.044
IMP-006170,"Sample Product 6170",Bolts,pallet,402.30,264.99,0.570
IMP-006171,"Sample Product 6171",Nuts,each,74.40,200.61,3.364
IMP-006172,"Sample Product 6172",Washers,box,313.79,208.77,4.446
IMP-006173,"Sample Product 6173",Screws,pallet,408.10,36.55,0.873
IMP-006174,"Sample Product 6174",Hose,each,268.40,59.90,1.853
IMP-006175,"Sample Product 6175",Fittings,box,379.42,196.94,4.442
IMP-006176,"Sample Product 6176",Valves,pallet,286.97,282.03,1.559
IMP-006177,"Sample Product 6177",Tables,each,384.42,208.43,1.161
IMP-006178,"Sample Product 6178",Cookware,box,60.83,267.72,3.725
IMP-006179,"Sample Product 6179",Storage,pallet,430.74,244.83,0.988
IMP-006180,"Sample Product 6180",Bolts,each,9.88,111.62,3.426
IMP-006181,"Sample Product 6181",Nuts,box,394.51,249.47,1.052
IMP-006182,"Sample Product 6182",Washers,pallet,249.06,110.79,0.017
IMP-006183,"Sample Product 6183",Screws,each,448.36,283.97,1.452
IMP-006184,"Sample Product 6184",Hose,box,494.70,259.70,4.911
IMP-006185,"Sample Product 6185",Fittings,pallet,112.58,271.36,4.936
IMP-006186,"Sample Product 6186",Valves,each,464.22,288.67,4.618
IMP-006187,"Sample Product 6187",Tables,box,461.95,220.24,2.945
IMP-006188,"Sample Product 6188",Cookware,pallet,240.34,18.73,3.762
IMP-006189,"Sample Product 6189",Storage,each,142.80,84.60,4.629
IMP-006190,"Sample Product 6190",Bolts,box,217.48,89.11,0.751
IMP-006191,"Sample Product 6191",Nuts,pallet,15.21,136.34,3.323
IMP-006192,"Sample Product 6192",Washers,each,407.91,256.41,3.362
IMP-006193,"Sample Product 6193",Screws,box,374.50,278.21,3.621
IMP-006194,"Sample Product 6194",Hose,pallet,157.78,249.83,3.261
IMP-006195,"Sample Product 6195",Fittings,each,379.79,62.27,2.031
IMP-006196,"Sample Product 6196",Valves,box,443.13,120.34,2.957
IMP-006197,"Sample Product 6197",Tables,pallet,293.25,232.32,2.967
IMP-006198,"Sample Product 6198",Cookware,each,13.79,138.10,0.781
IMP-006199,"Sample Product 6199",Storage,box,8.52,165.98,0.350
IMP-006200,,Bolts,pallet,499.65,117.14,2.744
IMP-006201,"Sample Product 6201",Nuts,each,56.27,62.25,3.749
IMP-006202,"Sample Product 6202",Washers,box,151.12,266.55,1.340
IMP-006203,"Sample Product 6203",Screws,pallet,155.86,287.49,3.137
IMP-006204,"Sample Product 6204",Hose,each,120.77,199.22,3.574
IMP-006205,"Sample Product 6205",Fittings,box,445.33,48.90,3.492
IMP-006206,"Sample Product 6206",Valves,pallet,157.56,56.65,4.669
IMP-006207,"Sample Product 6207",Tables,each,319.59,95.06,3.145
IMP-006208,"Sample Product 6208",Cookware,box,290.93,262.41,0.153
IMP-006209,"Sample Product 6209",Storage,pallet,233.24,153.23,1.472
IMP-006210,"Sample Product 6210",Bolts,each,58.00,155.34,1.937
IMP-006211,"Sample Product 6211",Nuts,box,412.21,60.15,3.186
IMP-006212,"Sample Product 6212",Washers,pallet,69.99,181.03,4.817
IMP-006213,"Sample Product 6213",Screws,each,482.93,105.67,1.654
IMP-006214,"Sample Product 6214",Hose,box,70.03,268.40,1.221
IMP-006215,"Sample Product 6215",Fittings,pallet,137.77,42.73,0.741
IMP-006216,"Sample Product 6216",Valves,each,165.00,176.48,1.006
IMP-006217,"Sample Product 6217",Tables,box,293.14,65.34,4.061
IMP-006218,"Sample Product 6218",Cookware,pallet,123.04,146.46,2.635
IMP-006219,"Sample Product 6219",Storage,each,239.15,203.34,1.419
IMP-006220,"Sample Product 6220",Bolts,box,416.75,224.71,1.737
IMP-006221,"Sample Product 6221",Nuts,pallet,154.77,281.47,4.721
IMP-006222,"Sample Product 6222",Washers,each,313.68,218.81,0.739
IMP-006223,"Sample Product 6223",Screws,box,440.69,136.96,4.167
IMP-006224,"Sample Product 6224",Hose,pallet,209.78,290.83,1.962
IMP-006225,"Sample Product 6225",Fittings,each,491.79,191.52,2.872
IMP-006226,"Sample Product 6226",Valves,box,190.04,276.11,2.376
IMP-006227,"Sample Product 6227",Tables,pallet,34.23,270.54,2.302
IMP-006228,"Sample Product 6228",Cookware,each,206.34,70.42,3.999
IMP-006229,"Sample Product 6229",Storage,box,131.16,13.36,3.706
IMP-006230,"Sample Product 6230",Bolts,pallet,407.25,97.29,2.757
IMP-006231,"Sample Product 6231",Nuts,each,368.67,216.77,3.698
IMP-006232,"Sample Product 6232",Washers,box,182.92,57.35,4.834
IMP-006233,"Sample Product 6233",Screws,pallet,280.11,269.24,0.880
IMP-006234,"Sample Product 6234",Hose,each,175.91,246.73,4.110
IMP-006235,"Sample Product 6235",Fittings,box,339.17,47.09,2.809
IMP-006236,"Sample Product 6236",Valves,pallet,346.85,67.77,0.795
IMP-006237,"Sample Product 6237",Tables,each,268.69,177.13,0.108
IMP-006238,"Sample Product 6238",Cookware,box,123.11,40.95,3.201
IMP-006239,"Sample Product 6239",Storage,pallet,240.95,200.86,3.407
IMP-006240,,Bolts,each,62.29,61.31,0.805
IMP-006241,"Sample Product 6241",Nuts,box,41.44,243.15,2.405
IMP-006242,"Sample Product 6242",Washers,pallet,489.92,297.47,3.300
IMP-006243,"Sample Product 6243",Screws,each,323.76,235.68,4.498
IMP-006244,"Sample Product 6244",Hose,box,0.75,190.21,4.861
IMP-006245,"Sample Product 6245",Fittings,pallet,435.55,166.03,2.844
IMP-006246,"Sample Product 6246",Valves,each,161.29,20.51,2.933
IMP-006247,"Sample Product 6247",Tables,box,230.80,295.19,0.620
IMP-006248,"Sample Product 6248",Cookware,pallet,105.76,18.70,2.004
IMP-006249,"Sample Product 6249",Storage,each,400.69,143.51,2.363
IMP-006250,"Sample Product 6250",Bolts,box,355.57,65.12,0.926
IMP-006251,"Sample Product 6251",Nuts,pallet,465.29,231.51,4.913
IMP-006252,"Sample Product 6252",Washers,each,173.36,75.10,3.485
IMP-006253,"Sample Product 6253",Screws,box,180.77,231.98,3.843
IMP-006254,"Sample Product 6254",Hose,pallet,237.00,284.39,0.088
IMP-006255,"Sample Product 6255",Fittings,each,285.12,175.80,3.730
IMP-006256,"Sample Product 6256",Valves,box,179.45,253.45,2.319
IMP-006257,"Sample Product 6257",Tables,pallet,404.78,188.86,3.245
IMP-006258,"Sample Product 6258",Cookware,each,471.30,115.86,3.558
IMP-006259,"Sample Product 6259",Storage,box,40.93,181.11,4.979
IMP-006260,"Sample Product 6260",Bolts,pallet,294.61,46.00,2.208
IMP-006261,"Sample Product 6261",Nuts,each,391.03,280.38,1.726
IMP-006262,"Sample Product 6262",Washers,box,438.26,3.16,2.947
IMP-006263,"Sample Product 6263",Screws,pallet,369.87,128.85,4.043
IMP-006264,"Sample Product 6264",Hose,each,239.93,202.29,3.212
IMP-006265,"Sample Product 6265",Fittings,box,404.38,254.76,4.097
IMP-006266,"Sample Product 6266",Valves,pallet,408.12,256.72,1.040
IMP-006267,"Sample Product 6267",Tables,each,107.53,16.37,3.198
IMP-006268,"Sample Product 6268",Cookware,box,338.97,101.41,3.406
IMP-006269,"Sample Product 6269",Storage,pallet,100.71,115.42,3.978
IMP-006270,"Sample Product 6270",Bolts,each,27.97,263.81,3.659
IMP-006271,"Sample Product 6271",Nuts,box,152.02,272.99,2.744
IMP-006272,"Sample Product 6272",Washers,pallet,278.27,7.17,4.624
IMP-006273,"Sample Product 6273",Screws,each,15.64,190.77,3.598
IMP-006274,"Sample Product 6274",Hose,box,124.76,104.43,2.701
IMP-006275,"Sample Product 6275",Fittings,pallet,25.23,183.05,2.161
IMP-006276,"Sample Product 6276",Valves,each,443.96,272.66,2.967
IMP-006277,"Sample Product 6277",Tables,box,122.46,71.53,3.380
IMP-006278,"Sample Product 6278",Cookware,pallet,35.39,240.77,1.334
IMP-006279,"Sample Product 6279",Storage,each,193.41,138.44,2.349
IMP-006280,,Bolts,box,19.74,290.47,0.778
IMP-006281,"Sample Product 6281",Nuts,pallet,157.09,221.88,0.490
IMP-006282,"Sample Product 6282",Washers,each,29.23,230.29,2.117
IMP-006283,"Sample Product 6283",Screws,box,201.90,195.85,2.332
IMP-006284,"Sample Product 6284",Hose,pallet,171.12,82.18,0.475
IMP-006285,"Sample Product 6285",Fittings,each,319.17,255.23,2.263
IMP-006286,"Sample Product 6286",Valves,box,361.46,281.12,3.754
IMP-006287,"Sample Product 6287",Tables,pallet,111.21,98.20,4.864
IMP-006288,"Sample Product 6288",Cookware,each,265.91,260.58,2.130
IMP-006289,"Sample Product 6289",Storage,box,42.57,14.04,0.209
IMP-006290,"Sample Product 6290",Bolts,pallet,128.14,122.49,1.927
IMP-006291,"Sample Product 6291",Nuts,each,246.17,59.52,4.434
IMP-006292,"Sample Product 6292",Washers,box,113.77,299.34,0.623
IMP-006293,"Sample Product 6293",Screws,pallet,7.04,74.39,4.036
IMP-006294,"Sample Product 6294",Hose,each,416.24,155.53,0.105
IMP-006295,"Sample Product 6295",Fittings,box,288.68,86.16,4.682
IMP-006296,"Sample Product 6296",Valves,pallet,5.22,132.93,4.705
IMP-006297,"Sample Product 6297",Tables,each,322.18,19.28,3.322
IMP-006298,"Sample Product 6298",Cookware,box,167.82,281.98,0.160
IMP-006299,"Sample Product 6299",Storage,pallet,477.67,60.98,1.152
IMP-006300,"Sample Product 6300",Bolts,each,378.48,243.22,4.397
IMP-006301,"Sample Product 6301",Nuts,box,392.01,126.58,0.640
IMP-006302,"Sample Product 6302",Washers,pallet,388.70,269.49,3.381
IMP-006303,"Sample Product 6303",Screws,each,348.66,181.02,0.540
IMP-006304,"Sample Product 6304",Hose,box,351.18,230.93,2.697
IMP-006305,"Sample Product 6305",Fittings,pallet,382.57,148.12,3.262
IMP-006306,"Sample Product 6306",Valves,each,462.44,161.38,0.073
IMP-006307,"Sample Product 6307",Tables,box,422.81,46.64,4.363
IMP-006308,"Sample Product 6308",Cookware,pallet,69.06,284.79,0.650
IMP-006309,"Sample Product 6309",Storage,each,261.39,117.33,0.744
IMP-006310,"Sample Product 6310",Bolts,box,294.32,112.14,4.780
IMP-006311,"Sample Product 6311",Nuts,pallet,187.41,76.98,0.969
IMP-006312,"Sample Product 6312",Washers,each,240.28,40.85,4.102
IMP-006313,"Sample Product 6313",Screws,box,340.09,3.83,2.284
IMP-006314,"Sample Product 6314",Hose,pallet,258.30,219.29,2.419
IMP-006315,"Sample Product 6315",Fittings,each,239.93,194.96,2.615
IMP-006316,"Sample Product 6316",Valves,box,122.99,180.31,0.739
IMP-006317,"Sample Product 6317",Tables,pallet,442.12,274.33,3.598
IMP-006318,"Sample Product 6318",Cookware,each,460.40,165.56,2.622
IMP-006319,"Sample Product 6319",Storage,box,238.39,282.54,2.981
IMP-006320,,Bolts,pallet,61.52,157.34,2.537
IMP-006321,"Sample Product 6321",Nuts,each,122.53,119.09,3.447
IMP-006322,"Sample Product 6322",Washers,box,401.13,155.24,2.690
IMP-006323,"Sample Product 6323",Screws,pallet,294.87,50.66,3.605
IMP-006324,"Sample Product 6324",Hose,each,482.05,125.50,1.709
IMP-006325,"Sample Product 6325",Fittings,box,19.55,126.14,2.936
IMP-006326,"Sample Product 6326",Valves,pallet,115.32,165.73,2.133
IMP-006327,"Sample Product 6327",Tables,each,448.35,73.10,4.375
IMP-006328,"Sample Product 6328",Cookware,box,283.57,103.51,2.079
IMP-006329,"Sample Product 6329",Storage,pallet,235.13,85.78,3.032
IMP-006330,"Sample Product 6330",Bolts,each,388.53,67.67,3.108
IMP-006331,"Sample Product 6331",Nuts,box,425.67,118.95,2.967
IMP-006332,"Sample Product 6332",Washers,pallet,264.88,57.39,1.183
IMP-006333,"Sample Product 6333",Screws,each,188.58,240.13,1.970
IMP-006334,"Sample Product 6334",Hose,box,54.89,167.72,3.763
IMP-006335,"Sample Product 6335",Fittings,pallet,183.87,236.13,4.649
IMP-006336,"Sample Product 6336",Valves,each,489.89,32.90,0.580
IMP-006337,"Sample Product 6337",Tables,box,9.29,293.56,3.012
IMP-006338,"Sample Product 6338",Cookware,pallet,177.65,248.21,2.026
IMP-006339,"Sample Product 6339",Storage,each,350.54,132.68,2.698
IMP-006340,"Sample Product 6340",Bolts,box,461.38,76.58,0.161
IMP-006341,"Sample Product 6341",Nuts,pallet,209.06,28.43,4.992
IMP-006342,"Sample Product 6342",Washers,each,327.36,102.96,3.458
IMP-006343,"Sample Product 6343",Screws,box,247.93,78.65,3.410
IMP-006344,"Sample Product 6344",Hose,pallet,155.48,62.14,4.480
IMP-006345,"Sample Product 6345",Fittings,each,437.99,120.75,3.370
IMP-006346,"Sample Product 6346",Valves,box,179.70,264.93,1.640
IMP-006347,"Sample Product 6347",Tables,pallet,61.02,248.85,0.511
IMP-006348,"Sample Product 6348",Cookware,each,252.26,78.95,1.579
IMP-006349,"Sample Product 6349",Storage,box,260.17,62.62,1.516
IMP-006350,"Sample Product 6350",Bolts,pallet,238.34,238.79,2.733
IMP-006351,"Sample Product 6351",Nuts,each,23.56,120.56,2.727
IMP-006352,"Sample Product 6352",Washers,box,428.08,226.92,4.161
IMP-006353,"Sample Product 6353",Screws,pallet,495.79,248.75,3.693
IMP-006354,"Sample Product 6354",Hose,each,240.57,117.10,0.962
IMP-006355,"Sample Product 6355",Fittings,box,236.46,179.39,0.091
IMP-006356,"Sample Product 6356",Valves,pallet,296.50,133.48,0.993
IMP-006357,"Sample Product 6357",Tables,each,476.54,272.31,1.257
IMP-006358,"Sample Product 6358",Cookware,box,387.67,142.43,1.361
IMP-006359,"Sample Product 6359",Storage,pallet,171.55,72.80,3.269
IMP-006360,,Bolts,each,55.66,69.17,4.312
IMP-006361,"Sample Product 6361",Nuts,box,195.46,44.56,3.962
IMP-006362,"Sample Product 6362",Washers,pallet,11.58,118.05,1.794
IMP-006363,"Sample Product 6363",Screws,each,380.90,153.34,3.902
IMP-006364,"Sample Product 6364",Hose,box,18.49,53.40,2.446
IMP-006365,"Sample Product 6365",Fittings,pallet,398.79,190.48,2.784
IMP-006366,"Sample Product 6366",Valves,each,361.60,242.10,4.611
IMP-006367,"Sample Product 6367",Tables,box,268.73,227.73,3.666
IMP-006368,"Sample Product 6368",Cookware,pallet,446.76,219.25,0.492
IMP-006369,"Sample Product 6369",Storage,each,199.02,287.38,2.806
IMP-006370,"Sample Product 6370",Bolts,box,435.78,57.24,3.729
IMP-006371,"Sample Product 6371",Nuts,pallet,457.84,132.59,0.239
IMP-006372,"Sample Product 6372",Washers,each,478.82,180.26,2.396
IMP-006373,"Sample Product 6373",Screws,box,130.62,139.23,4.233
IMP-006374,"Sample Product 6374",Hose,pallet,318.32,14.56,3.017
IMP-006375,"Sample Product 6375",Fittings,each,497.00,271.36,2.545
IMP-006376,"Sample Product 6376",Valves,box,472.64,220.59,3.121
IMP-006377,"Sample Product 6377",Tables,pallet,349.70,190.98,2.244
IMP-006378,"Sample Product 6378",Cookware,each,373.16,52.09,3.742
IMP-006379,"Sample Product 6379",Storage,box,263.78,275.56,1.216
IMP-006380,"Sample Product 6380",Bolts,pallet,55.28,78.84,2.929
IMP-006381,"Sample Product 6381",Nuts,each,19.42,211.32,2.380
IMP-006382,"Sample Product 6382",Washers,box,124.02,241.84,1.467
IMP-006383,"Sample Product 6383",Screws,pallet,479.71,70.03,2.010
IMP-006384,"Sample Product 6384",Hose,each,271.25,258.29,3.419
IMP-006385,"Sample Product 6385",Fittings,box,24.77,260.27,4.804
IMP-006386,"Sample Product 6386",Valves,pallet,6.90,226.36,1.492
IMP-006387,"Sample Product 6387",Tables,each,161.37,210.74,2.432
IMP-006388,"Sample Product 6388",Cookware,box,33.40,253.65,1.169
IMP-006389,"Sample Product 6389",Storage,pallet,157.19,182.57,4.879
IMP-006390,"Sample Product 6390",Bolts,each,57.85,146.31,2.478
IMP-006391,"Sample Product 6391",Nuts,box,146.10,63.66,2.270
IMP-006392,"Sample Product 6392",Washers,pallet,258.25,23.63,2.482
IMP-006393,"Sample Product 6393",Screws,each,399.56,223.25,2.167
IMP-006394,"Sample Product 6394",Hose,box,459.20,245.64,1.295
IMP-006395,"Sample Product 6395",Fittings,pallet,63.47,292.99,2.167
IMP-006396,"Sample Product 6396",Valves,each,245.31,276.69,0.441
IMP-006397,"Sample Product 6397",Tables,box,2.12,137.68,4.804
IMP-006398,"Sample Product 6398",Cookware,pallet,443.22,213.39,4.857
IMP-006399,"Sample Product 6399",Storage,each,243.00,10.34,4.487
IMP-006400,,Bolts,box,61.06,254.88,4.007
IMP-006401,"Sample Product 6401",Nuts,pallet,391.52,15.41,3.847
IMP-006402,"Sample Product 6402",Washers,each,354.29,163.91,3.843
IMP-006403,"Sample Product 6403",Screws,box,441.26,94.10,4.114
IMP-006404,"Sample Product 6404",Hose,pallet,298.39,127.73,0.775
IMP-006405,"Sample Product 6405",Fittings,each,368.05,28.89,4.224
IMP-006406,"Sample Product 6406",Valves,box,67.93,158.14,2.958
IMP-006407,"Sample Product 6407",Tables,pallet,53.75,4.53,3.815
IMP-006408,"Sample Product 6408",Cookware,each,443.40,129.84,1.095
IMP-006409,"Sample Product 6409",Storage,box,109.89,174.35,0.143
IMP-006410,"Sample Product 6410",Bolts,pallet,153.67,276.13,0.460
IMP-006411,"Sample Product 6411",Nuts,each,403.70,252.05,3.020
IMP-006412,"Sample Product 6412",Washers,box,103.44,59.02,4.829
IMP-006413,"Sample Product 6413",Screws,pallet,184.92,142.74,3.713
IMP-006414,"Sample Product 6414",Hose,each,39.42,5.78,0.576
IMP-006415,"Sample Product 6415",Fittings,box,376.28,163.66,4.366
IMP-006416,"Sample Product 6416",Valves,pallet,235.11,147.18,4.311
IMP-006417,"Sample Product 6417",Tables,each,371.00,95.10,3.673
IMP-006418,"Sample Product 6418",Cookware,box,469.47,71.43,0.631
IMP-006419,"Sample Product 6419",Storage,pallet,87.28,206.71,3.367
IMP-006420,"Sample Product 6420",Bolts,each,403.19,174.67,1.640
IMP-006421,"Sample Product 6421",Nuts,box,246.25,152.38,3.512
IMP-006422,"Sample Product 6422",Washers,pallet,300.19,234.95,1.279
IMP-006423,"Sample Product 6423",Screws,each,61.11,37.45,2.455
IMP-006424,"Sample Product 6424",Hose,box,55.59,185.59,2.103
IMP-006425,"Sample Product 6425",Fittings,pallet,271.39,280.55,1.019
IMP-006426,"Sample Product 6426",Valves,each,21.55,161.36,0.317
IMP-006427,"Sample Product 6427",Tables,box,142.17,195.20,3.820
IMP-006428,"Sample Product 6428",Cookware,pallet,346.12,272.26,2.280
IMP-006429,"Sample Product 6429",Storage,each,173.10,79.68,0.377
IMP-006430,"Sample Product 6430",Bolts,box,470.92,280.44,1.183
IMP-006431,"Sample Product 6431",Nuts,pallet,222.37,102.17,4.843
IMP-006432,"Sample Product 6432",Washers,each,432.99,130.61,3.844
IMP-006433,"Sample Product 6433",Screws,box,13.38,61.00,2.794
IMP-006434,"Sample Product 6434",Hose,pallet,302.38,5.76,4.638
IMP-006435,"Sample Product 6435",Fittings,each,125.42,292.67,4.443
IMP-006436,"Sample Product 6436",Valves,box,280.51,87.61,1.489
IMP-006437,"Sample Product 6437",Tables,pallet,130.01,270.94,0.460
IMP-006438,"Sample Product 6438",Cookware,each,422.20,188.95,1.281
IMP-006439,"Sample Product 6439",Storage,box,38.37,11.49,4.415
IMP-006440,,Bolts,pallet,229.14,192.44,0.296
IMP-006441,"Sample Product 6441",Nuts,each,207.82,216.62,3.293
IMP-006442,"Sample Product 6442",Washers,box,136.60,289.59,0.066
IMP-006443,"Sample Product 6443",Screws,pallet,193.51,96.23,0.043
IMP-006444,"Sample Product 6444",Hose,each,212.23,31.95,1.330
IMP-006445,"Sample Product 6445",Fittings,box,38.71,165.80,4.559
IMP-006446,"Sample Product 6446",Valves,pallet,475.29,292.08,3.475
IMP-006447,"Sample Product 6447",Tables,each,427.61,270.19,0.173
IMP-006448,"Sample Product 6448",Cookware,box,409.85,5.36,2.074
IMP-006449,"Sample Product 6449",Storage,pallet,163.07,125.46,1.671
IMP-006450,"Sample Product 6450",Bolts,each,346.49,232.64,4.057
IMP-006451,"Sample Product 6451",Nuts,box,342.90,292.13,0.089
IMP-006452,"Sample Product 6452",Washers,pallet,27.24,195.67,0.919
IMP-006453,"Sample Product 6453",Screws,each,76.97,199.49,0.857
IMP-006454,"Sample Product 6454",Hose,box,374.35,176.24,3.159
IMP-006455,"Sample Product 6455",Fittings,pallet,74.19,260.69,2.950
IMP-006456,"Sample Product 6456",Valves,each,155.60,91.55,2.693
IMP-006457,"Sample Product 6457",Tables,box,345.25,220.25,2.908
IMP-006458,"Sample Product 6458",Cookware,pallet,132.10,117.71,2.304
IMP-006459,"Sample Product 6459",Storage,each,211.73,209.96,3.503
IMP-006460,"Sample Product 6460",Bolts,box,430.40,107.73,0.957
IMP-006461,"Sample Product 6461",Nuts,pallet,284.35,0.26,3.618
IMP-006462,"Sample Product 6462",Washers,each,38.84,274.49,4.468
IMP-006463,"Sample Product 6463",Screws,box,138.19,261.67,0.242
IMP-006464,"Sample Product 6464",Hose,pallet,264.10,230.83,3.250
IMP-006465,"Sample Product 6465",Fittings,each,220.39,243.31,2.102
IMP-006466,"Sample Product 6466",Valves,box,224.96,68.93,0.393
IMP-006467,"Sample Product 6467",Tables,pallet,96.70,59.79,1.416
IMP-006468,"Sample Product 6468",Cookware,each,320.77,217.40,0.825
IMP-006469,"Sample Product 6469",Storage,box,27.69,2.32,1.056
IMP-006470,"Sample Product 6470",Bolts,pallet,54.79,116.85,1.978
IMP-006471,"Sample Product 6471",Nuts,each,419.39,295.47,3.930
IMP-006472,"Sample Product 6472",Washers,box,368.41,242.45,3.102
IMP-006473,"Sample Product 6473",Screws,pallet,165.52,187.90,2.534
IMP-006474,"Sample Product 6474",Hose,each,415.72,222.05,4.710
IMP-006475,"Sample Product 6475",Fittings,box,203.84,201.11,0.090
IMP-006476,"Sample Product 6476",Valves,pallet,288.03,278.52,2.250
IMP-006477,"Sample Product 6477",Tables,each,336.69,199.66,0.735
IMP-006478,"Sample Product 6478",Cookware,box,66.52,127.95,3.038
IMP-006479,"Sample Product 6479",Storage,pallet,428.44,104.26,3.343
IMP-006480,,Bolts,each,239.19,186.35,0.615
IMP-006481,"Sample Product 6481",Nuts,box,201.19,57.39,3.562
IMP-006482,"Sample Product 6482",Washers,pallet,389.55,225.03,0.328
IMP-006483,"Sample Product 6483",Screws,each,438.62,87.48,3.136
IMP-006484,"Sample Product 6484",Hose,box,115.34,137.45,0.484
IMP-006485,"Sample Product 6485",Fittings,pallet,476.94,261.15,1.111
IMP-006486,"Sample Product 6486",Valves,each,321.42,60.18,0.990
IMP-006487,"Sample Product 6487",Tables,box,127.55,143.57,3.132
IMP-006488,"Sample Product 6488",Cookware,pallet,380.57,55.16,2.338
IMP-006489,"Sample Product 6489",Storage,each,397.08,246.21,1.486
IMP-006490,"Sample Product 6490",Bolts,box,52.78,223.37,4.725
IMP-006491,"Sample Product 6491",Nuts,pallet,319.47,161.50,3.020
IMP-006492,"Sample Product 6492",Washers,each,136.90,37.75,4.253
IMP-006493,"Sample Product 6493",Screws,box,396.20,268.14,1.434
IMP-006494,"Sample Product 6494",Hose,pallet,226.40,5.51,2.656
IMP-006495,"Sample Product 6495",Fittings,each,4.60,280.85,0.459
IMP-006496,"Sample Product 6496",Valves,box,204.58,88.80,2.472
IMP-006497,"Sample Product 6497",Tables,pallet,282.13,151.90,3.228
IMP-006498,"Sample Product 6498",Cookware,each,396.41,236.45,1.791
IMP-006499,"Sample Product 6499",Storage,box,412.95,211.67,0.734
IMP-006500,"Sample Product 6500",Bolts,pallet,364.04,27.45,4.465
IMP-006501,"Sample Product 6501",Nuts,each,449.34,110.10,4.828
IMP-006502,"Sample Product 6502",Washers,box,203.76,23.20,1.531
IMP-006503,"Sample Product 6503",Screws,pallet,467.81,41.43,4.698
IMP-006504,"Sample Product 6504",Hose,each,406.20,10.44,4.322
IMP-006505,"Sample Product 6505",Fittings,box,181.76,110.28,1.405
IMP-006506,"Sample Product 6506",Valves,pallet,207.51,180.94,4.266
IMP-006507,"Sample Product 6507",Tables,each,404.97,91.65,0.239
IMP-006508,"Sample Product 6508",Cookware,box,151.62,78.92,2.297
IMP-006509,"Sample Product 6509",Storage,pallet,313.58,9.95,4.501
IMP-006510,"Sample Product 6510",Bolts,each,43.90,262.07,2.113
IMP-006511,"Sample Product 6511",Nuts,box,419.45,181.10,4.176
IMP-006512,"Sample Product 6512",Washers,pallet,420.30,264.91,1.637
IMP-006513,"Sample Product 6513",Screws,each,217.37,100.66,4.394
IMP-006514,"Sample Product 6514",Hose,box,486.01,230.08,2.293
IMP-006515,"Sample Product 6515",Fittings,pallet,142.91,229.38,0.164
IMP-006516,"Sample Product 6516",Valves,each,182.58,86.31,3.161
IMP-006517,"Sample Product 6517",Tables,box,148.72,131.69,2.553
IMP-006518,"Sample Product 6518",Cookware,pallet,143.86,225.59,3.362
IMP-006519,"Sample Product 6519",Storage,each,107.15,288.11,1.566
IMP-006520,,Bolts,box,107.29,202.97,0.808
IMP-006521,"Sample Product 6521",Nuts,pallet,233.95,171.52,0.224
IMP-006522,"Sample Product 6522",Washers,each,207.92,203.01,4.674
IMP-006523,"Sample Product 6523",Screws,box,114.92,73.87,3.631
IMP-006524,"Sample Product 6524",Hose,pallet,18.18,150.14,0.302
IMP-006525,"Sample Product 6525",Fittings,each,423.22,146.33,2.322
IMP-006526,"Sample Product 6526",Valves,box,317.87,49.43,3.824
IMP-006527,"Sample Product 6527",Tables,pallet,391.06,238.13,2.600
IMP-006528,"Sample Product 6528",Cookware,each,316.77,207.15,4.377
IMP-006529,"Sample Product 6529",Storage,box,229.71,243.48,3.962
IMP-006530,"Sample Product 6530",Bolts,pallet,493.29,175.43,1.348
IMP-006531,"Sample Product 6531",Nuts,each,272.78,15.79,1.858
IMP-006532,"Sample Product 6532",Washers,box,74.80,67.99,1.049
IMP-006533,"Sample Product 6533",Screws,pallet,128.06,200.53,2.916
IMP-006534,"Sample Product 6534",Hose,each,146.51,149.44,0.894
IMP-006535,"Sample Product 6535",Fittings,box,309.06,98.97,0.480
IMP-006536,"Sample Product 6536",Valves,pallet,7.03,185.84,1.422
IMP-006537,"Sample Product 6537",Tables,each,82.46,266.67,1.618
IMP-006538,"Sample Product 6538",Cookware,box,459.98,230.52,1.418
IMP-006539,"Sample Product 6539",Storage,pallet,288.84,102.42,0.337
IMP-006540,"Sample Product 6540",Bolts,each,484.42,27.19,4.902
IMP-006541,"Sample Product 6541",Nuts,box,455.22,102.58,1.592
IMP-006542,"Sample Product 6542",Washers,pallet,195.53,183.87,0.712
IMP-006543,"Sample Product 6543",Screws,each,372.29,282.88,1.699
IMP-006544,"Sample Product 6544",Hose,box,461.76,4.68,2.525
IMP-006545,"Sample Product 6545",Fittings,pallet,361.83,289.07,1.603
IMP-006546,"Sample Product 6546",Valves,each,239.77,260.78,3.820
IMP-006547,"Sample Product 6547",Tables,box,29.08,271.90,2.262
IMP-006548,"Sample Product 6548",Cookware,pallet,239.77,40.90,2.383
IMP-006549,"Sample Product 6549",Storage,each,276.12,120.58,1.018
IMP-006550,"Sample Product 6550",Bolts,box,30.71,7.74,0.933
IMP-006551,"Sample Product 6551",Nuts,pallet,354.84,266.20,2.646
IMP-006552,"Sample Product 6552",Washers,each,451.90,14.07,1.700
IMP-006553,"Sample Product 6553",Screws,box,442.71,112.67,1.236
IMP-006554,"Sample Product 6554",Hose,pallet,417.08,113.79,3.024
IMP-006555,"Sample Product 6555",Fittings,each,340.35,61.28,4.523
IMP-006556,"Sample Product 6556",Valves,box,159.04,255.64,1.206
IMP-006557,"Sample Product 6557",Tables,pallet,169.30,148.10,1.059
IMP-006558,"Sample Product 6558",Cookware,each,150.19,164.36,3.027
IMP-006559,"Sample Product 6559",Storage,box,307.18,23.69,3.870
IMP-006560,,Bolts,pallet,68.01,111.87,2.687
IMP-006561,"Sample Product 6561",Nuts,each,43.83,272.67,4.382
IMP-006562,"Sample Product 6562",Washers,box,351.49,116.53,4.035
IMP-006563,"Sample Product 6563",Screws,pallet,66.93,37.70,4.024
IMP-006564,"Sample Product 6564",Hose,each,465.49,214.46,3.114
IMP-006565,"Sample Product 6565",Fittings,box,293.98,13.97,1.928
IMP-006566,"Sample Product 6566",Valves,pallet,350.40,173.70,4.038
IMP-006567,"Sample Product 6567",Tables,each,458.06,256.12,2.164
IMP-006568,"Sample Product 6568",Cookware,box,185.30,230.75,3.209
IMP-006569,"Sample Product 6569",Storage,pallet,113.66,225.28,1.475
IMP-006570,"Sample Product 6570",Bolts,each,295.17,101.27,0.257
IMP-006571,"Sample Product 6571",Nuts,box,220.67,9.08,0.342
IMP-006572,"Sample Product 6572",Washers,pallet,354.85,275.64,2.617
IMP-006573,"Sample Product 6573",Screws,each,459.72,299.88,4.861
IMP-006574,"Sample Product 6574",Hose,box,184.93,38.20,0.814
IMP-006575,"Sample Product 6575",Fittings,pallet,195.52,78.63,4.887
IMP-006576,"Sample Product 6576",Valves,each,282.71,209.49,3.405
IMP-006577,"Sample Product 6577",Tables,box,84.37,192.50,4.779
IMP-006578,"Sample Product 6578",Cookware,pallet,441.54,196.31,0.710
IMP-006579,"Sample Product 6579",Storage,each,91.07,202.23,3.609
IMP-006580,"Sample Product 6580",Bolts,box,497.32,19.25,2.167
IMP-006581,"Sample Product 6581",Nuts,pallet,477.08,42.88,4.207
IMP-006582,"Sample Product 6582",Washers,each,439.54,279.19,2.726
IMP-006583,"Sample Product 6583",Screws,box,457.74,48.26,2.573
IMP-006584,"Sample Product 6584",Hose,pallet,163.15,36.22,0.599
IMP-006585,"Sample Product 6585",Fittings,each,135.25,141.68,1.105
IMP-006586,"Sample Product 6586",Valves,box,62.54,72.77,3.903
IMP-006587,"Sample Product 6587",Tables,pallet,88.98,161.72,4.913
IMP-006588,"Sample Product 6588",Cookware,each,263.98,69.72,2.199
IMP-006589,"Sample Product 6589",Storage,box,202.64,297.56,3.368
IMP-006590,"Sample Product 6590",Bolts,pallet,57.90,101.43,2.718
IMP-006591,"Sample Product 6591",Nuts,each,206.53,85.30,4.112
IMP-006592,"Sample Product 6592",Washers,box,120.65,113.15,3.463
IMP-006593,"Sample Product 6593",Screws,pallet,223.21,259.48,1.108
IMP-006594,"Sample Product 6594",Hose,each,370.63,113.49,1.025
IMP-006595,"Sample Product 6595",Fittings,box,152.23,195.40,1.040
IMP-006596,"Sample Product 6596",Valves,pallet,465.60,278.11,2.429
IMP-006597,"Sample Product 6597",Tables,each,41.20,212.27,0.661
IMP-006598,"Sample Product 6598",Cookware,box,352.91,197.06,4.119
IMP-006599,"Sample Product 6599",Storage,pallet,63.26,49.04,4.965
IMP-006600,,Bolts,each,382.90,196.43,4.052
IMP-006601,"Sample Product 6601",Nuts,box,447.12,263.20,4.330
IMP-006602,"Sample Product 6602",Washers,pallet,28.75,124.18,3.119
IMP-006603,"Sample Product 6603",Screws,each,347.89,45.40,1.865
IMP-006604,"Sample Product 6604",Hose,box,210.68,15.53,4.923
IMP-006605,"Sample Product 6605",Fittings,pallet,76.08,117.56,2.996
IMP-006606,"Sample Product 6606",Valves,each,334.87,179.16,0.404
IMP-006607,"Sample Product 6607",Tables,box,86.03,178.37,1.074
IMP-006608,"Sample Product 6608",Cookware,pallet,182.33,85.65,1.110
IMP-006609,"Sample Product 6609",Storage,each,286.64,89.55,2.716
IMP-006610,"Sample Product 6610",Bolts,box,296.78,129.22,3.872
IMP-006611,"Sample Product 6611",Nuts,pallet,256.42,180.50,0.117
IMP-006612,"Sample Product 6612",Washers,each,194.65,134.99,3.177
IMP-006613,"Sample Product 6613",Screws,box,312.48,292.35,3.932
IMP-006614,"Sample Product 6614",Hose,pallet,267.83,152.89,1.916
IMP-006615,"Sample Product 6615",Fittings,each,437.86,49.33,3.744
IMP-006616,"Sample Product 6616",Valves,box,118.78,53.18,1.489
IMP-006617,"Sample Product 6617",Tables,pallet,415.45,66.15,3.867
IMP-006618,"Sample Product 6618",Cookware,each,489.52,85.91,1.511
IMP-006619,"Sample Product 6619",Storage,box,55.29,264.18,0.156
IMP-006620,"Sample Product 6620",Bolts,pallet,180.62,75.37,3.449
IMP-006621,"Sample Product 6621",Nuts,each,337.16,286.52,3.592
IMP-006622,"Sample Product 6622",Washers,box,132.11,81.71,0.735
IMP-006623,"Sample Product 6623",Screws,pallet,296.08,290.15,4.457
IMP-006624,"Sample Product 6624",Hose,each,232.12,280.66,4.906
IMP-006625,"Sample Product 6625",Fittings,box,282.65,147.66,2.495
IMP-006626,"Sample Product 6626",Valves,pallet,182.15,247.26,3.361
IMP-006627,"Sample Product 6627",Tables,each,358.20,153.97,4.809
IMP-006628,"Sample Product 6628",Cookware,box,491.57,126.79,0.399
IMP-006629,"Sample Product 6629",Storage,pallet,228.13,132.69,1.742
IMP-006630,"Sample Product 6630",Bolts,each,106.58,61.75,4.430
IMP-006631,"Sample Product 6631",Nuts,box,124.23,16.20,2.763
IMP-006632,"Sample Product 6632",Washers,pallet,271.84,244.43,4.005
IMP-006633,"Sample Product 6633",Screws,each,444.32,42.29,2.447
IMP-006634,"Sample Product 6634",Hose,box,490.37,68.43,3.190
IMP-006635,"Sample Product 6635",Fittings,pallet,166.28,277.00,2.278
IMP-006636,"Sample Product 6636",Valves,each,384.15,250.66,4.284
IMP-006637,"Sample Product 6637",Tables,box,30.38,216.35,4.228
IMP-006638,"Sample Product 6638",Cookware,pallet,415.31,190.57,3.099
IMP-006639,"Sample Product 6639",Storage,each,422.96,57.41,0.501
IMP-006640,,Bolts,box,180.61,251.07,3.964
IMP-006641,"Sample Product 6641",Nuts,pallet,363.20,172.49,3.186
IMP-006642,"Sample Product 6642",Washers,each,339.86,127.72,2.817
IMP-006643,"Sample Product 6643",Screws,box,110.56,145.44,1.945
IMP-006644,"Sample Product 6644",Hose,pallet,171.58,124.81,0.694
IMP-006645,"Sample Product 6645",Fittings,each,26.32,151.88,2.515
IMP-006646,"Sample Product 6646",Valves,box,30.08,56.01,4.030
IMP-006647,"Sample Product 6647",Tables,pallet,64.50,151.17,1.368
IMP-006648,"Sample Product 6648",Cookware,each,362.65,132.67,0.290
IMP-006649,"Sample Product 6649",Storage,box,476.16,121.68,1.348
IMP-006650,"Sample Product 6650",Bolts,pallet,106.21,27.28,2.703
IMP-006651,"Sample Product 6651",Nuts,each,294.15,25.36,0.539
IMP-006652,"Sample Product 6652",Washers,box,51.51,213.05,2.225
IMP-006653,"Sample Product 6653",Screws,pallet,441.29,274.18,1.473
IMP-006654,"Sample Product 6654",Hose,each,105.79,91.02,3.490
IMP-006655,"Sample Product 6655",Fittings,box,235.69,73.79,4.009
IMP-006656,"Sample Product 6656",Valves,pallet,63.26,293.56,3.642
IMP-006657,"Sample Product 6657",Tables,each,83.11,130.21,2.055
IMP-006658,"Sample Product 6658",Cookware,box,1.84,173.47,0.577
IMP-006659,"Sample Product 6659",Storage,pallet,155.95,79.24,1.417
IMP-006660,"Sample Product 6660",Bolts,each,61.36,123.31,0.352
IMP-006661,"Sample Product 6661",Nuts,box,363.60,117.93,0.154
IMP-006662,"Sample Product 6662",Washers,pallet,5.19,133.01,2.741
IMP-006663,"Sample Product 6663",Screws,each,427.91,124.39,3.259
IMP-006664,"Sample Product 6664",Hose,box,115.01,2.60,1.677
IMP-006665,"Sample Product 6665",Fittings,pallet,290.07,269.82,1.538
IMP-006666,"Sample Product 6666",Valves,each,344.29,69.24,1.453
IMP-006667,"Sample Product 6667",Tables,box,22.93,226.46,4.983
IMP-006668,"Sample Product 6668",Cookware,pallet,302.87,186.14,2.157
IMP-006669,"Sample Product 6669",Storage,each,439.20,19.60,0.358
IMP-006670,"Sample Product 6670",Bolts,box,354.08,21.39,3.881
IMP-006671,"Sample Product 6671",Nuts,pallet,472.98,28.98,0.154
IMP-006672,"Sample Product 6672",Washers,each,217.55,216.76,2.294
IMP-006673,"Sample Product 6673",Screws,box,158.83,216.45,2.995
IMP-006674,"Sample Product 6674",Hose,pallet,482.14,100.22,3.880
IMP-006675,"Sample Product 6675",Fittings,each,246.52,287.89,1.689
IMP-006676,"Sample Product 6676",Valves,box,50.30,23.62,2.531
IMP-006677,"Sample Product 6677",Tables,pallet,488.51,72.30,4.267
IMP-006678,"Sample Product 6678",Cookware,each,220.04,36.65,4.122
IMP-006679,"Sample Product 6679",Storage,box,105.82,279.69,1.578
IMP-006680,,Bolts,pallet,446.52,2.74,4.330
IMP-006681,"Sample Product 6681",Nuts,each,224.81,299.09,4.916
IMP-006682,"Sample Product 6682",Washers,box,117.18,58.39,2.563
IMP-006683,"Sample Product 6683",Screws,pallet,193.34,64.18,2.513
IMP-006684,"Sample Product 6684",Hose,each,297.21,140.67,3.834
IMP-006685,"Sample Product 6685",Fittings,box,61.42,93.58,0.761
IMP-006686,"Sample Product 6686",Valves,pallet,126.28,53.45,4.187
IMP-006687,"Sample Product 6687",Tables,each,316.47,171.11,0.667
IMP-006688,"Sample Product 6688",Cookware,box,166.97,106.23,0.711
IMP-006689,"Sample Product 6689",Storage,pallet,215.02,149.11,1.324
IMP-006690,"Sample Product 6690",Bolts,each,85.52,4.56,0.625
IMP-006691,"Sample Product 6691",Nuts,box,220.26,188.66,3.608
IMP-006692,"Sample Product 6692",Washers,pallet,202.60,113.26,4.330
IMP-006693,"Sample Product 6693",Screws,each,40.97,83.39,4.320
IMP-006694,"Sample Product 6694",Hose,box,333.49,157.96,0.897
IMP-006695,"Sample Product 6695",Fittings,pallet,348.58,275.64,3.190
IMP-006696,"Sample Product 6696",Valves,each,62.28,267.00,4.404
IMP-006697,"Sample Product 6697",Tables,box,133.10,171.54,3.341
IMP-006698,"Sample Product 6698",Cookware,pallet,241.61,90.94,1.626
IMP-006699,"Sample Product 6699",Storage,each,48.22,143.99,2.271
IMP-006700,"Sample Product 6700",Bolts,box,19.77,154.17,4.775
IMP-006701,"Sample Product 6701",Nuts,pallet,45.53,125.12,2.319
IMP-006702,"Sample Product 6702",Washers,each,184.58,168.02,4.353
IMP-006703,"Sample Product 6703",Screws,box,249.76,274.63,3.123
IMP-006704,"Sample Product 6704",Hose,pallet,354.41,298.33,1.354
IMP-006705,"Sample Product 6705",Fittings,each,56.78,28.53,3.018
IMP-006706,"Sample Product 6706",Valves,box,24.50,217.28,0.298
IMP-006707,"Sample Product 6707",Tables,pallet,119.45,257.92,4.974
IMP-006708,"Sample Product 6708",Cookware,each,448.45,2.96,1.858
IMP-006709,"Sample Product 6709",Storage,box,396.24,154.77,3.842
IMP-006710,"Sample Product 6710",Bolts,pallet,377.39,47.61,2.867
IMP-006711,"Sample Product 6711",Nuts,each,481.62,103.23,3.643
IMP-006712,"Sample Product 6712",Washers,box,467.61,201.56,0.720
IMP-006713,"Sample Product 6713",Screws,pallet,148.36,285.33,2.336
IMP-006714,"Sample Product 6714",Hose,each,362.55,224.98,4.191
IMP-006715,"Sample Product 6715",Fittings,box,65.97,138.13,0.774
IMP-006716,"Sample Product 6716",Valves,pallet,155.09,81.98,4.828
IMP-006717,"Sample Product 6717",Tables,each,96.70,246.58,2.668
IMP-006718,"Sample Product 6718",Cookware,box,311.05,294.15,2.620
IMP-006719,"Sample Product 6719",Storage,pallet,35.88,262.13,2.049
IMP-006720,,Bolts,each,256.52,52.79,3.571
IMP-006721,"Sample Product 6721",Nuts,box,421.35,47.55,3.098
IMP-006722,"Sample Product 6722",Washers,pallet,376.52,94.46,2.494
IMP-006723,"Sample Product 6723",Screws,each,361.26,84.18,3.676
IMP-006724,"Sample Product 6724",Hose,box,297.93,90.00,4.200
IMP-006725,"Sample Product 6725",Fittings,pallet,209.07,132.38,3.086
IMP-006726,"Sample Product 6726",Valves,each,488.83,149.81,1.057
IMP-006727,"Sample Product 6727",Tables,box,33.75,174.11,1.571
IMP-006728,"Sample Product 6728",Cookware,pallet,325.06,163.78,3.530
IMP-006729,"Sample Product 6729",Storage,each,317.44,79.89,4.053
IMP-006730,"Sample Product 6730",Bolts,box,421.35,37.62,0.076
IMP-006731,"Sample Product 6731",Nuts,pallet,219.36,208.58,0.989
IMP-006732,"Sample Product 6732",Washers,each,199.25,147.35,0.401
IMP-006733,"Sample Product 6733",Screws,box,487.62,104.74,3.848
IMP-006734,"Sample Product 6734",Hose,pallet,385.71,284.87,0.466
IMP-006735,"Sample Product 6735",Fittings,each,98.60,188.26,3.067
IMP-006736,"Sample Product 6736",Valves,box,431.61,88.49,4.222
IMP-006737,"Sample Product 6737",Tables,pallet,467.60,16.35,3.549
IMP-006738,"Sample Product 6738",Cookware,each,54.91,65.41,1.816
IMP-006739,"Sample Product 6739",Storage,box,86.34,111.84,3.949
IMP-006740,"Sample Product 6740",Bolts,pallet,434.41,84.65,3.078
IMP-006741,"Sample Product 6741",Nuts,each,400.19,178.00,2.079
IMP-006742,"Sample Product 6742",Washers,box,21.58,243.19,3.360
IMP-006743,"Sample Product 6743",Screws,pallet,174.73,125.55,2.571
IMP-006744,"Sample Product 6744",Hose,each,349.22,193.93,0.225
IMP-006745,"Sample Product 6745",Fittings,box,60.76,139.66,0.945
IMP-006746,"Sample Product 6746",Valves,pallet,225.74,37.91,2.098
IMP-006747,"Sample Product 6747",Tables,each,265.25,156.98,1.799
IMP-006748,"Sample Product 6748",Cookware,box,435.41,121.99,4.648
IMP-006749,"Sample Product 6749",Storage,pallet,497.27,216.51,3.474
IMP-006750,"Sample Product 6750",Bolts,each,57.37,201.62,0.269
IMP-006751,"Sample Product 6751",Nuts,box,153.28,18.47,0.541
IMP-006752,"Sample Product 6752",Washers,pallet,231.82,231.46,1.485
IMP-006753,"Sample Product 6753",Screws,each,415.33,142.24,2.625
IMP-006754,"Sample Product 6754",Hose,box,443.62,210.91,2.169
IMP-006755,"Sample Product 6755",Fittings,pallet,487.25,121.74,1.293
IMP-006756,"Sample Product 6756",Valves,each,336.65,144.76,1.100
IMP-006757,"Sample Product 6757",Tables,box,74.02,120.72,2.219
IMP-006758,"Sample Product 6758",Cookware,pallet,56.22,225.09,1.064
IMP-006759,"Sample Product 6759",Storage,each,293.07,155.11,3.222
IMP-006760,,Bolts,box,129.03,282.61,2.280
IMP-006761,"Sample Product 6761",Nuts,pallet,32.85,0.25,2.294
IMP-006762,"Sample Product 6762",Washers,each,225.87,97.14,3.597
IMP-006763,"Sample Product 6763",Screws,box,55.08,72.65,3.686
IMP-006764,"Sample Product 6764",Hose,pallet,69.17,291.59,2.129
IMP-006765,"Sample Product 6765",Fittings,each,496.02,163.13,0.975
IMP-006766,"Sample Product 6766",Valves,box,85.78,62.82,2.343
IMP-006767,"Sample Product 6767",Tables,pallet,416.41,176.74,3.627
IMP-006768,"Sample Product 6768",Cookware,each,239.56,205.12,1.303
IMP-006769,"Sample Product 6769",Storage,box,433.35,98.02,0.654
IMP-006770,"Sample Product 6770",Bolts,pallet,364.18,195.85,0.474
IMP-006771,"Sample Product 6771",Nuts,each,84.46,77.44,0.057
IMP-006772,"Sample Product 6772",Washers,box,394.62,7.48,0.842
IMP-006773,"Sample Product 6773",Screws,pallet,14.61,181.17,3.936
IMP-006774,"Sample Product 6774",Hose,each,437.02,174.23,3.794
IMP-006775,"Sample Product 6775",Fittings,box,432.64,32.19,2.758
IMP-006776,"Sample Product 6776",Valves,pallet,116.18,140.14,3.898
IMP-006777,"Sample Product 6777",Tables,each,372.28,192.24,0.748
IMP-006778,"Sample Product 6778",Cookware,box,26.35,243.84,1.858
IMP-006779,"Sample Product 6779",Storage,pallet,195.41,260.52,1.894
IMP-006780,"Sample Product 6780",Bolts,each,475.86,68.93,4.634
IMP-006781,"Sample Product 6781",Nuts,box,431.49,265.26,4.753
IMP-006782,"Sample Product 6782",Washers,pallet,382.24,82.60,1.802
IMP-006783,"Sample Product 6783",Screws,each,409.40,100.13,2.786
IMP-006784,"Sample Product 6784",Hose,box,457.28,30.94,2.562
IMP-006785,"Sample Product 6785",Fittings,pallet,260.66,118.70,2.990
IMP-006786,"Sample Product 6786",Valves,each,341.38,120.39,1.493
IMP-006787,"Sample Product 6787",Tables,box,396.49,89.67,4.468
IMP-006788,"Sample Product 6788",Cookware,pallet,419.18,196.28,1.542
IMP-006789,"Sample Product 6789",Storage,each,249.66,237.72,0.630
IMP-006790,"Sample Product 6790",Bolts,box,20.33,112.55,0.551
IMP-006791,"Sample Product 6791",Nuts,pallet,450.56,218.89,3.498
IMP-006792,"Sample Product 6792",Washers,each,301.48,220.74,4.145
IMP-006793,"Sample Product 6793",Screws,box,283.03,6.22,3.822
IMP-006794,"Sample Product 6794",Hose,pallet,338.84,152.72,0.305
IMP-006795,"Sample Product 6795",Fittings,each,217.47,3.15,2.133
IMP-006796,"Sample Product 6796",Valves,box,13.17,150.33,4.820
IMP-006797,"Sample Product 6797",Tables,pallet,13.69,141.66,1.617
IMP-006798,"Sample Product 6798",Cookware,each,342.95,128.24,2.540
IMP-006799,"Sample Product 6799",Storage,box,462.55,186.67,0.432
IMP-006800,,Bolts,pallet,455.13,106.88,3.391
IMP-006801,"Sample Product 6801",Nuts,each,152.03,280.05,3.678
IMP-006802,"Sample Product 6802",Washers,box,349.73,274.36,4.347
IMP-006803,"Sample Product 6803",Screws,pallet,162.44,161.80,1.225
IMP-006804,"Sample Product 6804",Hose,each,124.08,103.87,1.419
IMP-006805,"Sample Product 6805",Fittings,box,78.28,134.10,0.535
IMP-006806,"Sample Product 6806",Valves,pallet,214.39,117.63,0.062
IMP-006807,"Sample Product 6807",Tables,each,443.14,105.02,4.493
IMP-006808,"Sample Product 6808",Cookware,box,129.11,120.92,4.934
IMP-006809,"Sample Product 6809",Storage,pallet,133.04,287.29,1.256
IMP-006810,"Sample Product 6810",Bolts,each,398.37,36.18,1.080
IMP-006811,"Sample Product 6811",Nuts,box,487.37,258.97,3.025
IMP-006812,"Sample Product 6812",Washers,pallet,26.49,297.97,0.708
IMP-006813,"Sample Product 6813",Screws,each,453.11,223.64,1.939
IMP-006814,"Sample Product 6814",Hose,box,265.06,291.34,3.477
IMP-006815,"Sample Product 6815",Fittings,pallet,338.06,51.08,4.605
IMP-006816,"Sample Product 6816",Valves,each,492.39,131.03,3.431
IMP-006817,"Sample Product 6817",Tables,box,155.14,176.75,2.678
IMP-006818,"Sample Product 6818",Cookware,pallet,234.20,76.18,1.686
IMP-006819,"Sample Product 6819",Storage,each,487.75,81.00,4.017
IMP-006820,"Sample Product 6820",Bolts,box,213.84,246.75,1.521
IMP-006821,"Sample Product 6821",Nuts,pallet,263.03,73.04,0.941
IMP-006822,"Sample Product 6822",Washers,each,469.19,205.65,1.552
IMP-006823,"Sample Product 6823",Screws,box,288.71,191.93,0.635
IMP-006824,"Sample Product 6824",Hose,pallet,107.88,79.16,0.195
IMP-006825,"Sample Product 6825",Fittings,each,63.65,111.03,1.025
IMP-006826,"Sample Product 6826",Valves,box,140.58,121.54,4.004
IMP-006827,"Sample Product 6827",Tables,pallet,122.00,297.20,1.829
IMP-006828,"Sample Product 6828",Cookware,each,249.98,143.54,3.025
IMP-006829,"Sample Product 6829",Storage,box,462.56,255.29,4.868
IMP-006830,"Sample Product 6830",Bolts,pallet,428.22,43.73,2.960
IMP-006831,"Sample Product 6831",Nuts,each,392.82,145.73,4.039
IMP-006832,"Sample Product 6832",Washers,box,169.09,147.72,1.121
IMP-006833,"Sample Product 6833",Screws,pallet,435.08,88.35,4.995
IMP-006834,"Sample Product 6834",Hose,each,221.95,150.91,4.870
IMP-006835,"Sample Product 6835",Fittings,box,36.79,246.46,4.470
IMP-006836,"Sample Product 6836",Valves,pallet,119.72,22.94,0.012
IMP-006837,"Sample Product 6837",Tables,each,104.68,246.97,1.318
IMP-006838,"Sample Product 6838",Cookware,box,35.09,173.74,3.603
IMP-006839,"Sample Product 6839",Storage,pallet,448.42,269.44,0.548
IMP-006840,,Bolts,each,457.11,276.44,2.206
IMP-006841,"Sample Product 6841",Nuts,box,483.79,170.73,0.778
IMP-006842,"Sample Product 6842",Washers,pallet,84.96,118.00,0.815
IMP-006843,"Sample Product 6843",Screws,each,228.40,176.31,0.888
IMP-006844,"Sample Product 6844",Hose,box,95.48,258.98,3.682
IMP-006845,"Sample Product 6845",Fittings,pallet,204.14,23.80,4.944
IMP-006846,"Sample Product 6846",Valves,each,310.51,45.82,0.749
IMP-006847,"Sample Product 6847",Tables,box,270.47,148.77,3.416
IMP-006848,"Sample Product 6848",Cookware,pallet,223.37,113.34,4.294
IMP-006849,"Sample Product 6849",Storage,each,393.35,55.27,3.096
IMP-006850,"Sample Product 6850",Bolts,box,321.73,91.50,1.736
IMP-006851,"Sample Product 6851",Nuts,pallet,234.56,197.37,0.285
IMP-006852,"Sample Product 6852",Washers,each,135.40,100.24,0.635
IMP-006853,"Sample Product 6853",Screws,box,302.57,74.93,1.189
IMP-006854,"Sample Product 6854",Hose,pallet,271.05,204.37,0.858
IMP-006855,"Sample Product 6855",Fittings,each,147.02,5.49,3.000
IMP-006856,"Sample Product 6856",Valves,box,465.58,289.27,3.843
IMP-006857,"Sample Product 6857",Tables,pallet,474.40,266.76,3.799
IMP-006858,"Sample Product 6858",Cookware,each,280.07,122.37,1.563
IMP-006859,"Sample Product 6859",Storage,box,277.02,223.26,3.520
IMP-006860,"Sample Product 6860",Bolts,pallet,103.34,267.79,3.739
IMP-006861,"Sample Product 6861",Nuts,each,16.98,80.61,4.690
IMP-006862,"Sample Product 6862",Washers,box,326.14,28.38,2.354
IMP-006863,"Sample Product 6863",Screws,pallet,388.42,42.16,0.276
IMP-006864,"Sample Product 6864",Hose,each,240.31,156.71,0.874
IMP-006865,"Sample Product 6865",Fittings,box,5.00,297.72,1.863
IMP-006866,"Sample Product 6866",Valves,pallet,51.09,135.37,4.581
IMP-006867,"Sample Product 6867",Tables,each,134.03,128.74,4.030
IMP-006868,"Sample Product 6868",Cookware,box,187.94,263.13,2.678
IMP-006869,"Sample Product 6869",Storage,pallet,338.10,177.24,3.865
IMP-006870,"Sample Product 6870",Bolts,each,79.62,269.67,3.805
IMP-006871,"Sample Product 6871",Nuts,box,70.13,242.20,3.162
IMP-006872,"Sample Product 6872",Washers,pallet,148.54,266.83,0.148
IMP-006873,"Sample Product 6873",Screws,each,105.51,108.45,1.194
IMP-006874,"Sample Product 6874",Hose,box,355.86,278.07,0.070
IMP-006875,"Sample Product 6875",Fittings,pallet,306.58,109.93,1.902
IMP-006876,"Sample Product 6876",Valves,each,81.34,118.67,3.548
IMP-006877,"Sample Product 6877",Tables,box,233.25,24.27,1.135
IMP-006878,"Sample Product 6878",Cookware,pallet,204.41,224.60,0.904
IMP-006879,"Sample Product 6879",Storage,each,406.18,215.32,3.739
IMP-006880,,Bolts,box,382.20,125.54,1.732
IMP-006881,"Sample Product 6881",Nuts,pallet,196.93,66.60,3.803
IMP-006882,"Sample Product 6882",Washers,each,255.46,288.41,2.023
IMP-006883,"Sample Product 6883",Screws,box,363.49,179.05,3.264
IMP-006884,"Sample Product 6884",Hose,pallet,271.14,265.62,0.727
IMP-006885,"Sample Product 6885",Fittings,each,475.88,78.44,2.214
IMP-006886,"Sample Product 6886",Valves,box,201.53,14.09,2.599
IMP-006887,"Sample Product 6887",Tables,pallet,100.36,145.27,3.040
IMP-006888,"Sample Product 6888",Cookware,each,385.29,108.67,3.344
IMP-006889,"Sample Product 6889",Storage,box,491.06,2.32,2.852
IMP-006890,"Sample Product 6890",Bolts,pallet,115.61,46.16,3.932
IMP-006891,"Sample Product 6891",Nuts,each,20.35,130.03,2.260
IMP-006892,"Sample Product 6892",Washers,box,381.63,83.65,0.147
IMP-006893,"Sample Product 6893",Screws,pallet,316.01,247.88,0.152
IMP-006894,"Sample Product 6894",Hose,each,2.09,234.41,2.700
IMP-006895,"Sample Product 6895",Fittings,box,295.49,160.71,2.598
IMP-006896,"Sample Product 6896",Valves,pallet,356.38,138.86,0.065
IMP-006897,"Sample Product 6897",Tables,each,413.53,231.65,0.387
IMP-006898,"Sample Product 6898",Cookware,box,415.68,176.98,3.314
IMP-006899,"Sample Product 6899",Storage,pallet,257.75,42.26,0.830
IMP-006900,"Sample Product 6900",Bolts,each,196.10,68.75,1.389
IMP-006901,"Sample Product 6901",Nuts,box,67.39,208.12,3.967
IMP-006902,"Sample Product 6902",Washers,pallet,264.60,19.20,3.484
IMP-006903,"Sample Product 6903",Screws,each,34.60,189.36,1.396
IMP-006904,"Sample Product 6904",Hose,box,304.43,297.66,2.030
IMP-006905,"Sample Product 6905",Fittings,pallet,450.12,13.42,1.198
IMP-006906,"Sample Product 6906",Valves,each,466.78,210.41,2.813
IMP-006907,"Sample Product 6907",Tables,box,24.36,136.43,2.257
IMP-006908,"Sample Product 6908",Cookware,pallet,430.30,242.26,4.366
IMP-006909,"Sample Product 6909",Storage,each,185.04,100.50,4.640
IMP-006910,"Sample Product 6910",Bolts,box,339.94,74.56,1.381
IMP-006911,"Sample Product 6911",Nuts,pallet,213.39,120.28,0.172
IMP-006912,"Sample Product 6912",Washers,each,70.45,59.36,1.593
IMP-006913,"Sample Product 6913",Screws,box,473.59,193.07,1.870
IMP-006914,"Sample Product 6914",Hose,pallet,78.24,195.95,2.006
IMP-006915,"Sample Product 6915",Fittings,each,365.92,7.97,2.686
IMP-006916,"Sample Product 6916",Valves,box,115.12,256.17,4.588
IMP-006917,"Sample Product 6917",Tables,pallet,488.65,141.44,1.785
IMP-006918,"Sample Product 6918",Cookware,each,92.59,281.76,1.891
IMP-006919,"Sample Product 6919",Storage,box,206.57,176.50,2.570
IMP-006920,,Bolts,pallet,159.26,233.20,0.297
IMP-006921,"Sample Product 6921",Nuts,each,134.16,283.72,2.810
IMP-006922,"Sample Product 6922",Washers,box,490.54,91.42,2.793
IMP-006923,"Sample Product 6923",Screws,pallet,131.43,105.50,4.887
IMP-006924,"Sample Product 6924",Hose,each,181.26,32.15,4.716
IMP-006925,"Sample Product 6925",Fittings,box,325.69,94.18,1.496
IMP-006926,"Sample Product 6926",Valves,pallet,297.48,216.44,4.925
IMP-006927,"Sample Product 6927",Tables,each,186.83,273.06,4.703
IMP-006928,"Sample Product 6928",Cookware,box,328.86,109.57,4.658
IMP-006929,"Sample Product 6929",Storage,pallet,406.63,92.09,2.989
IMP-006930,"Sample Product 6930",Bolts,each,294.05,111.15,0.272
IMP-006931,"Sample Product 6931",Nuts,box,204.51,207.77,4.281
IMP-006932,"Sample Product 6932",Washers,pallet,216.02,192.23,0.876
IMP-006933,"Sample Product 6933",Screws,each,275.35,214.97,2.219
IMP-006934,"Sample Product 6934",Hose,box,405.04,263.21,0.152
IMP-006935,"Sample Product 6935",Fittings,pallet,60.66,36.30,0.182
IMP-006936,"Sample Product 6936",Valves,each,318.31,278.14,2.867
IMP-006937,"Sample Product 6937",Tables,box,270.11,55.30,4.639
IMP-006938,"Sample Product 6938",Cookware,pallet,15.21,75.04,4.567
IMP-006939,"Sample Product 6939",Storage,each,231.34,233.86,4.213
IMP-006940,"Sample Product 6940",Bolts,box,283.04,67.51,3.755
IMP-006941,"Sample Product 6941",Nuts,pallet,449.26,173.71,3.614
IMP-006942,"Sample Product 6942",Washers,each,202.60,268.05,3.150
IMP-006943,"Sample Product 6943",Screws,box,109.58,181.88,1.187
IMP-006944,"Sample Product 6944",Hose,pallet,90.80,32.41,1.524
IMP-006945,"Sample Product 6945",Fittings,each,250.30,140.63,1.574
IMP-006946,"Sample Product 6946",Valves,box,112.36,5.27,3.337
IMP-006947,"Sample Product 6947",Tables,pallet,307.27,128.13,0.804
IMP-006948,"Sample Product 6948",Cookware,each,14.01,47.87,1.814
IMP-006949,"Sample Product 6949",Storage,box,233.13,194.81,3.587
IMP-006950,"Sample Product 6950",Bolts,pallet,145.27,59.80,2.421
IMP-006951,"Sample Product 6951",Nuts,each,392.20,290.15,1.675
IMP-006952,"Sample Product 6952",Washers,box,91.03,14.21,4.682
IMP-006953,"Sample Product 6953",Screws,pallet,473.96,122.01,4.801
IMP-006954,"Sample Product 6954",Hose,each,303.10,130.45,4.034
IMP-006955,"Sample Product 6955",Fittings,box,7.31,253.93,2.722
IMP-006956,"Sample Product 6956",Valves,pallet,42.29,139.61,1.904
IMP-006957,"Sample Product 6957",Tables,each,88.95,1.09,4.897
IMP-006958,"Sample Product 6958",Cookware,box,361.52,91.27,2.306
IMP-006959,"Sample Product 6959",Storage,pallet,68.35,248.14,1.147
IMP-006960,,Bolts,each,178.02,32.67,1.436
IMP-006961,"Sample Product 6961",Nuts,box,379.58,120.73,0.719
IMP-006962,"Sample Product 6962",Washers,pallet,287.04,34.52,4.849
IMP-006963,"Sample Product 6963",Screws,each,220.59,58.31,4.945
IMP-006964,"Sample Product 6964",Hose,box,447.31,166.73,1.132
IMP-006965,"Sample Product 6965",Fittings,pallet,140.34,165.37,1.356
IMP-006966,"Sample Product 6966",Valves,each,394.12,9.05,1.027
IMP-006967,"Sample Product 6967",Tables,box,32.89,132.54,4.739
IMP-006968,"Sample Product 6968",Cookware,pallet,262.70,143.92,2.681
IMP-006969,"Sample Product 6969",Storage,each,481.02,243.59,3.010
IMP-006970,"Sample Product 6970",Bolts,box,185.99,212.49,2.220
IMP-006971,"Sample Product 6971",Nuts,pallet,307.85,7.82,1.075
IMP-006972,"Sample Product 6972",Washers,each,432.45,230.20,3.616
IMP-006973,"Sample Product 6973",Screws,box,288.38,154.29,2.940
IMP-006974,"Sample Product 6974",Hose,pallet,472.41,248.83,0.039
IMP-006975,"Sample Product 6975",Fittings,each,255.41,164.65,0.890
IMP-006976,"Sample Product 6976",Valves,box,334.40,82.96,2.447
IMP-006977,"Sample Product 6977",Tables,pallet,134.72,167.70,0.818
IMP-006978,"Sample Product 6978",Cookware,each,7.38,139.71,4.934
IMP-006979,"Sample Product 6979",Storage,box,78.65,112.63,2.241
IMP-006980,"Sample Product 6980",Bolts,pallet,305.02,182.27,0.678
IMP-006981,"Sample Product 6981",Nuts,each,442.27,209.90,1.996
IMP-006982,"Sample Product 6982",Washers,box,491.89,165.61,1.528
IMP-006983,"Sample Product 6983",Screws,pallet,368.18,110.63,1.881
IMP-006984,"Sample Product 6984",Hose,each,45.59,139.11,4.825
IMP-006985,"Sample Product 6985",Fittings,box,414.67,233.90,3.531
IMP-006986,"Sample Product 6986",Valves,pallet,66.48,109.28,0.593
IMP-006987,"Sample Product 6987",Tables,each,96.24,191.57,1.235
IMP-006988,"Sample Product 6988",Cookware,box,395.80,211.42,3.541
IMP-006989,"Sample Product 6989",Storage,pallet,25.76,3.62,3.672
IMP-006990,"Sample Product 6990",Bolts,each,286.04,107.54,2.951
IMP-006991,"Sample Product 6991",Nuts,box,69.04,148.39,0.128
IMP-006992,"Sample Product 6992",Washers,pallet,451.05,147.58,1.720
IMP-006993,"Sample Product 6993",Screws,each,336.27,216.29,0.658
IMP-006994,"Sample Product 6994",Hose,box,488.35,114.30,0.189
IMP-006995,"Sample Product 6995",Fittings,pallet,37.26,71.89,3.833
IMP-006996,"Sample Product 6996",Valves,each,189.25,89.78,3.077
IMP-006997,"Sample Product 6997",Tables,box,452.18,53.30,0.028
IMP-006998,"Sample Product 6998",Cookware,pallet,314.79,65.17,1.190
IMP-006999,"Sample Product 6999",Storage,each,374.39,65.64,0.610
IMP-007000,,Bolts,box,453.56,89.90,2.898
IMP-007001,"Sample Product 7001",Nuts,pallet,293.15,132.93,4.187
IMP-007002,"Sample Product 7002",Washers,each,338.36,49.63,3.966
IMP-007003,"Sample Product 7003",Screws,box,112.80,23.17,0.619
IMP-007004,"Sample Product 7004",Hose,pallet,215.46,14.66,0.851
IMP-007005,"Sample Product 7005",Fittings,each,94.03,276.23,2.058
IMP-007006,"Sample Product 7006",Valves,box,318.32,235.01,3.463
IMP-007007,"Sample Product 7007",Tables,pallet,439.12,264.39,3.153
IMP-007008,"Sample Product 7008",Cookware,each,120.38,5.48,2.291
IMP-007009,"Sample Product 7009",Storage,box,449.49,148.16,1.081
IMP-007010,"Sample Product 7010",Bolts,pallet,200.59,73.07,4.146
IMP-007011,"Sample Product 7011",Nuts,each,259.55,72.59,3.339
IMP-007012,"Sample Product 7012",Washers,box,102.48,291.82,1.216
IMP-007013,"Sample Product 7013",Screws,pallet,248.84,67.40,3.051
IMP-007014,"Sample Product 7014",Hose,each,134.08,72.83,4.417
IMP-007015,"Sample Product 7015",Fittings,box,447.27,102.08,4.540
IMP-007016,"Sample Product 7016",Valves,pallet,241.26,14.94,3.331
IMP-007017,"Sample Product 7017",Tables,each,391.96,15.06,3.096
IMP-007018,"Sample Product 7018",Cookware,box,11.67,142.53,3.818
IMP-007019,"Sample Product 7019",Storage,pallet,270.02,141.62,4.522
IMP-007020,"Sample Product 7020",Bolts,each,174.41,214.51,3.280
IMP-007021,"Sample Product 7021",Nuts,box,447.97,28.07,0.335
IMP-007022,"Sample Product 7022",Washers,pallet,240.16,231.42,0.454
IMP-007023,"Sample Product 7023",Screws,each,378.08,239.78,4.464
IMP-007024,"Sample Product 7024",Hose,box,229.87,99.89,3.977
IMP-007025,"Sample Product 7025",Fittings,pallet,60.79,129.47,4.726
IMP-007026,"Sample Product 7026",Valves,each,435.01,63.69,0.251
IMP-007027,"Sample Product 7027",Tables,box,346.16,235.59,1.750
IMP-007028,"Sample Product 7028",Cookware,pallet,28.80,234.20,2.490
IMP-007029,"Sample Product 7029",Storage,each,416.38,117.15,1.313
IMP-007030,"Sample Product 7030",Bolts,box,173.90,116.02,1.881
IMP-007031,"Sample Product 7031",Nuts,pallet,311.58,83.36,2.840
IMP-007032,"Sample Product 7032",Washers,each,360.55,24.96,3.537
IMP-007033,"Sample Product 7033",Screws,box,296.42,287.82,0.239
IMP-007034,"Sample Product 7034",Hose,pallet,111.03,173.70,0.507
IMP-007035,"Sample Product 7035",Fittings,each,323.13,182.87,0.483
IMP-007036,"Sample Product 7036",Valves,box,292.85,53.43,1.252
IMP-007037,"Sample Product 7037",Tables,pallet,312.83,211.49,1.053
IMP-007038,"Sample Product 7038",Cookware,each,349.97,107.62,2.782
IMP-007039,"Sample Product 7039",Storage,box,95.98,270.09,4.869
IMP-007040,,Bolts,pallet,302.67,173.42,3.691
IMP-007041,"Sample Product 7041",Nuts,each,72.33,277.41,1.886
IMP-007042,"Sample Product 7042",Washers,box,149.19,146.63,3.176
IMP-007043,"Sample Product 7043",Screws,pallet,333.63,228.27,3.425
IMP-007044,"Sample Product 7044",Hose,each,294.49,259.93,4.992
IMP-007045,"Sample Product 7045",Fittings,box,254.69,121.74,2.214
IMP-007046,"Sample Product 7046",Valves,pallet,459.74,164.83,2.040
IMP-007047,"Sample Product 7047",Tables,each,195.27,235.34,4.426
IMP-007048,"Sample Product 7048",Cookware,box,440.93,254.78,1.030
IMP-007049,"Sample Product 7049",Storage,pallet,38.06,93.18,0.404
IMP-007050,"Sample Product 7050",Bolts,each,184.77,59.96,0.466
IMP-007051,"Sample Product 7051",Nuts,box,196.19,177.75,2.782
IMP-007052,"Sample Product 7052",Washers,pallet,313.48,62.53,0.177
IMP-007053,"Sample Product 7053",Screws,each,43.45,299.83,2.726
IMP-007054,"Sample Product 7054",Hose,box,275.27,253.87,0.742
IMP-007055,"Sample Product 7055",Fittings,pallet,273.72,249.46,1.369
IMP-007056,"Sample Product 7056",Valves,each,372.32,138.82,3.969
IMP-007057,"Sample Product 7057",Tables,box,345.96,69.46,2.449
IMP-007058,"Sample Product 7058",Cookware,pallet,111.77,109.14,4.423
IMP-007059,"Sample Product 7059",Storage,each,478.58,229.95,3.549
IMP-007060,"Sample Product 7060",Bolts,box,394.54,187.18,0.722
IMP-007061,"Sample Product 7061",Nuts,pallet,188.50,106.32,2.112
IMP-007062,"Sample Product 7062",Washers,each,499.58,130.17,0.151
IMP-007063,"Sample Product 7063",Screws,box,286.89,188.70,2.011
IMP-007064,"Sample Product 7064",Hose,pallet,148.42,217.94,2.412
IMP-007065,"Sample Product 7065",Fittings,each,411.30,267.47,1.380
IMP-007066,"Sample Product 7066",Valves,box,378.14,17.76,3.431
IMP-007067,"Sample Product 7067",Tables,pallet,203.03,2.63,2.875
IMP-007068,"Sample Product 7068",Cookware,each,202.98,130.79,4.033
IMP-007069,"Sample Product 7069",Storage,box,251.29,249.95,0.863
IMP-007070,"Sample Product 7070",Bolts,pallet,229.59,107.40,4.112
IMP-007071,"Sample Product 7071",Nuts,each,198.90,108.01,4.948
IMP-007072,"Sample Product 7072",Washers,box,178.78,206.22,1.463
IMP-007073,"Sample Product 7073",Screws,pallet,36.19,10.31,0.193
IMP-007074,"Sample Product 7074",Hose,each,89.97,207.87,1.173
IMP-007075,"Sample Product 7075",Fittings,box,459.98,111.92,2.379
IMP-007076,"Sample Product 7076",Valves,pallet,146.74,101.45,0.189
IMP-007077,"Sample Product 7077",Tables,each,240.60,204.20,2.202
IMP-007078,"Sample Product 7078",Cookware,box,45.41,54.63,4.500
IMP-007079,"Sample Product 7079",Storage,pallet,490.35,82.71,2.054
IMP-007080,,Bolts,each,408.75,272.30,1.763
IMP-007081,"Sample Product 7081",Nuts,box,262.45,252.80,0.889
IMP-007082,"Sample Product 7082",Washers,pallet,435.63,259.86,4.822
IMP-007083,"Sample Product 7083",Screws,each,84.34,83.48,4.105
IMP-007084,"Sample Product 7084",Hose,box,268.33,264.90,0.905
IMP-007085,"Sample Product 7085",Fittings,pallet,186.01,257.00,1.939
IMP-007086,"Sample Product 7086",Valves,each,204.94,217.63,4.722
IMP-007087,"Sample Product 7087",Tables,box,405.35,176.17,1.464
IMP-007088,"Sample Product 7088",Cookware,pallet,484.03,234.59,0.112
IMP-007089,"Sample Product 7089",Storage,each,327.34,192.45,3.329
IMP-007090,"Sample Product 7090",Bolts,box,266.93,253.91,3.751
IMP-007091,"Sample Product 7091",Nuts,pallet,72.71,285.48,4.694
IMP-007092,"Sample Product 7092",Washers,each,306.75,11.83,2.905
IMP-007093,"Sample Product 7093",Screws,box,243.64,284.45,1.896
IMP-007094,"Sample Product 7094",Hose,pallet,198.22,242.20,4.789
IMP-007095,"Sample Product 7095",Fittings,each,242.94,254.56,2.835
IMP-007096,"Sample Product 7096",Valves,box,408.99,100.76,4.853
IMP-007097,"Sample Product 7097",Tables,pallet,208.30,43.90,1.789
IMP-007098,"Sample Product 7098",Cookware,each,477.58,218.11,3.609
IMP-007099,"Sample Product 7099",Storage,box,454.42,230.01,3.233
IMP-007100,"Sample Product 7100",Bolts,pallet,450.53,196.80,1.053
IMP-007101,"Sample Product 7101",Nuts,each,204.37,90.90,3.757
IMP-007102,"Sample Product 7102",Washers,box,373.76,201.65,0.584
IMP-007103,"Sample Product 7103",Screws,pallet,119.55,275.40,2.375
IMP-007104,"Sample Product 7104",Hose,each,4.71,42.49,1.806
IMP-007105,"Sample Product 7105",Fittings,box,387.31,98.20,1.344
IMP-007106,"Sample Product 7106",Valves,pallet,263.56,224.49,4.414
IMP-007107,"Sample Product 7107",Tables,each,248.45,284.47,0.966
IMP-007108,"Sample Product 7108",Cookware,box,404.51,25.13,3.848
IMP-007109,"Sample Product 7109",Storage,pallet,457.62,98.33,4.632
IMP-007110,"Sample Product 7110",Bolts,each,475.27,38.10,0.445
IMP-007111,"Sample Product 7111",Nuts,box,271.82,147.81,0.388
IMP-007112,"Sample Product 7112",Washers,pallet,429.88,89.08,4.146
IMP-007113,"Sample Product 7113",Screws,each,400.04,239.60,4.291
IMP-007114,"Sample Product 7114",Hose,box,40.43,1.80,3.401
IMP-007115,"Sample Product 7115",Fittings,pallet,248.12,118.31,0.417
IMP-007116,"Sample Product 7116",Valves,each,487.59,82.73,4.023
IMP-007117,"Sample Product 7117",Tables,box,310.86,80.13,0.143
IMP-007118,"Sample Product 7118",Cookware,pallet,351.30,186.53,4.016
IMP-007119,"Sample Product 7119",Storage,each,45.75,100.74,2.359
IMP-007120,,Bolts,box,307.85,260.10,0.827
IMP-007121,"Sample Product 7121",Nuts,pallet,409.20,252.82,3.882
IMP-007122,"Sample Product 7122",Washers,each,6.30,227.19,0.092
IMP-007123,"Sample Product 7123",Screws,box,53.37,141.29,2.365
IMP-007124,"Sample Product 7124",Hose,pallet,40.27,286.84,1.664
IMP-007125,"Sample Product 7125",Fittings,each,269.93,18.68,1.116
IMP-007126,"Sample Product 7126",Valves,box,487.47,33.94,0.119
IMP-007127,"Sample Product 7127",Tables,pallet,224.69,147.54,0.271
IMP-007128,"Sample Product 7128",Cookware,each,292.66,190.25,1.532
IMP-007129,"Sample Product 7129",Storage,box,136.39,77.37,2.578
IMP-007130,"Sample Product 7130",Bolts,pallet,456.31,79.34,2.289
IMP-007131,"Sample Product 7131",Nuts,each,457.68,115.23,3.989
IMP-007132,"Sample Product 7132",Washers,box,420.99,273.34,3.945
IMP-007133,"Sample Product 7133",Screws,pallet,395.10,287.63,0.285
IMP-007134,"Sample Product 7134",Hose,each,75.19,7.02,1.653
IMP-007135,"Sample Product 7135",Fittings,box,217.37,285.77,1.272
IMP-007136,"Sample Product 7136",Valves,pallet,356.15,225.83,1.607
IMP-007137,"Sample Product 7137",Tables,each,27.07,151.71,2.621
IMP-007138,"Sample Product 7138",Cookware,box,254.99,158.92,0.926
IMP-007139,"Sample Product 7139",Storage,pallet,304.30,11.64,0.415
IMP-007140,"Sample Product 7140",Bolts,each,41.13,137.87,1.847
IMP-007141,"Sample Product 7141",Nuts,box,256.80,50.93,0.819
IMP-007142,"Sample Product 7142",Washers,pallet,422.64,123.35,0.512
IMP-007143,"Sample Product 7143",Screws,each,405.31,133.19,3.524
IMP-007144,"Sample Product 7144",Hose,box,252.55,126.36,4.932
IMP-007145,"Sample Product 7145",Fittings,pallet,239.35,263.74,3.254
IMP-007146,"Sample Product 7146",Valves,each,99.08,265.53,2.568
IMP-007147,"Sample Product 7147",Tables,box,36.05,160.17,0.068
IMP-007148,"Sample Product 7148",Cookware,pallet,440.62,35.97,2.051
IMP-007149,"Sample Product 7149",Storage,each,308.42,235.85,1.748
IMP-007150,"Sample Product 7150",Bolts,box,213.83,104.35,0.751
IMP-007151,"Sample Product 7151",Nuts,pallet,45.65,0.79,1.020
IMP-007152,"Sample Product 7152",Washers,each,297.18,198.74,2.823
IMP-007153,"Sample Product 7153",Screws,box,15.48,42.89,4.290
IMP-007154,"Sample Product 7154",Hose,pallet,198.03,23.31,2.750
IMP-007155,"Sample Product 7155",Fittings,each,109.20,81.81,1.495
IMP-007156,"Sample Product 7156",Valves,box,287.17,142.62,4.425
IMP-007157,"Sample Product 7157",Tables,pallet,124.71,199.68,4.361
IMP-007158,"Sample Product 7158",Cookware,each,443.81,73.32,4.951
IMP-007159,"Sample Product 7159",Storage,box,161.25,150.14,2.100
IMP-007160,,Bolts,pallet,431.80,13.53,1.781
IMP-007161,"Sample Product 7161",Nuts,each,139.00,187.65,4.354
IMP-007162,"Sample Product 7162",Washers,box,162.32,171.67,1.635
IMP-007163,"Sample Product 7163",Screws,pallet,58.08,293.03,0.837
IMP-007164,"Sample Product 7164",Hose,each,284.66,207.65,1.378
IMP-007165,"Sample Product 7165",Fittings,box,357.95,53.73,2.425
IMP-007166,"Sample Product 7166",Valves,pallet,145.77,135.19,4.856
IMP-007167,"Sample Product 7167",Tables,each,7.64,265.37,3.141
IMP-007168,"Sample Product 7168",Cookware,box,296.46,259.87,2.870
IMP-007169,"Sample Product 7169",Storage,pallet,44.48,275.80,3.966
IMP-007170,"Sample Product 7170",Bolts,each,241.17,114.50,4.537
IMP-007171,"Sample Product 7171",Nuts,box,304.29,139.06,4.476
IMP-007172,"Sample Product 7172",Washers,pallet,311.88,81.80,2.321
IMP-007173,"Sample Product 7173",Screws,each,150.53,220.29,2.035
IMP-007174,"Sample Product 7174",Hose,box,449.27,4.89,3.212
IMP-007175,"Sample Product 7175",Fittings,pallet,397.74,35.37,4.931
IMP-007176,"Sample Product 7176",Valves,each,274.55,275.02,0.100
IMP-007177,"Sample Product 7177",Tables,box,10.15,185.28,2.262
IMP-007178,"Sample Product 7178",Cookware,pallet,309.04,128.66,3.812
IMP-007179,"Sample Product 7179",Storage,each,191.93,115.10,2.953
IMP-007180,"Sample Product 7180",Bolts,box,191.38,282.86,2.929
IMP-007181,"Sample Product 7181",Nuts,pallet,242.04,288.24,0.968
IMP-007182,"Sample Product 7182",Washers,each,157.10,119.12,1.658
IMP-007183,"Sample Product 7183",Screws,box,23.19,195.58,1.655
IMP-007184,"Sample Product 7184",Hose,pallet,53.27,166.58,4.907
IMP-007185,"Sample Product 7185",Fittings,each,148.89,46.62,0.128
IMP-007186,"Sample Product 7186",Valves,box,119.35,72.58,0.830
IMP-007187,"Sample Product 7187",Tables,pallet,403.35,85.91,1.168
IMP-007188,"Sample Product 7188",Cookware,each,389.20,235.30,2.792
IMP-007189,"Sample Product 7189",Storage,box,84.29,291.30,2.952
IMP-007190,"Sample Product 7190",Bolts,pallet,302.46,7.39,4.828
IMP-007191,"Sample Product 7191",Nuts,each,107.41,245.09,2.626
IMP-007192,"Sample Product 7192",Washers,box,20.60,161.41,3.350
IMP-007193,"Sample Product 7193",Screws,pallet,261.33,43.23,2.982
IMP-007194,"Sample Product 7194",Hose,each,187.83,45.56,2.948
IMP-007195,"Sample Product 7195",Fittings,box,303.02,229.37,0.454
IMP-007196,"Sample Product 7196",Valves,pallet,230.69,160.48,1.959
IMP-007197,"Sample Product 7197",Tables,each,352.85,11.85,0.456
IMP-007198,"Sample Product 7198",Cookware,box,365.92,123.45,2.817
IMP-007199,"Sample Product 7199",Storage,pallet,99.28,272.93,2.096
IMP-007200,,Bolts,each,414.01,43.22,4.523
IMP-007201,"Sample Product 7201",Nuts,box,450.28,287.62,2.055
IMP-007202,"Sample Product 7202",Washers,pallet,291.47,202.54,1.904
IMP-007203,"Sample Product 7203",Screws,each,379.18,118.54,0.840
IMP-007204,"Sample Product 7204",Hose,box,428.91,104.08,4.466
IMP-007205,"Sample Product 7205",Fittings,pallet,194.33,100.81,1.032
IMP-007206,"Sample Product 7206",Valves,each,224.54,224.15,3.352
IMP-007207,"Sample Product 7207",Tables,box,423.01,270.78,3.075
IMP-007208,"Sample Product 7208",Cookware,pallet,325.16,197.71,4.800
IMP-007209,"Sample Product 7209",Storage,each,409.00,280.67,1.804
IMP-007210,"Sample Product 7210",Bolts,box,122.06,193.20,3.691
IMP-007211,"Sample Product 7211",Nuts,pallet,224.58,133.70,2.252
IMP-007212,"Sample Product 7212",Washers,each,52.11,175.73,3.934
IMP-007213,"Sample Product 7213",Screws,box,440.45,54.49,3.811
IMP-007214,"Sample Product 7214",Hose,pallet,445.00,290.75,4.632
IMP-007215,"Sample Product 7215",Fittings,each,456.65,261.31,3.153
IMP-007216,"Sample Product 7216",Valves,box,53.97,298.33,3.617
IMP-007217,"Sample Product 7217",Tables,pallet,49.49,38.81,0.580
IMP-007218,"Sample Product 7218",Cookware,each,215.07,151.51,2.398
IMP-007219,"Sample Product 7219",Storage,box,270.42,267.14,3.750
IMP-007220,"Sample Product 7220",Bolts,pallet,115.60,132.57,0.292
IMP-007221,"Sample Product 7221",Nuts,each,335.96,141.03,4.174
IMP-007222,"Sample Product 7222",Washers,box,76.20,113.38,3.887
IMP-007223,"Sample Product 7223",Screws,pallet,446.35,172.13,0.810
IMP-007224,"Sample Product 7224",Hose,each,474.05,104.47,3.384
IMP-007225,"Sample Product 7225",Fittings,box,312.46,242.60,2.732
IMP-007226,"Sample Product 7226",Valves,pallet,245.54,116.18,2.772
IMP-007227,"Sample Product 7227",Tables,each,30.46,41.55,0.319
IMP-007228,"Sample Product 7228",Cookware,box,199.17,203.10,4.350
IMP-007229,"Sample Product 7229",Storage,pallet,387.81,260.70,0.331
IMP-007230,"Sample Product 7230",Bolts,each,205.23,266.33,3.391
IMP-007231,"Sample Product 7231",Nuts,box,433.44,201.48,2.147
IMP-007232,"Sample Product 7232",Washers,pallet,132.21,129.37,1.687
IMP-007233,"Sample Product 7233",Screws,each,201.88,204.32,3.305
IMP-007234,"Sample Product 7234",Hose,box,435.72,80.01,4.279
IMP-007235,"Sample Product 7235",Fittings,pallet,457.97,124.69,1.663
IMP-007236,"Sample Product 7236",Valves,each,55.03,267.04,0.026
IMP-007237,"Sample Product 7237",Tables,box,153.89,260.00,0.151
IMP-007238,"Sample Product 7238",Cookware,pallet,220.14,43.66,2.175
IMP-007239,"Sample Product 7239",Storage,each,379.80,258.15,3.850
IMP-007240,,Bolts,box,223.27,230.64,2.596
IMP-007241,"Sample Product 7241",Nuts,pallet,80.26,13.00,0.864
IMP-007242,"Sample Product 7242",Washers,each,400.18,126.01,4.514
IMP-007243,"Sample Product 7243",Screws,box,182.55,150.11,0.162
IMP-007244,"Sample Product 7244",Hose,pallet,385.83,110.31,0.779
IMP-007245,"Sample Product 7245",Fittings,each,479.84,48.76,3.555
IMP-007246,"Sample Product 7246",Valves,box,165.00,110.45,4.456
IMP-007247,"Sample Product 7247",Tables,pallet,53.94,21.21,1.249
IMP-007248,"Sample Product 7248",Cookware,each,197.98,27.44,4.719
IMP-007249,"Sample Product 7249",Storage,box,187.96,246.43,2.097
IMP-007250,"Sample Product 7250",Bolts,pallet,119.27,148.05,1.603
IMP-007251,"Sample Product 7251",Nuts,each,60.34,161.43,0.423
IMP-007252,"Sample Product 7252",Washers,box,78.01,264.54,1.839
IMP-007253,"Sample Product 7253",Screws,pallet,215.85,74.40,2.878
IMP-007254,"Sample Product 7254",Hose,each,323.93,267.22,4.582
IMP-007255,"Sample Product 7255",Fittings,box,375.46,289.76,1.272
IMP-007256,"Sample Product 7256",Valves,pallet,24.32,297.42,3.702
IMP-007257,"Sample Product 7257",Tables,each,350.05,83.32,0.126
IMP-007258,"Sample Product 7258",Cookware,box,328.34,186.94,4.311
IMP-007259,"Sample Product 7259",Storage,pallet,478.77,260.59,0.818
IMP-007260,"Sample Product 7260",Bolts,each,414.39,292.32,3.169
IMP-007261,"Sample Product 7261",Nuts,box,441.78,103.32,2.977
IMP-007262,"Sample Product 7262",Washers,pallet,110.35,43.01,4.587
IMP-007263,"Sample Product 7263",Screws,each,467.92,194.05,3.575
IMP-007264,"Sample Product 7264",Hose,box,426.02,289.26,2.532
IMP-007265,"Sample Product 7265",Fittings,pallet,111.27,31.07,1.517
IMP-007266,"Sample Product 7266",Valves,each,460.62,142.01,3.542
IMP-007267,"Sample Product 7267",Tables,box,371.19,126.84,4.479
IMP-007268,"Sample Product 7268",Cookware,pallet,129.46,15.30,4.232
IMP-007269,"Sample Product 7269",Storage,each,217.53,21.68,4.991
IMP-007270,"Sample Product 7270",Bolts,box,192.11,158.37,2.222
IMP-007271,"Sample Product 7271",Nuts,pallet,152.59,81.38,1.236
IMP-007272,"Sample Product 7272",Washers,each,439.46,89.67,0.153
IMP-007273,"Sample Product 7273",Screws,box,131.34,185.02,4.274
IMP-007274,"Sample Product 7274",Hose,pallet,19.35,183.10,0.240
IMP-007275,"Sample Product 7275",Fittings,each,280.31,271.35,1.160
IMP-007276,"Sample Product 7276",Valves,box,145.56,166.49,3.955
IMP-007277,"Sample Product 7277",Tables,pallet,355.77,276.47,3.288
IMP-007278,"Sample Product 7278",Cookware,each,463.38,41.79,4.448
IMP-007279,"Sample Product 7279",Storage,box,32.66,16.83,3.869
IMP-007280,,Bolts,pallet,447.30,138.02,3.121
IMP-007281,"Sample Product 7281",Nuts,each,450.02,249.25,2.777
IMP-007282,"Sample Product 7282",Washers,box,251.16,109.60,1.648
IMP-007283,"Sample Product 7283",Screws,pallet,267.74,212.58,0.591
IMP-007284,"Sample Product 7284",Hose,each,269.69,264.38,2.559
IMP-007285,"Sample Product 7285",Fittings,box,219.40,257.22,3.259
IMP-007286,"Sample Product 7286",Valves,pallet,224.35,158.47,4.977
IMP-007287,"Sample Product 7287",Tables,each,283.38,187.19,0.170
IMP-007288,"Sample Product 7288",Cookware,box,282.44,219.61,3.282
IMP-007289,"Sample Product 7289",Storage,pallet,185.07,275.70,4.205
IMP-007290,"Sample Product 7290",Bolts,each,135.37,54.59,1.854
IMP-007291,"Sample Product 7291",Nuts,box,272.58,246.46,1.656
IMP-007292,"Sample Product 7292",Washers,pallet,213.51,189.58,1.755
IMP-007293,"Sample Product 7293",Screws,each,325.99,276.20,2.063
IMP-007294,"Sample Product 7294",Hose,box,280.75,271.45,3.248
IMP-007295,"Sample Product 7295",Fittings,pallet,360.15,119.76,0.535
IMP-007296,"Sample Product 7296",Valves,each,88.47,238.62,3.704
IMP-007297,"Sample Product 7297",Tables,box,273.79,242.43,3.435
IMP-007298,"Sample Product 7298",Cookware,pallet,184.47,192.78,3.582
IMP-007299,"Sample Product 7299",Storage,each,17.14,33.24,2.706
IMP-007300,"Sample Product 7300",Bolts,box,215.28,150.52,0.699
IMP-007301,"Sample Product 7301",Nuts,pallet,419.48,90.92,3.162
IMP-007302,"Sample Product 7302",Washers,each,223.69,128.26,0.993
IMP-007303,"Sample Product 7303",Screws,box,23.55,7.58,1.658
IMP-007304,"Sample Product 7304",Hose,pallet,28.20,7.38,1.425
IMP-007305,"Sample Product 7305",Fittings,each,126.04,21.66,4.196
IMP-007306,"Sample Product 7306",Valves,box,4.55,102.32,2.735
IMP-007307,"Sample Product 7307",Tables,pallet,50.98,152.66,4.084
IMP-007308,"Sample Product 7308",Cookware,each,144.93,260.31,0.920
IMP-007309,"Sample Product 7309",Storage,box,128.72,37.17,1.594
IMP-007310,"Sample Product 7310",Bolts,pallet,117.82,161.46,0.475
IMP-007311,"Sample Product 7311",Nuts,each,244.07,159.57,1.898
IMP-007312,"Sample Product 7312",Washers,box,477.38,86.96,4.604
IMP-007313,"Sample Product 7313",Screws,pallet,298.77,86.32,0.836
IMP-007314,"Sample Product 7314",Hose,each,486.09,75.45,3.963
IMP-007315,"Sample Product 7315",Fittings,box,66.51,131.44,1.624
IMP-007316,"Sample Product 7316",Valves,pallet,197.82,294.48,2.039
IMP-007317,"Sample Product 7317",Tables,each,446.53,10.95,1.727
IMP-007318,"Sample Product 7318",Cookware,box,164.44,65.55,1.093
IMP-007319,"Sample Product 7319",Storage,pallet,148.70,219.52,2.741
IMP-007320,,Bolts,each,373.01,226.31,3.029
IMP-007321,"Sample Product 7321",Nuts,box,182.23,110.28,0.812
IMP-007322,"Sample Product 7322",Washers,pallet,91.64,33.29,1.157
IMP-007323,"Sample Product 7323",Screws,each,281.12,185.23,1.673
IMP-007324,"Sample Product 7324",Hose,box,67.40,78.40,2.374
IMP-007325,"Sample Product 7325",Fittings,pallet,93.47,250.88,3.335
IMP-007326,"Sample Product 7326",Valves,each,470.94,293.59,3.671
IMP-007327,"Sample Product 7327",Tables,box,435.92,22.11,2.621
IMP-007328,"Sample Product 7328",Cookware,pallet,217.73,74.63,1.300
IMP-007329,"Sample Product 7329",Storage,each,166.32,229.30,4.593
IMP-007330,"Sample Product 7330",Bolts,box,426.72,176.44,0.468
IMP-007331,"Sample Product 7331",Nuts,pallet,494.97,39.57,4.276
IMP-007332,"Sample Product 7332",Washers,each,442.81,142.17,0.132
IMP-007333,"Sample Product 7333",Screws,box,208.27,56.09,0.239
IMP-007334,"Sample Product 7334",Hose,pallet,134.11,76.74,0.128
IMP-007335,"Sample Product 7335",Fittings,each,81.59,211.44,1.312
IMP-007336,"Sample Product 7336",Valves,box,377.89,25.72,4.018
IMP-007337,"Sample Product 7337",Tables,pallet,367.72,290.31,3.971
IMP-007338,"Sample Product 7338",Cookware,each,102.06,153.10,0.732
IMP-007339,"Sample Product 7339",Storage,box,454.63,86.64,4.920
IMP-007340,"Sample Product 7340",Bolts,pallet,122.77,188.06,3.732
IMP-007341,"Sample Product 7341",Nuts,each,57.20,181.11,3.763
IMP-007342,"Sample Product 7342",Washers,box,214.91,265.56,4.953
IMP-007343,"Sample Product 7343",Screws,pallet,470.83,87.81,1.311
IMP-007344,"Sample Product 7344",Hose,each,192.37,32.51,1.224
IMP-007345,"Sample Product 7345",Fittings,box,135.66,13.86,3.655
IMP-007346,"Sample Product 7346",Valves,pallet,235.72,37.76,0.605
IMP-007347,"Sample Product 7347",Tables,each,131.39,297.17,3.464
IMP-007348,"Sample Product 7348",Cookware,box,62.16,153.00,4.762
IMP-007349,"Sample Product 7349",Storage,pallet,159.64,51.96,0.631
IMP-007350,"Sample Product 7350",Bolts,each,21.98,80.33,4.401
IMP-007351,"Sample Product 7351",Nuts,box,207.19,237.27,4.537
IMP-007352,"Sample Product 7352",Washers,pallet,450.35,292.83,4.865
IMP-007353,"Sample Product 7353",Screws,each,388.21,8.73,4.405
IMP-007354,"Sample Product 7354",Hose,box,413.70,103.52,4.707
IMP-007355,"Sample Product 7355",Fittings,pallet,491.38,12.90,1.400
IMP-007356,"Sample Product 7356",Valves,each,273.98,117.24,3.003
IMP-007357,"Sample Product 7357",Tables,box,408.74,171.16,1.902
IMP-007358,"Sample Product 7358",Cookware,pallet,464.62,105.95,3.442
IMP-007359,"Sample Product 7359",Storage,each,500.00,129.43,2.323
IMP-007360,,Bolts,box,13.70,296.84,0.396
IMP-007361,"Sample Product 7361",Nuts,pallet,10.23,131.33,0.398
IMP-007362,"Sample Product 7362",Washers,each,408.50,38.15,4.615
IMP-007363,"Sample Product 7363",Screws,box,485.14,129.20,4.049
IMP-007364,"Sample Product 7364",Hose,pallet,351.85,247.19,2.175
IMP-007365,"Sample Product 7365",Fittings,each,46.83,114.08,0.522
IMP-007366,"Sample Product 7366",Valves,box,143.65,218.78,4.189
IMP-007367,"Sample Product 7367",Tables,pallet,405.50,69.18,2.049
IMP-007368,"Sample Product 7368",Cookware,each,174.13,158.06,0.986
IMP-007369,"Sample Product 7369",Storage,box,485.75,71.15,2.236
IMP-007370,"Sample Product 7370",Bolts,pallet,93.92,118.51,0.207
IMP-007371,"Sample Product 7371",Nuts,each,194.57,206.25,3.893
IMP-007372,"Sample Product 7372",Washers,box,213.09,119.59,3.537
IMP-007373,"Sample Product 7373",Screws,pallet,155.08,265.34,3.542
IMP-007374,"Sample Product 7374",Hose,each,353.07,220.32,3.943
IMP-007375,"Sample Product 7375",Fittings,box,117.51,212.49,3.870
IMP-007376,"Sample Product 7376",Valves,pallet,191.86,111.87,4.387
IMP-007377,"Sample Product 7377",Tables,each,308.87,113.71,0.475
IMP-007378,"Sample Product 7378",Cookware,box,353.59,147.47,0.388
IMP-007379,"Sample Product 7379",Storage,pallet,139.25,182.15,2.069
IMP-007380,"Sample Product 7380",Bolts,each,311.62,166.48,1.411
IMP-007381,"Sample Product 7381",Nuts,box,355.01,44.24,3.604
IMP-007382,"Sample Product 7382",Washers,pallet,69.85,245.76,1.281
IMP-007383,"Sample Product 7383",Screws,each,177.47,34.75,2.569
IMP-007384,"Sample Product 7384",Hose,box,306.63,29.74,3.578
IMP-007385,"Sample Product 7385",Fittings,pallet,247.16,156.20,0.894
IMP-007386,"Sample Product 7386",Valves,each,306.14,194.61,3.847
IMP-007387,"Sample Product 7387",Tables,box,146.23,1.05,4.737
IMP-007388,"Sample Product 7388",Cookware,pallet,314.97,5.35,3.037
IMP-007389,"Sample Product 7389",Storage,each,452.73,151.91,3.870
IMP-007390,"Sample Product 7390",Bolts,box,326.27,56.94,1.583
IMP-007391,"Sample Product 7391",Nuts,pallet,228.56,96.43,3.612
IMP-007392,"Sample Product 7392",Washers,each,432.35,271.23,0.936
IMP-007393,"Sample Product 7393",Screws,box,153.30,14.90,0.887
IMP-007394,"Sample Product 7394",Hose,pallet,303.34,0.24,3.096
IMP-007395,"Sample Product 7395",Fittings,each,108.46,99.49,2.238
IMP-007396,"Sample Product 7396",Valves,box,128.18,46.22,1.915
IMP-007397,"Sample Product 7397",Tables,pallet,170.21,232.60,4.066
IMP-007398,"Sample Product 7398",Cookware,each,410.98,4.79,0.290
IMP-007399,"Sample Product 7399",Storage,box,119.89,275.40,2.415
IMP-007400,,Bolts,pallet,57.92,30.71,4.783
IMP-007401,"Sample Product 7401",Nuts,each,98.78,112.15,2.557
IMP-007402,"Sample Product 7402",Washers,box,256.49,104.10,0.512
IMP-007403,"Sample Product 7403",Screws,pallet,24.75,145.52,3.604
IMP-007404,"Sample Product 7404",Hose,each,276.19,160.66,1.518
IMP-007405,"Sample Product 7405",Fittings,box,477.85,145.01,1.388
IMP-007406,"Sample Product 7406",Valves,pallet,367.77,193.51,4.335
IMP-007407,"Sample Product 7407",Tables,each,395.79,157.80,3.549
IMP-007408,"Sample Product 7408",Cookware,box,46.24,89.20,3.528
IMP-007409,"Sample Product 7409",Storage,pallet,393.46,275.78,3.736
IMP-007410,"Sample Product 7410",Bolts,each,463.25,79.20,3.294
IMP-007411,"Sample Product 7411",Nuts,box,53.07,184.34,2.371
IMP-007412,"Sample Product 7412",Washers,pallet,137.30,296.97,1.621
IMP-007413,"Sample Product 7413",Screws,each,81.75,153.50,1.890
IMP-007414,"Sample Product 7414",Hose,box,172.91,254.67,3.977
IMP-007415,"Sample Product 7415",Fittings,pallet,134.44,286.14,2.272
IMP-007416,"Sample Product 7416",Valves,each,157.81,117.22,4.469
IMP-007417,"Sample Product 7417",Tables,box,170.30,97.30,1.944
IMP-007418,"Sample Product 7418",Cookware,pallet,299.16,28.84,3.634
IMP-007419,"Sample Product 7419",Storage,each,134.00,153.07,3.793
IMP-007420,"Sample Product 7420",Bolts,box,74.58,57.65,4.786
IMP-007421,"Sample Product 7421",Nuts,pallet,166.52,74.77,0.828
IMP-007422,"Sample Product 7422",Washers,each,230.06,280.74,2.416
IMP-007423,"Sample Product 7423",Screws,box,249.84,105.00,3.123
IMP-007424,"Sample Product 7424",Hose,pallet,145.19,287.12,4.589
IMP-007425,"Sample Product 7425",Fittings,each,195.54,279.99,1.106
IMP-007426,"Sample Product 7426",Valves,box,168.21,267.43,1.959
IMP-007427,"Sample Product 7427",Tables,pallet,318.71,130.68,4.434
IMP-007428,"Sample Product 7428",Cookware,each,210.75,254.98,2.848
IMP-007429,"Sample Product 7429",Storage,box,454.86,102.78,2.198
IMP-007430,"Sample Product 7430",Bolts,pallet,158.11,19.26,3.674
IMP-007431,"Sample Product 7431",Nuts,each,365.32,230.69,3.359
IMP-007432,"Sample Product 7432",Washers,box,289.88,213.81,4.171
IMP-007433,"Sample Product 7433",Screws,pallet,40.90,20.29,0.375
IMP-007434,"Sample Product 7434",Hose,each,110.76,240.87,1.319
IMP-007435,"Sample Product 7435",Fittings,box,190.01,174.73,0.850
IMP-007436,"Sample Product 7436",Valves,pallet,100.67,27.35,4.465
IMP-007437,"Sample Product 7437",Tables,each,466.28,239.37,0.850
IMP-007438,"Sample Product 7438",Cookware,box,189.83,219.87,4.317
IMP-007439,"Sample Product 7439",Storage,pallet,242.45,171.12,3.071
IMP-007440,,Bolts,each,220.24,177.61,4.899
IMP-007441,"Sample Product 7441",Nuts,box,344.15,84.32,1.756
IMP-007442,"Sample Product 7442",Washers,pallet,382.14,13.57,2.018
IMP-007443,"Sample Product 7443",Screws,each,282.76,55.36,4.865
IMP-007444,"Sample Product 7444",Hose,box,279.87,88.55,2.183
IMP-007445,"Sample Product 7445",Fittings,pallet,354.08,122.30,3.578
IMP-007446,"Sample Product 7446",Valves,each,296.53,93.06,3.895
IMP-007447,"Sample Product 7447",Tables,box,337.52,48.82,2.334
IMP-007448,"Sample Product 7448",Cookware,pallet,451.39,140.33,2.740
IMP-007449,"Sample Product 7449",Storage,each,371.24,6.30,0.523
IMP-007450,"Sample Product 7450",Bolts,box,169.63,90.99,4.130
IMP-007451,"Sample Product 7451",Nuts,pallet,98.62,237.37,1.829
IMP-007452,"Sample Product 7452",Washers,each,441.13,25.34,2.767
IMP-007453,"Sample Product 7453",Screws,box,120.18,91.22,1.070
IMP-007454,"Sample Product 7454",Hose,pallet,162.74,298.21,3.721
IMP-007455,"Sample Product 7455",Fittings,each,277.05,25.54,4.511
IMP-007456,"Sample Product 7456",Valves,box,184.88,249.84,4.883
IMP-007457,"Sample Product 7457",Tables,pallet,478.16,44.45,1.034
IMP-007458,"Sample Product 7458",Cookware,each,73.74,103.62,2.661
IMP-007459,"Sample Product 7459",Storage,box,98.67,198.98,0.070
IMP-007460,"Sample Product 7460",Bolts,pallet,146.45,180.78,2.787
IMP-007461,"Sample Product 7461",Nuts,each,304.38,248.64,2.728
IMP-007462,"Sample Product 7462",Washers,box,205.57,274.67,0.434
IMP-007463,"Sample Product 7463",Screws,pallet,482.64,21.86,0.170
IMP-007464,"Sample Product 7464",Hose,each,137.96,197.92,0.085
IMP-007465,"Sample Product 7465",Fittings,box,142.24,121.43,3.942
IMP-007466,"Sample Product 7466",Valves,pallet,152.80,62.89,1.360
IMP-007467,"Sample Product 7467",Tables,each,139.85,245.17,4.676
IMP-007468,"Sample Product 7468",Cookware,box,172.57,171.16,4.549
IMP-007469,"Sample Product 7469",Storage,pallet,90.83,55.21,0.578
IMP-007470,"Sample Product 7470",Bolts,each,17.95,122.00,2.422
IMP-007471,"Sample Product 7471",Nuts,box,46.06,118.59,1.266
IMP-007472,"Sample Product 7472",Washers,pallet,45.84,294.76,4.299
IMP-007473,"Sample Product 7473",Screws,each,85.53,174.52,0.928
IMP-007474,"Sample Product 7474",Hose,box,98.42,274.43,1.547
IMP-007475,"Sample Product 7475",Fittings,pallet,185.66,212.03,1.543
IMP-007476,"Sample Product 7476",Valves,each,337.00,221.53,4.652
IMP-007477,"Sample Product 7477",Tables,box,216.15,68.59,1.644
IMP-007478,"Sample Product 7478",Cookware,pallet,362.06,97.77,3.115
IMP-007479,"Sample Product 7479",Storage,each,355.09,189.77,1.045
IMP-007480,,Bolts,box,269.81,6.17,0.214
IMP-007481,"Sample Product 7481",Nuts,pallet,406.80,177.11,2.156
IMP-007482,"Sample Product 7482",Washers,each,115.22,32.04,1.610
IMP-007483,"Sample Product 7483",Screws,box,217.92,163.05,4.643
IMP-007484,"Sample Product 7484",Hose,pallet,362.99,197.94,0.847
IMP-007485,"Sample Product 7485",Fittings,each,412.19,21.41,4.050
IMP-007486,"Sample Product 7486",Valves,box,246.77,112.43,3.985
IMP-007487,"Sample Product 7487",Tables,pallet,146.34,73.98,1.207
IMP-007488,"Sample Product 7488",Cookware,each,106.49,74.03,0.784
IMP-007489,"Sample Product 7489",Storage,box,296.54,137.49,4.437
IMP-007490,"Sample Product 7490",Bolts,pallet,20.87,226.88,3.700
IMP-007491,"Sample Product 7491",Nuts,each,137.27,178.42,4.724
IMP-007492,"Sample Product 7492",Washers,box,225.52,251.87,4.839
IMP-007493,"Sample Product 7493",Screws,pallet,426.01,132.26,3.482
IMP-007494,"Sample Product 7494",Hose,each,85.93,85.50,0.178
IMP-007495,"Sample Product 7495",Fittings,box,463.73,200.96,3.357
IMP-007496,"Sample Product 7496",Valves,pallet,216.25,238.99,3.283
IMP-007497,"Sample Product 7497",Tables,each,39.24,196.20,2.027
IMP-007498,"Sample Product 7498",Cookware,box,240.91,293.41,3.712
IMP-007499,"Sample Product 7499",Storage,pallet,319.73,136.95,0.039
IMP-007500,"Sample Product 7500",Bolts,each,2.29,130.16,2.591
IMP-007501,"Sample Product 7501",Nuts,box,198.54,187.31,1.371
IMP-007502,"Sample Product 7502",Washers,pallet,244.10,15.20,0.165
IMP-007503,"Sample Product 7503",Screws,each,339.71,237.57,2.650
IMP-007504,"Sample Product 7504",Hose,box,152.48,89.70,2.737
IMP-007505,"Sample Product 7505",Fittings,pallet,145.29,186.51,2.125
IMP-007506,"Sample Product 7506",Valves,each,408.41,20.64,0.347
IMP-007507,"Sample Product 7507",Tables,box,410.02,288.26,2.895
IMP-007508,"Sample Product 7508",Cookware,pallet,434.33,107.93,3.567
IMP-007509,"Sample Product 7509",Storage,each,372.63,74.10,3.090
IMP-007510,"Sample Product 7510",Bolts,box,304.10,138.98,3.301
IMP-007511,"Sample Product 7511",Nuts,pallet,323.20,138.07,2.989
IMP-007512,"Sample Product 7512",Washers,each,236.48,6.16,2.059
IMP-007513,"Sample Product 7513",Screws,box,134.01,265.34,2.141
IMP-007514,"Sample Product 7514",Hose,pallet,144.98,159.62,2.545
IMP-007515,"Sample Product 7515",Fittings,each,94.46,217.59,2.759
IMP-007516,"Sample Product 7516",Valves,box,460.77,173.69,0.523
IMP-007517,"Sample Product 7517",Tables,pallet,437.85,176.95,0.894
IMP-007518,"Sample Product 7518",Cookware,each,119.26,177.56,4.923
IMP-007519,"Sample Product 7519",Storage,box,161.37,194.15,3.724
IMP-007520,,Bolts,pallet,372.06,178.89,0.914
IMP-007521,"Sample Product 7521",Nuts,each,169.96,225.43,1.008
IMP-007522,"Sample Product 7522",Washers,box,345.84,55.50,1.992
IMP-007523,"Sample Product 7523",Screws,pallet,497.62,99.41,1.197
IMP-007524,"Sample Product 7524",Hose,each,420.24,222.69,4.761
IMP-007525,"Sample Product 7525",Fittings,box,176.73,179.65,3.019
IMP-007526,"Sample Product 7526",Valves,pallet,486.81,32.65,1.868
IMP-007527,"Sample Product 7527",Tables,each,374.33,107.15,4.939
IMP-007528,"Sample Product 7528",Cookware,box,165.79,16.69,2.320
IMP-007529,"Sample Product 7529",Storage,pallet,380.00,212.21,4.151
IMP-007530,"Sample Product 7530",Bolts,each,184.02,236.48,4.358
IMP-007531,"Sample Product 7531",Nuts,box,272.91,112.20,1.992
IMP-007532,"Sample Product 7532",Washers,pallet,301.96,188.66,3.698
IMP-007533,"Sample Product 7533",Screws,each,33.36,153.83,2.841
IMP-007534,"Sample Product 7534",Hose,box,157.06,26.87,1.276
IMP-007535,"Sample Product 7535",Fittings,pallet,223.73,12.08,4.776
IMP-007536,"Sample Product 7536",Valves,each,375.09,30.20,1.533
IMP-007537,"Sample Product 7537",Tables,box,400.27,157.57,2.274
IMP-007538,"Sample Product 7538",Cookware,pallet,211.36,65.53,2.941
IMP-007539,"Sample Product 7539",Storage,each,53.34,47.15,2.970
IMP-007540,"Sample Product 7540",Bolts,box,363.84,43.37,4.722
IMP-007541,"Sample Product 7541",Nuts,pallet,185.22,151.80,2.709
IMP-007542,"Sample Product 7542",Washers,each,255.61,59.09,4.500
IMP-007543,"Sample Product 7543",Screws,box,494.98,287.53,4.514
IMP-007544,"Sample Product 7544",Hose,pallet,87.23,251.22,0.431
IMP-007545,"Sample Product 7545",Fittings,each,227.72,285.65,2.678
IMP-007546,"Sample Product 7546",Valves,box,252.45,109.34,1.917
IMP-007547,"Sample Product 7547",Tables,pallet,457.90,175.22,0.927
IMP-007548,"Sample Product 7548",Cookware,each,90.05,227.27,2.406
IMP-007549,"Sample Product 7549",Storage,box,111.37,115.83,4.899
IMP-007550,"Sample Product 7550",Bolts,pallet,65.33,160.67,0.969
IMP-007551,"Sample Product 7551",Nuts,each,210.60,280.31,1.217
IMP-007552,"Sample Product 7552",Washers,box,435.94,268.84,0.349
IMP-007553,"Sample Product 7553",Screws,pallet,219.92,4.70,2.941
IMP-007554,"Sample Product 7554",Hose,each,6.74,164.30,0.694
IMP-007555,"Sample Product 7555",Fittings,box,9.99,212.46,1.729
IMP-007556,"Sample Product 7556",Valves,pallet,431.26,186.92,0.604
IMP-007557,"Sample Product 7557",Tables,each,40.86,233.27,3.636
IMP-007558,"Sample Product 7558",Cookware,box,80.94,45.36,1.372
IMP-007559,"Sample Product 7559",Storage,pallet,196.22,299.57,0.701
IMP-007560,,Bolts,each,430.87,50.80,2.903
IMP-007561,"Sample Product 7561",Nuts,box,320.38,9.17,1.953
IMP-007562,"Sample Product 7562",Washers,pallet,113.48,283.94,2.499
IMP-007563,"Sample Product 7563",Screws,each,333.83,232.04,2.587
IMP-007564,"Sample Product 7564",Hose,box,463.16,265.43,0.092
IMP-007565,"Sample Product 7565",Fittings,pallet,451.75,109.01,2.268
IMP-007566,"Sample Product 7566",Valves,each,258.73,181.60,2.944
IMP-007567,"Sample Product 7567",Tables,box,163.06,295.54,4.610
IMP-007568,"Sample Product 7568",Cookware,pallet,407.07,78.96,0.487
IMP-007569,"Sample Product 7569",Storage,each,273.77,297.48,3.469
IMP-007570,"Sample Product 7570",Bolts,box,112.49,232.36,3.626
IMP-007571,"Sample Product 7571",Nuts,pallet,84.84,171.94,3.088
IMP-007572,"Sample Product 7572",Washers,each,197.38,103.16,4.031
IMP-007573,"Sample Product 7573",Screws,box,242.19,104.38,1.959
IMP-007574,"Sample Product 7574",Hose,pallet,341.74,203.50,3.015
IMP-007575,"Sample Product 7575",Fittings,each,64.23,149.31,1.135
IMP-007576,"Sample Product 7576",Valves,box,164.95,14.57,2.519
IMP-007577,"Sample Product 7577",Tables,pallet,245.71,141.56,1.182
IMP-007578,"Sample Product 7578",Cookware,each,280.89,137.11,4.811
IMP-007579,"Sample Product 7579",Storage,box,190.10,284.96,0.090
IMP-007580,"Sample Product 7580",Bolts,pallet,339.35,222.68,2.100
IMP-007581,"Sample Product 7581",Nuts,each,364.53,273.46,0.093
IMP-007582,"Sample Product 7582",Washers,box,4.06,207.75,3.064
IMP-007583,"Sample Product 7583",Screws,pallet,371.35,264.29,3.368
IMP-007584,"Sample Product 7584",Hose,each,482.70,23.50,0.292
IMP-007585,"Sample Product 7585",Fittings,box,13.33,169.74,1.541
IMP-007586,"Sample Product 7586",Valves,pallet,427.93,219.78,2.987
IMP-007587,"Sample Product 7587",Tables,each,460.58,31.31,4.083
IMP-007588,"Sample Product 7588",Cookware,box,13.03,194.45,1.234
IMP-007589,"Sample Product 7589",Storage,pallet,247.55,201.15,1.243
IMP-007590,"Sample Product 7590",Bolts,each,188.04,195.60,1.896
IMP-007591,"Sample Product 7591",Nuts,box,149.83,35.99,3.481
IMP-007592,"Sample Product 7592",Washers,pallet,424.71,286.16,2.700
IMP-007593,"Sample Product 7593",Screws,each,473.47,36.95,1.438
IMP-007594,"Sample Product 7594",Hose,box,459.45,181.27,4.508
IMP-007595,"Sample Product 7595",Fittings,pallet,56.07,240.18,0.135
IMP-007596,"Sample Product 7596",Valves,each,362.38,140.54,2.873
IMP-007597,"Sample Product 7597",Tables,box,253.42,124.15,2.430
IMP-007598,"Sample Product 7598",Cookware,pallet,28.25,214.89,0.615
IMP-007599,"Sample Product 7599",Storage,each,97.08,144.11,0.773
IMP-007600,,Bolts,box,499.84,12.20,2.855
IMP-007601,"Sample Product 7601",Nuts,pallet,256.38,56.26,1.522
IMP-007602,"Sample Product 7602",Washers,each,291.41,92.91,3.474
IMP-007603,"Sample Product 7603",Screws,box,73.85,176.33,1.158
IMP-007604,"Sample Product 7604",Hose,pallet,47.93,103.46,4.468
IMP-007605,"Sample Product 7605",Fittings,each,22.11,234.44,0.275
IMP-007606,"Sample Product 7606",Valves,box,417.47,246.80,2.399
IMP-007607,"Sample Product 7607",Tables,pallet,69.62,263.21,0.298
IMP-007608,"Sample Product 7608",Cookware,each,345.99,97.85,4.153
IMP-007609,"Sample Product 7609",Storage,box,430.40,146.51,2.089
IMP-007610,"Sample Product 7610",Bolts,pallet,405.35,122.24,2.284
IMP-007611,"Sample Product 7611",Nuts,each,215.50,189.78,2.326
IMP-007612,"Sample Product 7612",Washers,box,278.00,75.74,0.463
IMP-007613,"Sample Product 7613",Screws,pallet,346.48,122.25,1.021
IMP-007614,"Sample Product 7614",Hose,each,44.16,59.75,4.965
IMP-007615,"Sample Product 7615",Fittings,box,191.30,284.98,0.048
IMP-007616,"Sample Product 7616",Valves,pallet,55.02,81.73,4.460
IMP-007617,"Sample Product 7617",Tables,each,379.44,87.99,3.913
IMP-007618,"Sample Product 7618",Cookware,box,361.12,104.54,0.028
IMP-007619,"Sample Product 7619",Storage,pallet,452.99,271.53,0.479
IMP-007620,"Sample Product 7620",Bolts,each,477.86,41.53,3.709
IMP-007621,"Sample Product 7621",Nuts,box,281.11,162.25,1.599
IMP-007622,"Sample Product 7622",Washers,pallet,486.00,26.58,0.308
IMP-007623,"Sample Product 7623",Screws,each,453.07,250.96,3.212
IMP-007624,"Sample Product 7624",Hose,box,51.70,178.79,0.640
IMP-007625,"Sample Product 7625",Fittings,pallet,259.54,246.62,0.975
IMP-007626,"Sample Product 7626",Valves,each,384.98,235.08,0.352
IMP-007627,"Sample Product 7627",Tables,box,389.01,288.67,0.911
IMP-007628,"Sample Product 7628",Cookware,pallet,122.55,61.33,1.824
IMP-007629,"Sample Product 7629",Storage,each,58.67,158.95,3.742
IMP-007630,"Sample Product 7630",Bolts,box,358.68,9.36,0.192
IMP-007631,"Sample Product 7631",Nuts,pallet,48.01,90.39,0.261
IMP-007632,"Sample Product 7632",Washers,each,113.65,191.12,0.909
IMP-007633,"Sample Product 7633",Screws,box,359.68,215.00,0.082
IMP-007634,"Sample Product 7634",Hose,pallet,177.46,172.98,1.748
IMP-007635,"Sample Product 7635",Fittings,each,29.60,58.70,1.242
IMP-007636,"Sample Product 7636",Valves,box,187.52,165.39,3.935
IMP-007637,"Sample Product 7637",Tables,pallet,203.42,67.58,3.036
IMP-007638,"Sample Product 7638",Cookware,each,296.62,180.59,3.439
IMP-007639,"Sample Product 7639",Storage,box,80.06,64.03,3.755
IMP-007640,,Bolts,pallet,232.75,265.03,4.088
IMP-007641,"Sample Product 7641",Nuts,each,240.06,69.52,3.472
IMP-007642,"Sample Product 7642",Washers,box,99.15,80.77,2.667
IMP-007643,"Sample Product 7643",Screws,pallet,100.51,153.35,3.984
IMP-007644,"Sample Product 7644",Hose,each,296.89,59.30,3.589
IMP-007645,"Sample Product 7645",Fittings,box,128.62,92.53,4.315
IMP-007646,"Sample Product 7646",Valves,pallet,48.97,137.61,1.387
IMP-007647,"Sample Product 7647",Tables,each,384.91,272.10,4.784
IMP-007648,"Sample Product 7648",Cookware,box,80.43,147.23,1.575
IMP-007649,"Sample Product 7649",Storage,pallet,80.32,118.70,3.727
IMP-007650,"Sample Product 7650",Bolts,each,306.18,213.79,1.024
IMP-007651,"Sample Product 7651",Nuts,box,118.78,173.07,1.379
IMP-007652,"Sample Product 7652",Washers,pallet,384.95,129.86,4.883
IMP-007653,"Sample Product 7653",Screws,each,428.13,32.79,0.639
IMP-007654,"Sample Product 7654",Hose,box,60.93,177.70,3.478
IMP-007655,"Sample Product 7655",Fittings,pallet,351.65,57.44,0.661
IMP-007656,"Sample Product 7656",Valves,each,323.70,123.71,2.812
IMP-007657,"Sample Product 7657",Tables,box,117.40,228.40,1.981
IMP-007658,"Sample Product 7658",Cookware,pallet,327.66,83.74,1.505
IMP-007659,"Sample Product 7659",Storage,each,313.65,217.18,4.887
IMP-007660,"Sample Product 7660",Bolts,box,16.74,162.25,3.515
IMP-007661,"Sample Product 7661",Nuts,pallet,267.83,81.17,1.706
IMP-007662,"Sample Product 7662",Washers,each,430.19,6.54,2.413
IMP-007663,"Sample Product 7663",Screws,box,272.27,151.09,4.753
IMP-007664,"Sample Product 7664",Hose,pallet,417.93,200.09,1.200
IMP-007665,"Sample Product 7665",Fittings,each,140.16,27.66,1.451
IMP-007666,"Sample Product 7666",Valves,box,247.87,142.39,4.907
IMP-007667,"Sample Product 7667",Tables,pallet,120.13,58.29,0.532
IMP-007668,"Sample Product 7668",Cookware,each,261.77,103.02,4.692
IMP-007669,"Sample Product 7669",Storage,box,383.28,293.94,2.964
IMP-007670,"Sample Product 7670",Bolts,pallet,408.35,24.38,1.322
IMP-007671,"Sample Product 7671",Nuts,each,18.40,24.52,4.153
IMP-007672,"Sample Product 7672",Washers,box,177.68,141.11,4.818
IMP-007673,"Sample Product 7673",Screws,pallet,362.59,230.49,0.056
IMP-007674,"Sample Product 7674",Hose,each,365.10,145.48,2.294
IMP-007675,"Sample Product 7675",Fittings,box,379.36,226.05,1.712
IMP-007676,"Sample Product 7676",Valves,pallet,18.32,35.96,2.237
IMP-007677,"Sample Product 7677",Tables,each,207.57,139.81,3.805
IMP-007678,"Sample Product 7678",Cookware,box,35.07,45.24,4.478
IMP-007679,"Sample Product 7679",Storage,pallet,398.84,152.85,2.414
IMP-007680,,Bolts,each,235.24,256.43,0.599
IMP-007681,"Sample Product 7681",Nuts,box,93.00,220.25,4.263
IMP-007682,"Sample Product 7682",Washers,pallet,351.68,154.21,0.741
IMP-007683,"Sample Product 7683",Screws,each,276.74,223.35,1.800
IMP-007684,"Sample Product 7684",Hose,box,385.12,157.64,0.654
IMP-007685,"Sample Product 7685",Fittings,pallet,457.14,276.36,0.554
IMP-007686,"Sample Product 7686",Valves,each,7.51,156.85,2.700
IMP-007687,"Sample Product 7687",Tables,box,277.95,16.68,0.199
IMP-007688,"Sample Product 7688",Cookware,pallet,326.34,153.52,0.621
IMP-007689,"Sample Product 7689",Storage,each,369.06,228.12,4.292
IMP-007690,"Sample Product 7690",Bolts,box,22.58,99.45,4.954
IMP-007691,"Sample Product 7691",Nuts,pallet,7.98,170.84,3.182
IMP-007692,"Sample Product 7692",Washers,each,186.51,28.93,1.121
IMP-007693,"Sample Product 7693",Screws,box,211.14,205.21,2.908
IMP-007694,"Sample Product 7694",Hose,pallet,202.64,204.15,0.432
IMP-007695,"Sample Product 7695",Fittings,each,476.56,82.61,0.872
IMP-007696,"Sample Product 7696",Valves,box,429.25,179.20,3.269
IMP-007697,"Sample Product 7697",Tables,pallet,102.74,260.39,0.635
IMP-007698,"Sample Product 7698",Cookware,each,415.44,87.48,4.849
IMP-007699,"Sample Product 7699",Storage,box,475.62,160.23,2.652
IMP-007700,"Sample Product 7700",Bolts,pallet,145.34,114.24,3.004
IMP-007701,"Sample Product 7701",Nuts,each,411.44,155.76,2.938
IMP-007702,"Sample Product 7702",Washers,box,51.52,113.66,4.840
IMP-007703,"Sample Product 7703",Screws,pallet,42.05,24.42,3.718
IMP-007704,"Sample Product 7704",Hose,each,320.14,47.12,4.215
IMP-007705,"Sample Product 7705",Fittings,box,461.33,275.29,2.203
IMP-007706,"Sample Product 7706",Valves,pallet,196.51,193.12,0.035
IMP-007707,"Sample Product 7707",Tables,each,115.09,106.30,4.848
IMP-007708,"Sample Product 7708",Cookware,box,318.90,293.33,3.043
IMP-007709,"Sample Product 7709",Storage,pallet,292.14,4.55,2.613
IMP-007710,"Sample Product 7710",Bolts,each,283.51,195.18,2.429
IMP-007711,"Sample Product 7711",Nuts,box,20.04,282.95,2.206
IMP-007712,"Sample Product 7712",Washers,pallet,132.30,121.05,1.780
IMP-007713,"Sample Product 7713",Screws,each,74.93,268.27,4.736
IMP-007714,"Sample Product 7714",Hose,box,227.47,29.21,4.935
IMP-007715,"Sample Product 7715",Fittings,pallet,191.58,70.23,3.146
IMP-007716,"Sample Product 7716",Valves,each,136.63,64.10,1.733
IMP-007717,"Sample Product 7717",Tables,box,474.10,292.80,2.007
IMP-007718,"Sample Product 7718",Cookware,pallet,486.24,100.02,4.733
IMP-007719,"Sample Product 7719",Storage,each,139.76,275.93,2.603
IMP-007720,,Bolts,box,39.42,150.81,3.326
IMP-007721,"Sample Product 7721",Nuts,pallet,20.62,99.25,3.556
IMP-007722,"Sample Product 7722",Washers,each,493.09,249.45,3.311
IMP-007723,"Sample Product 7723",Screws,box,59.81,206.65,2.327
IMP-007724,"Sample Product 7724",Hose,pallet,244.86,38.24,4.133
IMP-007725,"Sample Product 7725",Fittings,each,402.49,48.84,0.269
IMP-007726,"Sample Product 7726",Valves,box,404.94,229.85,0.318
IMP-007727,"Sample Product 7727",Tables,pallet,447.27,227.34,1.237
IMP-007728,"Sample Product 7728",Cookware,each,288.15,85.72,0.476
IMP-007729,"Sample Product 7729",Storage,box,352.67,268.78,3.132
IMP-007730,"Sample Product 7730",Bolts,pallet,465.34,18.94,3.445
IMP-007731,"Sample Product 7731",Nuts,each,288.37,217.79,3.236
IMP-007732,"Sample Product 7732",Washers,box,447.78,190.11,2.706
IMP-007733,"Sample Product 7733",Screws,pallet,101.34,3.89,2.540
IMP-007734,"Sample Product 7734",Hose,each,75.15,161.81,0.240
IMP-007735,"Sample Product 7735",Fittings,box,206.05,215.11,4.984
IMP-007736,"Sample Product 7736",Valves,pallet,410.10,220.83,3.976
IMP-007737,"Sample Product 7737",Tables,each,136.15,134.70,0.377
IMP-007738,"Sample Product 7738",Cookware,box,14.82,206.01,2.878
IMP-007739,"Sample Product 7739",Storage,pallet,479.94,280.50,0.281
IMP-007740,"Sample Product 7740",Bolts,each,387.36,171.66,2.823
IMP-007741,"Sample Product 7741",Nuts,box,6.68,250.31,4.585
IMP-007742,"Sample Product 7742",Washers,pallet,188.29,176.53,4.692
IMP-007743,"Sample Product 7743",Screws,each,373.84,121.96,4.830
IMP-007744,"Sample Product 7744",Hose,box,396.03,182.92,0.091
IMP-007745,"Sample Product 7745",Fittings,pallet,443.10,53.82,1.410
IMP-007746,"Sample Product 7746",Valves,each,440.85,95.97,3.192
IMP-007747,"Sample Product 7747",Tables,box,141.73,75.57,3.118
IMP-007748,"Sample Product 7748",Cookware,pallet,218.64,279.70,1.808
IMP-007749,"Sample Product 7749",Storage,each,223.51,200.14,3.568
IMP-007750,"Sample Product 7750",Bolts,box,49.83,84.59,3.444
IMP-007751,"Sample Product 7751",Nuts,pallet,109.69,14.52,0.564
IMP-007752,"Sample Product 7752",Washers,each,281.86,20.78,3.437
IMP-007753,"Sample Product 7753",Screws,box,234.70,85.68,2.542
IMP-007754,"Sample Product 7754",Hose,pallet,144.11,65.65,0.928
IMP-007755,"Sample Product 7755",Fittings,each,452.56,48.17,4.563
IMP-007756,"Sample Product 7756",Valves,box,449.36,75.11,0.436
IMP-007757,"Sample Product 7757",Tables,pallet,158.20,189.55,2.318
IMP-007758,"Sample Product 7758",Cookware,each,124.85,137.82,1.249
IMP-007759,"Sample Product 7759",Storage,box,197.69,2.96,3.804
IMP-007760,,Bolts,pallet,320.21,280.88,1.233
IMP-007761,"Sample Product 7761",Nuts,each,16.43,291.29,0.444
IMP-007762,"Sample Product 7762",Washers,box,303.10,228.29,1.559
IMP-007763,"Sample Product 7763",Screws,pallet,112.90,155.91,3.369
IMP-007764,"Sample Product 7764",Hose,each,180.76,215.61,3.858
IMP-007765,"Sample Product 7765",Fittings,box,127.79,5.32,3.661
IMP-007766,"Sample Product 7766",Valves,pallet,27.66,113.18,2.996
IMP-007767,"Sample Product 7767",Tables,each,389.33,215.85,0.581
IMP-007768,"Sample Product 7768",Cookware,box,184.41,30.94,2.234
IMP-007769,"Sample Product 7769",Storage,pallet,473.86,121.77,3.590
IMP-007770,"Sample Product 7770",Bolts,each,198.48,57.59,4.856
IMP-007771,"Sample Product 7771",Nuts,box,292.79,236.22,3.053
IMP-007772,"Sample Product 7772",Washers,pallet,124.59,60.89,4.661
IMP-007773,"Sample Product 7773",Screws,each,127.14,175.29,2.494
IMP-007774,"Sample Product 7774",Hose,box,298.59,2.26,2.549
IMP-007775,"Sample Product 7775",Fittings,pallet,96.27,122.15,2.478
IMP-007776,"Sample Product 7776",Valves,each,240.66,24.56,3.382
IMP-007777,"Sample Product 7777",Tables,box,408.72,291.69,0.298
IMP-007778,"Sample Product 7778",Cookware,pallet,64.01,82.32,0.133
IMP-007779,"Sample Product 7779",Storage,each,154.09,212.53,2.403
IMP-007780,"Sample Product 7780",Bolts,box,317.74,50.85,2.622
IMP-007781,"Sample Product 7781",Nuts,pallet,445.37,46.16,2.596
IMP-007782,"Sample Product 7782",Washers,each,447.13,7.92,4.993
IMP-007783,"Sample Product 7783",Screws,box,17.30,41.78,2.091
IMP-007784,"Sample Product 7784",Hose,pallet,159.21,94.74,3.505
IMP-007785,"Sample Product 7785",Fittings,each,239.00,94.46,3.403
IMP-007786,"Sample Product 7786",Valves,box,118.61,24.26,0.769
IMP-007787,"Sample Product 7787",Tables,pallet,304.67,118.04,4.177
IMP-007788,"Sample Product 7788",Cookware,each,74.86,216.49,0.752
IMP-007789,"Sample Product 7789",Storage,box,174.21,55.62,1.205
IMP-007790,"Sample Product 7790",Bolts,pallet,15.53,60.11,2.648
IMP-007791,"Sample Product 7791",Nuts,each,486.09,297.00,2.453
IMP-007792,"Sample Product 7792",Washers,box,103.76,288.73,1.967
IMP-007793,"Sample Product 7793",Screws,pallet,285.46,47.47,4.924
IMP-007794,"Sample Product 7794",Hose,each,411.33,124.32,3.057
IMP-007795,"Sample Product 7795",Fittings,box,421.99,1.15,2.874
IMP-007796,"Sample Product 7796",Valves,pallet,137.24,122.90,2.784
IMP-007797,"Sample Product 7797",Tables,each,14.96,171.29,0.539
IMP-007798,"Sample Product 7798",Cookware,box,276.83,200.89,4.882
IMP-007799,"Sample Product 7799",Storage,pallet,136.05,173.74,0.067
IMP-007800,,Bolts,each,79.90,12.48,4.359
IMP-007801,"Sample Product 7801",Nuts,box,229.30,286.16,2.080
IMP-007802,"Sample Product 7802",Washers,pallet,138.06,66.23,4.324
IMP-007803,"Sample Product 7803",Screws,each,168.75,222.74,2.185
IMP-007804,"Sample Product 7804",Hose,box,439.75,265.98,3.955
IMP-007805,"Sample Product 7805",Fittings,pallet,133.71,59.71,1.139
IMP-007806,"Sample Product 7806",Valves,each,261.30,177.57,1.101
IMP-007807,"Sample Product 7807",Tables,box,36.80,99.73,4.500
IMP-007808,"Sample Product 7808",Cookware,pallet,113.30,172.67,1.778
IMP-007809,"Sample Product 7809",Storage,each,151.79,170.66,4.005
IMP-007810,"Sample Product 7810",Bolts,box,61.82,135.54,0.680
IMP-007811,"Sample Product 7811",Nuts,pallet,29.07,70.92,0.617
IMP-007812,"Sample Product 7812",Washers,each,449.12,108.46,0.914
IMP-007813,"Sample Product 7813",Screws,box,150.08,210.08,3.997
IMP-007814,"Sample Product 7814",Hose,pallet,345.89,25.71,1.386
IMP-007815,"Sample Product 7815",Fittings,each,101.42,169.15,1.275
IMP-007816,"Sample Product 7816",Valves,box,182.40,14.05,0.409
IMP-007817,"Sample Product 7817",Tables,pallet,452.94,193.03,4.829
IMP-007818,"Sample Product 7818",Cookware,each,359.65,235.05,1.152
IMP-007819,"Sample Product 7819",Storage,box,372.81,175.84,0.443
IMP-007820,"Sample Product 7820",Bolts,pallet,192.12,212.57,3.772
IMP-007821,"Sample Product 7821",Nuts,each,148.09,256.66,1.620
IMP-007822,"Sample Product 7822",Washers,box,80.60,188.55,2.219
IMP-007823,"Sample Product 7823",Screws,pallet,31.20,50.43,0.397
IMP-007824,"Sample Product 7824",Hose,each,458.69,127.78,1.660
IMP-007825,"Sample Product 7825",Fittings,box,210.58,120.59,2.859
IMP-007826,"Sample Product 7826",Valves,pallet,183.42,271.67,0.990
IMP-007827,"Sample Product 7827",Tables,each,464.95,114.25,1.600
IMP-007828,"Sample Product 7828",Cookware,box,55.99,5.14,4.311
IMP-007829,"Sample Product 7829",Storage,pallet,108.17,12.61,4.240
IMP-007830,"Sample Product 7830",Bolts,each,150.41,199.71,1.313
IMP-007831,"Sample Product 7831",Nuts,box,32.00,260.89,4.682
IMP-007832,"Sample Product 7832",Washers,pallet,269.82,185.21,1.109
IMP-007833,"Sample Product 7833",Screws,each,167.84,225.92,4.836
IMP-007834,"Sample Product 7834",Hose,box,307.34,50.33,2.634
IMP-007835,"Sample Product 7835",Fittings,pallet,261.00,273.56,0.509
IMP-007836,"Sample Product 7836",Valves,each,316.34,151.49,0.517
IMP-007837,"Sample Product 7837",Tables,box,77.47,284.81,2.074
IMP-007838,"Sample Product 7838",Cookware,pallet,243.84,121.29,4.526
IMP-007839,"Sample Product 7839",Storage,each,302.81,182.62,4.280
IMP-007840,,Bolts,box,2.67,298.98,3.753
IMP-007841,"Sample Product 7841",Nuts,pallet,117.59,95.64,2.404
IMP-007842,"Sample Product 7842",Washers,each,441.68,30.44,0.436
IMP-007843,"Sample Product 7843",Screws,box,287.77,30.43,0.713
IMP-007844,"Sample Product 7844",Hose,pallet,148.37,235.95,0.599
IMP-007845,"Sample Product 7845",Fittings,each,332.68,289.49,4.165
IMP-007846,"Sample Product 7846",Valves,box,423.74,71.92,0.618
IMP-007847,"Sample Product 7847",Tables,pallet,107.16,63.92,4.399
IMP-007848,"Sample Product 7848",Cookware,each,133.56,53.03,3.925
IMP-007849,"Sample Product 7849",Storage,box,225.82,60.55,1.838
IMP-007850,"Sample Product 7850",Bolts,pallet,466.87,136.87,0.019
IMP-007851,"Sample Product 7851",Nuts,each,490.49,90.25,4.204
IMP-007852,"Sample Product 7852",Washers,box,160.35,217.07,1.905
IMP-007853,"Sample Product 7853",Screws,pallet,283.12,22.95,4.621
IMP-007854,"Sample Product 7854",Hose,each,434.50,22.35,1.559
IMP-007855,"Sample Product 7855",Fittings,box,426.74,202.36,3.424
IMP-007856,"Sample Product 7856",Valves,pallet,393.86,289.27,0.036
IMP-007857,"Sample Product 7857",Tables,each,369.62,287.84,4.218
IMP-007858,"Sample Product 7858",Cookware,box,249.81,107.53,4.733
IMP-007859,"Sample Product 7859",Storage,pallet,187.75,21.76,0.100
IMP-007860,"Sample Product 7860",Bolts,each,354.13,7.58,1.698
IMP-007861,"Sample Product 7861",Nuts,box,24.54,262.70,2.691
IMP-007862,"Sample Product 7862",Washers,pallet,117.63,207.10,0.886
IMP-007863,"Sample Product 7863",Screws,each,272.82,176.55,2.170
IMP-007864,"Sample Product 7864",Hose,box,366.41,123.49,3.919
IMP-007865,"Sample Product 7865",Fittings,pallet,198.83,107.82,2.522
IMP-007866,"Sample Product 7866",Valves,each,290.82,135.79,1.240
IMP-007867,"Sample Product 7867",Tables,box,293.04,62.93,0.755
IMP-007868,"Sample Product 7868",Cookware,pallet,68.19,237.82,3.518
IMP-007869,"Sample Product 7869",Storage,each,488.67,202.47,4.862
IMP-007870,"Sample Product 7870",Bolts,box,63.45,3.07,4.293
IMP-007871,"Sample Product 7871",Nuts,pallet,117.71,115.54,0.064
IMP-007872,"Sample Product 7872",Washers,each,307.76,283.71,3.267
IMP-007873,"Sample Product 7873",Screws,box,491.95,97.79,2.778
IMP-007874,"Sample Product 7874",Hose,pallet,279.49,280.43,1.694
IMP-007875,"Sample Product 7875",Fittings,each,2.36,93.39,1.202
IMP-007876,"Sample Product 7876",Valves,box,70.60,120.45,3.054
IMP-007877,"Sample Product 7877",Tables,pallet,420.62,238.54,2.075
IMP-007878,"Sample Product 7878",Cookware,each,389.99,11.92,4.396
IMP-007879,"Sample Product 7879",Storage,box,274.76,175.98,2.840
IMP-007880,,Bolts,pallet,421.52,249.77,0.106
IMP-007881,"Sample Product 7881",Nuts,each,326.23,150.20,3.052
IMP-007882,"Sample Product 7882",Washers,box,157.02,92.92,4.240
IMP-007883,"Sample Product 7883",Screws,pallet,57.90,93.12,1.611
IMP-007884,"Sample Product 7884",Hose,each,475.68,32.66,3.362
IMP-007885,"Sample Product 7885",Fittings,box,57.99,65.16,1.942
IMP-007886,"Sample Product 7886",Valves,pallet,97.41,156.04,2.779
IMP-007887,"Sample Product 7887",Tables,each,146.32,228.37,0.601
IMP-007888,"Sample Product 7888",Cookware,box,241.97,217.96,2.527
IMP-007889,"Sample Product 7889",Storage,pallet,342.50,66.96,1.684
IMP-007890,"Sample Product 7890",Bolts,each,245.86,41.25,3.150
IMP-007891,"Sample Product 7891",Nuts,box,484.16,101.54,0.654
IMP-007892,"Sample Product 7892",Washers,pallet,252.41,17.60,3.242
IMP-007893,"Sample Product 7893",Screws,each,490.81,190.83,3.312
IMP-007894,"Sample Product 7894",Hose,box,355.98,98.91,4.266
IMP-007895,"Sample Product 7895",Fittings,pallet,223.22,28.55,1.382
IMP-007896,"Sample Product 7896",Valves,each,65.14,178.56,2.475
IMP-007897,"Sample Product 7897",Tables,box,450.02,238.84,1.795
IMP-007898,"Sample Product 7898",Cookware,pallet,238.38,295.63,4.832
IMP-007899,"Sample Product 7899",Storage,each,261.49,214.22,2.702
IMP-007900,"Sample Product 7900",Bolts,box,467.20,183.77,1.568
IMP-007901,"Sample Product 7901",Nuts,pallet,39.08,215.76,2.354
IMP-007902,"Sample Product 7902",Washers,each,376.34,214.07,0.250
IMP-007903,"Sample Product 7903",Screws,box,332.44,263.67,2.671
IMP-007904,"Sample Product 7904",Hose,pallet,30.12,243.31,2.464
IMP-007905,"Sample Product 7905",Fittings,each,95.37,276.50,1.339
IMP-007906,"Sample Product 7906",Valves,box,126.86,97.23,3.178
IMP-007907,"Sample Product 7907",Tables,pallet,472.40,107.79,4.016
IMP-007908,"Sample Product 7908",Cookware,each,312.58,153.05,2.587
IMP-007909,"Sample Product 7909",Storage,box,228.07,173.46,2.396
IMP-007910,"Sample Product 7910",Bolts,pallet,259.76,160.94,3.353
IMP-007911,"Sample Product 7911",Nuts,each,220.33,13.28,4.748
IMP-007912,"Sample Product 7912",Washers,box,82.75,219.62,2.564
IMP-007913,"Sample Product 7913",Screws,pallet,194.54,63.17,3.546
IMP-007914,"Sample Product 7914",Hose,each,496.67,294.66,1.211
IMP-007915,"Sample Product 7915",Fittings,box,421.14,13.53,0.258
IMP-007916,"Sample Product 7916",Valves,pallet,289.81,212.50,1.525
IMP-007917,"Sample Product 7917",Tables,each,232.88,67.26,1.007
IMP-007918,"Sample Product 7918",Cookware,box,210.77,191.80,4.371
IMP-007919,"Sample Product 7919",Storage,pallet,102.72,259.08,1.459
IMP-007920,,Bolts,each,491.63,160.65,3.457
IMP-007921,"Sample Product 7921",Nuts,box,424.20,47.16,4.110
IMP-007922,"Sample Product 7922",Washers,pallet,272.88,255.02,4.071
IMP-007923,"Sample Product 7923",Screws,each,411.61,296.83,0.251
IMP-007924,"Sample Product 7924",Hose,box,374.25,199.67,2.854
IMP-007925,"Sample Product 7925",Fittings,pallet,221.83,243.52,4.449
IMP-007926,"Sample Product 7926",Valves,each,487.41,282.00,4.931
IMP-007927,"Sample Product 7927",Tables,box,190.54,238.46,0.981
IMP-007928,"Sample Product 7928",Cookware,pallet,34.64,0.20,3.006
IMP-007929,"Sample Product 7929",Storage,each,394.01,204.54,1.448
IMP-007930,"Sample Product 7930",Bolts,box,109.79,116.64,1.440
IMP-007931,"Sample Product 7931",Nuts,pallet,472.10,42.47,2.943
IMP-007932,"Sample Product 7932",Washers,each,258.12,77.82,0.447
IMP-007933,"Sample Product 7933",Screws,box,182.40,78.03,0.958
IMP-007934,"Sample Product 7934",Hose,pallet,362.46,155.25,1.338
IMP-007935,"Sample Product 7935",Fittings,each,168.56,229.42,3.884
IMP-007936,"Sample Product 7936",Valves,box,435.99,106.37,3.906
IMP-007937,"Sample Product 7937",Tables,pallet,247.78,126.34,2.982
IMP-007938,"Sample Product 7938",Cookware,each,332.86,142.05,2.264
IMP-007939,"Sample Product 7939",Storage,box,223.80,35.43,4.264
IMP-007940,"Sample Product 7940",Bolts,pallet,418.26,146.26,2.722
IMP-007941,"Sample Product 7941",Nuts,each,412.16,48.00,0.544
IMP-007942,"Sample Product 7942",Washers,box,142.00,9.01,3.219
IMP-007943,"Sample Product 7943",Screws,pallet,28.95,123.80,4.251
IMP-007944,"Sample Product 7944",Hose,each,496.89,97.30,1.110
IMP-007945,"Sample Product 7945",Fittings,box,254.43,254.99,1.553
IMP-007946,"Sample Product 7946",Valves,pallet,487.41,42.46,2.343
IMP-007947,"Sample Product 7947",Tables,each,274.44,225.28,4.562
IMP-007948,"Sample Product 7948",Cookware,box,328.85,131.89,2.317
IMP-007949,"Sample Product 7949",Storage,pallet,403.53,237.28,0.939
IMP-007950,"Sample Product 7950",Bolts,each,344.82,53.34,1.239
IMP-007951,"Sample Product 7951",Nuts,box,226.14,276.28,3.144
IMP-007952,"Sample Product 7952",Washers,pallet,314.67,253.43,3.031
IMP-007953,"Sample Product 7953",Screws,each,298.77,132.57,2.599
IMP-007954,"Sample Product 7954",Hose,box,177.13,123.91,3.234
IMP-007955,"Sample Product 7955",Fittings,pallet,322.28,106.42,1.175
IMP-007956,"Sample Product 7956",Valves,each,71.12,70.08,4.259
IMP-007957,"Sample Product 7957",Tables,box,464.29,5.91,3.543
IMP-007958,"Sample Product 7958",Cookware,pallet,32.38,61.51,0.243
IMP-007959,"Sample Product 7959",Storage,each,210.94,64.62,3.479
IMP-007960,,Bolts,box,323.12,221.24,1.146
IMP-007961,"Sample Product 7961",Nuts,pallet,245.76,29.45,2.254
IMP-007962,"Sample Product 7962",Washers,each,163.39,246.91,3.557
IMP-007963,"Sample Product 7963",Screws,box,396.33,277.69,2.860
IMP-007964,"Sample Product 7964",Hose,pallet,204.77,93.49,4.607
IMP-007965,"Sample Product 7965",Fittings,each,394.24,129.20,4.845
IMP-007966,"Sample Product 7966",Valves,box,343.17,255.94,3.631
IMP-007967,"Sample Product 7967",Tables,pallet,210.29,63.90,2.018
IMP-007968,"Sample Product 7968",Cookware,each,492.37,295.42,3.060
IMP-007969,"Sample Product 7969",Storage,box,316.24,19.07,1.446
IMP-007970,"Sample Product 7970",Bolts,pallet,364.04,73.16,2.608
IMP-007971,"Sample Product 7971",Nuts,each,196.79,99.99,0.258
IMP-007972,"Sample Product 7972",Washers,box,230.47,136.41,3.582
IMP-007973,"Sample Product 7973",Screws,pallet,27.53,286.56,3.432
IMP-007974,"Sample Product 7974",Hose,each,110.50,169.83,0.775
IMP-007975,"Sample Product 7975",Fittings,box,79.71,170.51,3.482
IMP-007976,"Sample Product 7976",Valves,pallet,39.28,107.42,0.031
IMP-007977,"Sample Product 7977",Tables,each,236.78,211.43,4.500
IMP-007978,"Sample Product 7978",Cookware,box,239.13,273.29,2.554
IMP-007979,"Sample Product 7979",Storage,pallet,52.87,264.59,1.965
IMP-007980,"Sample Product 7980",Bolts,each,491.01,7.18,4.802
IMP-007981,"Sample Product 7981",Nuts,box,269.96,125.42,4.111
IMP-007982,"Sample Product 7982",Washers,pallet,496.07,132.51,2.970
IMP-007983,"Sample Product 7983",Screws,each,18.09,36.26,4.923
IMP-007984,"Sample Product 7984",Hose,box,128.20,11.71,1.304
IMP-007985,"Sample Product 7985",Fittings,pallet,310.84,286.28,4.763
IMP-007986,"Sample Product 7986",Valves,each,400.90,181.63,4.463
IMP-007987,"Sample Product 7987",Tables,box,445.13,238.97,0.521
IMP-007988,"Sample Product 7988",Cookware,pallet,458.44,17.81,3.346
IMP-007989,"Sample Product 7989",Storage,each,352.60,240.73,3.350
IMP-007990,"Sample Product 7990",Bolts,box,376.47,168.94,2.762
IMP-007991,"Sample Product 7991",Nuts,pallet,25.04,178.28,4.557
IMP-007992,"Sample Product 7992",Washers,each,304.47,208.03,0.241
IMP-007993,"Sample Product 7993",Screws,box,499.14,190.29,0.790
IMP-007994,"Sample Product 7994",Hose,pallet,59.33,190.15,0.253
IMP-007995,"Sample Product 7995",Fittings,each,396.31,119.40,3.105
IMP-007996,"Sample Product 7996",Valves,box,467.24,192.82,0.589
IMP-007997,"Sample Product 7997",Tables,pallet,204.25,30.25,4.153
IMP-007998,"Sample Product 7998",Cookware,each,288.17,24.97,3.499
IMP-007999,"Sample Product 7999",Storage,box,385.40,141.47,1.427
IMP-008000,,Bolts,pallet,166.71,163.58,4.840
IMP-008001,"Sample Product 8001",Nuts,each,289.72,132.88,3.536
IMP-008002,"Sample Product 8002",Washers,box,241.23,235.71,4.510
IMP-008003,"Sample Product 8003",Screws,pallet,392.49,241.01,4.384
IMP-008004,"Sample Product 8004",Hose,each,257.59,26.86,3.719
IMP-008005,"Sample Product 8005",Fittings,box,19.95,254.26,2.470
IMP-008006,"Sample Product 8006",Valves,pallet,379.43,99.25,3.146
IMP-008007,"Sample Product 8007",Tables,each,92.89,270.62,3.972
IMP-008008,"Sample Product 8008",Cookware,box,415.91,244.18,4.952
IMP-008009,"Sample Product 8009",Storage,pallet,92.59,25.02,4.810
IMP-008010,"Sample Product 8010",Bolts,each,31.65,105.63,4.938
IMP-008011,"Sample Product 8011",Nuts,box,155.24,45.72,4.586
IMP-008012,"Sample Product 8012",Washers,pallet,332.15,52.07,2.440
IMP-008013,"Sample Product 8013",Screws,each,127.96,135.21,4.196
IMP-008014,"Sample Product 8014",Hose,box,421.46,243.43,2.155
IMP-008015,"Sample Product 8015",Fittings,pallet,242.26,11.64,4.913
IMP-008016,"Sample Product 8016",Valves,each,224.43,238.75,4.623
IMP-008017,"Sample Product 8017",Tables,box,385.78,110.58,3.751
IMP-008018,"Sample Product 8018",Cookware,pallet,347.32,197.28,4.845
IMP-008019,"Sample Product 8019",Storage,each,37.36,21.93,3.576
IMP-008020,"Sample Product 8020",Bolts,box,48.44,29.88,1.788
IMP-008021,"Sample Product 8021",Nuts,pallet,472.90,229.60,4.212
IMP-008022,"Sample Product 8022",Washers,each,172.26,200.22,3.094
IMP-008023,"Sample Product 8023",Screws,box,414.59,199.19,3.483
IMP-008024,"Sample Product 8024",Hose,pallet,98.56,202.99,1.563
IMP-008025,"Sample Product 8025",Fittings,each,102.56,137.75,2.805
IMP-008026,"Sample Product 8026",Valves,box,454.75,187.65,1.322
IMP-008027,"Sample Product 8027",Tables,pallet,51.88,262.77,4.882
IMP-008028,"Sample Product 8028",Cookware,each,378.15,270.18,1.282
IMP-008029,"Sample Product 8029",Storage,box,114.09,78.32,4.568
IMP-008030,"Sample Product 8030",Bolts,pallet,441.95,200.94,0.391
IMP-008031,"Sample Product 8031",Nuts,each,182.73,140.51,3.824
IMP-008032,"Sample Product 8032",Washers,box,355.22,230.01,4.359
IMP-008033,"Sample Product 8033",Screws,pallet,14.87,46.49,3.062
IMP-008034,"Sample Product 8034",Hose,each,393.55,298.29,0.737
IMP-008035,"Sample Product 8035",Fittings,box,261.28,122.42,2.117
IMP-008036,"Sample Product 8036",Valves,pallet,264.16,225.87,4.970
IMP-008037,"Sample Product 8037",Tables,each,498.18,82.03,4.128
IMP-008038,"Sample Product 8038",Cookware,box,69.82,134.95,0.939
IMP-008039,"Sample Product 8039",Storage,pallet,220.81,87.54,0.442
IMP-008040,,Bolts,each,404.86,36.74,3.720
IMP-008041,"Sample Product 8041",Nuts,box,13.85,257.41,3.785
IMP-008042,"Sample Product 8042",Washers,pallet,430.50,226.70,1.676
IMP-008043,"Sample Product 8043",Screws,each,363.71,255.95,1.852
IMP-008044,"Sample Product 8044",Hose,box,136.63,30.79,2.425
IMP-008045,"Sample Product 8045",Fittings,pallet,199.80,244.69,0.288
IMP-008046,"Sample Product 8046",Valves,each,280.33,258.60,3.508
IMP-008047,"Sample Product 8047",Tables,box,192.45,212.88,3.767
IMP-008048,"Sample Product 8048",Cookware,pallet,272.28,289.39,0.054
IMP-008049,"Sample Product 8049",Storage,each,151.81,216.63,4.117
IMP-008050,"Sample Product 8050",Bolts,box,51.38,67.27,3.625
IMP-008051,"Sample Product 8051",Nuts,pallet,74.45,134.37,3.811
IMP-008052,"Sample Product 8052",Washers,each,259.50,206.71,3.648
IMP-008053,"Sample Product 8053",Screws,box,435.67,244.23,4.761
IMP-008054,"Sample Product 8054",Hose,pallet,225.53,29.78,4.072
IMP-008055,"Sample Product 8055",Fittings,each,450.95,11.70,0.655
IMP-008056,"Sample Product 8056",Valves,box,254.98,58.68,1.082
IMP-008057,"Sample Product 8057",Tables,pallet,28.56,155.22,4.432
IMP-008058,"Sample Product 8058",Cookware,each,4.59,47.12,1.865
IMP-008059,"Sample Product 8059",Storage,box,409.10,168.00,3.292
IMP-008060,"Sample Product 8060",Bolts,pallet,57.99,7.24,0.932
IMP-008061,"Sample Product 8061",Nuts,each,69.40,277.38,2.986
IMP-008062,"Sample Product 8062",Washers,box,365.84,29.18,3.002
IMP-008063,"Sample Product 8063",Screws,pallet,92.45,10.21,1.184
IMP-008064,"Sample Product 8064",Hose,each,426.89,270.09,0.333
IMP-008065,"Sample Product 8065",Fittings,box,176.35,55.24,3.970
IMP-008066,"Sample Product 8066",Valves,pallet,358.27,117.01,3.079
IMP-008067,"Sample Product 8067",Tables,each,355.93,236.32,3.374
IMP-008068,"Sample Product 8068",Cookware,box,115.43,27.30,1.256
IMP-008069,"Sample Product 8069",Storage,pallet,394.99,159.35,3.555
IMP-008070,"Sample Product 8070",Bolts,each,192.24,171.21,4.446
IMP-008071,"Sample Product 8071",Nuts,box,324.39,294.32,3.105
IMP-008072,"Sample Product 8072",Washers,pallet,157.34,73.08,3.219
IMP-008073,"Sample Product 8073",Screws,each,450.06,189.21,4.402
IMP-008074,"Sample Product 8074",Hose,box,234.03,111.88,0.956
IMP-008075,"Sample Product 8075",Fittings,pallet,362.61,74.90,2.439
IMP-008076,"Sample Product 8076",Valves,each,475.45,160.68,0.122
IMP-008077,"Sample Product 8077",Tables,box,453.72,90.01,4.391
IMP-008078,"Sample Product 8078",Cookware,pallet,301.09,112.05,2.218
IMP-008079,"Sample Product 8079",Storage,each,226.55,129.52,2.558
IMP-008080,,Bolts,box,472.19,82.52,1.070
IMP-008081,"Sample Product 8081",Nuts,pallet,23.87,84.64,4.091
IMP-008082,"Sample Product 8082",Washers,each,314.99,226.45,4.298
IMP-008083,"Sample Product 8083",Screws,box,449.46,3.45,3.656
IMP-008084,"Sample Product 8084",Hose,pallet,276.39,153.94,4.850
IMP-008085,"Sample Product 8085",Fittings,each,463.29,143.50,0.640
IMP-008086,"Sample Product 8086",Valves,box,242.64,266.19,1.391
IMP-008087,"Sample Product 8087",Tables,pallet,152.14,239.23,2.841
IMP-008088,"Sample Product 8088",Cookware,each,283.42,3.21,0.559
IMP-008089,"Sample Product 8089",Storage,box,10.58,130.56,1.809
IMP-008090,"Sample Product 8090",Bolts,pallet,416.68,278.10,4.922
IMP-008091,"Sample Product 8091",Nuts,each,336.66,231.64,2.640
IMP-008092,"Sample Product 8092",Washers,box,198.17,269.82,4.875
IMP-008093,"Sample Product 8093",Screws,pallet,385.86,150.57,2.905
IMP-008094,"Sample Product 8094",Hose,each,476.93,92.43,0.919
IMP-008095,"Sample Product 8095",Fittings,box,175.42,46.57,1.617
IMP-008096,"Sample Product 8096",Valves,pallet,251.21,192.48,3.030
IMP-008097,"Sample Product 8097",Tables,each,12.39,221.52,2.615
IMP-008098,"Sample Product 8098",Cookware,box,378.86,234.59,2.576
IMP-008099,"Sample Product 8099",Storage,pallet,248.86,185.96,0.013
IMP-008100,"Sample Product 8100",Bolts,each,182.59,182.19,4.661
IMP-008101,"Sample Product 8101",Nuts,box,159.62,6.16,4.417
IMP-008102,"Sample Product 8102",Washers,pallet,187.32,28.13,0.837
IMP-008103,"Sample Product 8103",Screws,each,358.53,107.79,1.234
IMP-008104,"Sample Product 8104",Hose,box,295.15,41.16,2.841
IMP-008105,"Sample Product 8105",Fittings,pallet,194.49,108.75,0.054
IMP-008106,"Sample Product 8106",Valves,each,195.11,241.36,0.465
IMP-008107,"Sample Product 8107",Tables,box,218.63,172.70,4.537
IMP-008108,"Sample Product 8108",Cookware,pallet,270.99,294.98,2.474
IMP-008109,"Sample Product 8109",Storage,each,75.48,229.18,2.733
IMP-008110,"Sample Product 8110",Bolts,box,224.31,46.92,2.037
IMP-008111,"Sample Product 8111",Nuts,pallet,152.28,94.32,3.541
IMP-008112,"Sample Product 8112",Washers,each,291.25,250.38,2.102
IMP-008113,"Sample Product 8113",Screws,box,143.79,237.73,0.699
IMP-008114,"Sample Product 8114",Hose,pallet,3.63,127.36,3.866
IMP-008115,"Sample Product 8115",Fittings,each,402.04,166.26,0.412
IMP-008116,"Sample Product 8116",Valves,box,163.04,47.43,3.578
IMP-008117,"Sample Product 8117",Tables,pallet,63.26,17.47,0.861
IMP-008118,"Sample Product 8118",Cookware,each,86.97,53.64,1.144
IMP-008119,"Sample Product 8119",Storage,box,468.84,174.14,3.180
IMP-008120,,Bolts,pallet,37.23,238.33,2.036
IMP-008121,"Sample Product 8121",Nuts,each,323.89,40.60,0.977
IMP-008122,"Sample Product 8122",Washers,box,214.21,267.89,2.444
IMP-008123,"Sample Product 8123",Screws,pallet,362.41,157.91,3.533
IMP-008124,"Sample Product 8124",Hose,each,202.98,233.13,2.042
IMP-008125,"Sample Product 8125",Fittings,box,23.81,41.37,4.031
IMP-008126,"Sample Product 8126",Valves,pallet,193.07,49.62,0.080
IMP-008127,"Sample Product 8127",Tables,each,385.02,207.04,2.143
IMP-008128,"Sample Product 8128",Cookware,box,91.30,62.19,4.375
IMP-008129,"Sample Product 8129",Storage,pallet,170.27,85.86,4.753
IMP-008130,"Sample Product 8130",Bolts,each,26.49,174.64,4.604
IMP-008131,"Sample Product 8131",Nuts,box,439.36,102.43,1.257
IMP-008132,"Sample Product 8132",Washers,pallet,388.96,270.93,1.376
IMP-008133,"Sample Product 8133",Screws,each,202.16,95.43,3.916
IMP-008134,"Sample Product 8134",Hose,box,165.76,275.78,2.711
IMP-008135,"Sample Product 8135",Fittings,pallet,179.86,4.58,0.429
IMP-008136,"Sample Product 8136",Valves,each,319.94,276.03,2.253
IMP-008137,"Sample Product 8137",Tables,box,440.73,119.86,0.756
IMP-008138,"Sample Product 8138",Cookware,pallet,315.01,31.13,3.097
IMP-008139,"Sample Product 8139",Storage,each,46.97,210.24,1.843
IMP-008140,"Sample Product 8140",Bolts,box,127.74,237.16,3.188
IMP-008141,"Sample Product 8141",Nuts,pallet,449.82,89.31,2.870
IMP-008142,"Sample Product 8142",Washers,each,15.92,237.53,0.615
IMP-008143,"Sample Product 8143",Screws,box,407.97,252.32,0.123
IMP-008144,"Sample Product 8144",Hose,pallet,484.61,215.12,4.703
IMP-008145,"Sample Product 8145",Fittings,each,105.96,88.73,1.643
IMP-008146,"Sample Product 8146",Valves,box,453.23,144.52,0.291
IMP-008147,"Sample Product 8147",Tables,pallet,499.85,44.37,2.826
IMP-008148,"Sample Product 8148",Cookware,each,262.25,175.06,4.970
IMP-008149,"Sample Product 8149",Storage,box,241.63,106.32,0.246
IMP-008150,"Sample Product 8150",Bolts,pallet,468.08,229.42,0.266
IMP-008151,"Sample Product 8151",Nuts,each,357.52,187.36,0.705
IMP-008152,"Sample Product 8152",Washers,box,327.93,132.03,2.131
IMP-008153,"Sample Product 8153",Screws,pallet,93.05,49.87,0.868
IMP-008154,"Sample Product 8154",Hose,each,350.17,7.75,4.978
IMP-008155,"Sample Product 8155",Fittings,box,145.42,293.08,4.643
IMP-008156,"Sample Product 8156",Valves,pallet,104.99,39.38,0.728
IMP-008157,"Sample Product 8157",Tables,each,342.87,130.74,0.863
IMP-008158,"Sample Product 8158",Cookware,box,427.90,279.89,1.251
IMP-008159,"Sample Product 8159",Storage,pallet,88.09,190.96,0.914
IMP-008160,,Bolts,each,413.22,76.78,4.968
IMP-008161,"Sample Product 8161",Nuts,box,298.18,129.56,3.679
IMP-008162,"Sample Product 8162",Washers,pallet,236.45,231.29,3.012
IMP-008163,"Sample Product 8163",Screws,each,257.91,42.30,0.179
IMP-008164,"Sample Product 8164",Hose,box,145.15,108.42,3.996
IMP-008165,"Sample Product 8165",Fittings,pallet,84.67,59.76,2.482
IMP-008166,"Sample Product 8166",Valves,each,10.91,157.40,2.109
IMP-008167,"Sample Product 8167",Tables,box,324.67,104.32,1.392
IMP-008168,"Sample Product 8168",Cookware,pallet,245.16,271.62,4.587
IMP-008169,"Sample Product 8169",Storage,each,322.72,148.34,2.901
IMP-008170,"Sample Product 8170",Bolts,box,59.15,259.52,0.439
IMP-008171,"Sample Product 8171",Nuts,pallet,44.32,220.85,2.830
IMP-008172,"Sample Product 8172",Washers,each,320.59,14.75,0.095
IMP-008173,"Sample Product 8173",Screws,box,247.93,73.87,3.276
IMP-008174,"Sample Product 8174",Hose,pallet,496.72,184.97,3.700
IMP-008175,"Sample Product 8175",Fittings,each,271.43,58.02,1.994
IMP-008176,"Sample Product 8176",Valves,box,239.13,82.69,1.064
IMP-008177,"Sample Product 8177",Tables,pallet,288.36,154.41,1.681
IMP-008178,"Sample Product 8178",Cookware,each,295.69,234.91,4.701
IMP-008179,"Sample Product 8179",Storage,box,368.58,114.92,2.117
IMP-008180,"Sample Product 8180",Bolts,pallet,280.43,97.86,2.920
IMP-008181,"Sample Product 8181",Nuts,each,145.62,272.95,4.654
IMP-008182,"Sample Product 8182",Washers,box,243.54,99.64,1.557
IMP-008183,"Sample Product 8183",Screws,pallet,167.00,164.94,1.650
IMP-008184,"Sample Product 8184",Hose,each,411.33,66.59,4.428
IMP-008185,"Sample Product 8185",Fittings,box,407.83,58.13,3.083
IMP-008186,"Sample Product 8186",Valves,pallet,331.74,27.99,0.724
IMP-008187,"Sample Product 8187",Tables,each,277.20,84.20,3.572
IMP-008188,"Sample Product 8188",Cookware,box,383.26,153.10,2.354
IMP-008189,"Sample Product 8189",Storage,pallet,237.59,256.69,2.267
IMP-008190,"Sample Product 8190",Bolts,each,217.51,299.93,2.553
IMP-008191,"Sample Product 8191",Nuts,box,54.51,282.21,3.606
IMP-008192,"Sample Product 8192",Washers,pallet,72.50,272.90,2.174
IMP-008193,"Sample Product 8193",Screws,each,351.90,74.85,2.279
IMP-008194,"Sample Product 8194",Hose,box,486.40,95.89,4.003
IMP-008195,"Sample Product 8195",Fittings,pallet,208.80,61.64,2.196
IMP-008196,"Sample Product 8196",Valves,each,28.91,175.22,4.385
IMP-008197,"Sample Product 8197",Tables,box,318.73,5.45,3.866
IMP-008198,"Sample Product 8198",Cookware,pallet,114.34,266.32,1.601
IMP-008199,"Sample Product 8199",Storage,each,372.43,196.24,0.222
IMP-008200,,Bolts,box,200.71,59.79,3.185
IMP-008201,"Sample Product 8201",Nuts,pallet,41.96,218.71,4.484
IMP-008202,"Sample Product 8202",Washers,each,427.09,70.21,1.435
IMP-008203,"Sample Product 8203",Screws,box,126.42,22.97,1.358
IMP-008204,"Sample Product 8204",Hose,pallet,147.70,293.54,3.290
IMP-008205,"Sample Product 8205",Fittings,each,156.12,104.52,4.195
IMP-008206,"Sample Product 8206",Valves,box,297.68,275.22,3.712
IMP-008207,"Sample Product 8207",Tables,pallet,96.83,140.91,3.707
IMP-008208,"Sample Product 8208",Cookware,each,467.73,201.60,0.041
IMP-008209,"Sample Product 8209",Storage,box,476.29,18.58,0.391
IMP-008210,"Sample Product 8210",Bolts,pallet,102.33,30.55,1.268
IMP-008211,"Sample Product 8211",Nuts,each,469.98,55.61,4.754
IMP-008212,"Sample Product 8212",Washers,box,142.00,143.44,4.284
IMP-008213,"Sample Product 8213",Screws,pallet,498.11,139.83,3.878
IMP-008214,"Sample Product 8214",Hose,each,262.48,142.79,1.608
IMP-008215,"Sample Product 8215",Fittings,box,133.22,130.90,0.517
IMP-008216,"Sample Product 8216",Valves,pallet,482.52,198.16,4.400
IMP-008217,"Sample Product 8217",Tables,each,123.22,60.63,0.063
IMP-008218,"Sample Product 8218",Cookware,box,101.78,162.25,0.751
IMP-008219,"Sample Product 8219",Storage,pallet,49.65,93.96,3.326
IMP-008220,"Sample Product 8220",Bolts,each,335.70,252.03,3.013
IMP-008221,"Sample Product 8221",Nuts,box,64.76,212.49,3.261
IMP-008222,"Sample Product 8222",Washers,pallet,216.81,287.38,3.381
IMP-008223,"Sample Product 8223",Screws,each,454.57,247.64,1.473
IMP-008224,"Sample Product 8224",Hose,box,99.98,244.75,1.248
IMP-008225,"Sample Product 8225",Fittings,pallet,465.82,4.62,3.479
IMP-008226,"Sample Product 8226",Valves,each,210.98,138.18,0.480
IMP-008227,"Sample Product 8227",Tables,box,300.34,143.26,0.662
IMP-008228,"Sample Product 8228",Cookware,pallet,348.00,76.42,2.538
IMP-008229,"Sample Product 8229",Storage,each,228.51,138.15,2.822
IMP-008230,"Sample Product 8230",Bolts,box,65.25,242.55,2.960
IMP-008231,"Sample Product 8231",Nuts,pallet,277.11,138.16,2.866
IMP-008232,"Sample Product 8232",Washers,each,63.98,11.64,0.083
IMP-008233,"Sample Product 8233",Screws,box,2.86,155.83,0.559
IMP-008234,"Sample Product 8234",Hose,pallet,286.66,80.39,4.634
IMP-008235,"Sample Product 8235",Fittings,each,177.51,279.48,1.273
IMP-008236,"Sample Product 8236",Valves,box,331.31,155.78,4.129
IMP-008237,"Sample Product 8237",Tables,pallet,385.10,84.91,1.127
IMP-008238,"Sample Product 8238",Cookware,each,83.02,235.33,0.300
IMP-008239,"Sample Product 8239",Storage,box,115.46,252.98,3.475
IMP-008240,,Bolts,pallet,482.28,293.61,0.923
IMP-008241,"Sample Product 8241",Nuts,each,3.75,281.73,2.338
IMP-008242,"Sample Product 8242",Washers,box,288.14,219.87,2.793
IMP-008243,"Sample Product 8243",Screws,pallet,395.64,6.28,3.555
IMP-008244,"Sample Product 8244",Hose,each,350.94,292.34,4.424
IMP-008245,"Sample Product 8245",Fittings,box,394.30,171.35,2.179
IMP-008246,"Sample Product 8246",Valves,pallet,173.04,74.39,4.149
IMP-008247,"Sample Product 8247",Tables,each,155.31,222.36,2.380
IMP-008248,"Sample Product 8248",Cookware,box,290.51,193.23,1.939
IMP-008249,"Sample Product 8249",Storage,pallet,464.23,64.93,3.073
IMP-008250,"Sample Product 8250",Bolts,each,439.79,296.55,2.271
IMP-008251,"Sample Product 8251",Nuts,box,234.02,272.07,1.385
IMP-008252,"Sample Product 8252",Washers,pallet,373.18,124.33,4.008
IMP-008253,"Sample Product 8253",Screws,each,90.87,21.67,3.703
IMP-008254,"Sample Product 8254",Hose,box,211.62,19.83,3.493
IMP-008255,"Sample Product 8255",Fittings,pallet,263.50,70.04,2.569
IMP-008256,"Sample Product 8256",Valves,each,414.03,138.41,2.078
IMP-008257,"Sample Product 8257",Tables,box,259.25,89.10,4.146
IMP-008258,"Sample Product 8258",Cookware,pallet,378.94,143.96,3.011
IMP-008259,"Sample Product 8259",Storage,each,449.83,273.18,3.750
IMP-008260,"Sample Product 8260",Bolts,box,460.23,229.76,1.242
IMP-008261,"Sample Product 8261",Nuts,pallet,325.56,245.64,0.102
IMP-008262,"Sample Product 8262",Washers,each,53.06,20.60,3.865
IMP-008263,"Sample Product 8263",Screws,box,225.08,216.02,3.875
IMP-008264,"Sample Product 8264",Hose,pallet,449.26,265.35,1.963
IMP-008265,"Sample Product 8265",Fittings,each,475.50,260.16,0.552
IMP-008266,"Sample Product 8266",Valves,box,68.48,134.28,0.685
IMP-008267,"Sample Product 8267",Tables,pallet,345.28,101.53,4.429
IMP-008268,"Sample Product 8268",Cookware,each,134.97,221.91,0.468
IMP-008269,"Sample Product 8269",Storage,box,257.73,251.57,3.503
IMP-008270,"Sample Product 8270",Bolts,pallet,482.61,169.34,0.989
IMP-008271,"Sample Product 8271",Nuts,each,232.56,136.49,3.138
IMP-008272,"Sample Product 8272",Washers,box,262.45,75.89,3.060
IMP-008273,"Sample Product 8273",Screws,pallet,399.65,294.07,0.426
IMP-008274,"Sample Product 8274",Hose,each,142.82,137.99,0.193
IMP-008275,"Sample Product 8275",Fittings,box,478.55,4.50,1.636
IMP-008276,"Sample Product 8276",Valves,pallet,487.82,229.70,1.668
IMP-008277,"Sample Product 8277",Tables,each,230.11,135.38,1.041
IMP-008278,"Sample Product 8278",Cookware,box,415.60,34.77,1.043
IMP-008279,"Sample Product 8279",Storage,pallet,85.95,94.40,1.019
IMP-008280,,Bolts,each,217.47,135.88,2.159
IMP-008281,"Sample Product 8281",Nuts,box,470.81,298.76,1.687
IMP-008282,"Sample Product 8282",Washers,pallet,388.22,42.97,4.025
IMP-008283,"Sample Product 8283",Screws,each,495.35,245.17,0.424
IMP-008284,"Sample Product 8284",Hose,box,213.01,196.38,4.242
IMP-008285,"Sample Product 8285",Fittings,pallet,165.91,266.06,4.446
IMP-008286,"Sample Product 8286",Valves,each,223.25,14.34,2.306
IMP-008287,"Sample Product 8287",Tables,box,39.08,275.92,0.831
IMP-008288,"Sample Product 8288",Cookware,pallet,2.47,145.56,2.018
IMP-008289,"Sample Product 8289",Storage,each,52.12,88.86,3.415
IMP-008290,"Sample Product 8290",Bolts,box,210.04,113.51,1.455
IMP-008291,"Sample Product 8291",Nuts,pallet,117.04,89.54,0.506
IMP-008292,"Sample Product 8292",Washers,each,55.06,131.40,2.852
IMP-008293,"Sample Product 8293",Screws,box,78.30,14.66,1.068
IMP-008294,"Sample Product 8294",Hose,pallet,269.81,77.96,1.357
IMP-008295,"Sample Product 8295",Fittings,each,116.25,46.18,3.271
IMP-008296,"Sample Product 8296",Valves,box,138.25,279.91,2.086
IMP-008297,"Sample Product 8297",Tables,pallet,492.48,215.93,3.159
IMP-008298,"Sample Product 8298",Cookware,each,456.68,31.49,1.625
IMP-008299,"Sample Product 8299",Storage,box,19.93,169.24,4.338
IMP-008300,"Sample Product 8300",Bolts,pallet,314.18,249.35,0.930
IMP-008301,"Sample Product 8301",Nuts,each,101.89,276.31,0.719
IMP-008302,"Sample Product 8302",Washers,box,409.29,31.18,1.435
IMP-008303,"Sample Product 8303",Screws,pallet,377.77,220.16,3.572
IMP-008304,"Sample Product 8304",Hose,each,197.72,125.76,2.804
IMP-008305,"Sample Product 8305",Fittings,box,77.64,112.68,4.679
IMP-008306,"Sample Product 8306",Valves,pallet,447.03,56.00,1.416
IMP-008307,"Sample Product 8307",Tables,each,256.13,39.68,0.622
IMP-008308,"Sample Product 8308",Cookware,box,86.08,202.85,1.659
IMP-008309,"Sample Product 8309",Storage,pallet,312.96,266.80,2.832
IMP-008310,"Sample Product 8310",Bolts,each,254.57,66.73,0.930
IMP-008311,"Sample Product 8311",Nuts,box,149.76,237.76,3.070
IMP-008312,"Sample Product 8312",Washers,pallet,409.16,262.40,1.324
IMP-008313,"Sample Product 8313",Screws,each,350.90,128.41,4.536
IMP-008314,"Sample Product 8314",Hose,box,45.21,6.40,2.314
IMP-008315,"Sample Product 8315",Fittings,pallet,301.40,173.73,2.150
IMP-008316,"Sample Product 8316",Valves,each,164.20,210.47,4.477
IMP-008317,"Sample Product 8317",Tables,box,455.10,213.99,2.583
IMP-008318,"Sample Product 8318",Cookware,pallet,439.01,270.75,0.793
IMP-008319,"Sample Product 8319",Storage,each,337.95,62.26,1.409
IMP-008320,,Bolts,box,83.25,250.72,2.010
IMP-008321,"Sample Product 8321",Nuts,pallet,342.85,299.81,4.429
IMP-008322,"Sample Product 8322",Washers,each,38.03,209.52,2.549
IMP-008323,"Sample Product 8323",Screws,box,176.82,194.31,1.380
IMP-008324,"Sample Product 8324",Hose,pallet,181.02,271.25,2.952
IMP-008325,"Sample Product 8325",Fittings,each,485.05,266.02,3.048
IMP-008326,"Sample Product 8326",Valves,box,205.80,150.06,1.226
IMP-008327,"Sample Product 8327",Tables,pallet,286.31,19.00,4.250
IMP-008328,"Sample Product 8328",Cookware,each,401.25,199.15,2.610
IMP-008329,"Sample Product 8329",Storage,box,457.39,6.73,0.179
IMP-008330,"Sample Product 8330",Bolts,pallet,396.46,103.17,4.868
IMP-008331,"Sample Product 8331",Nuts,each,165.49,171.34,0.922
IMP-008332,"Sample Product 8332",Washers,box,299.14,115.16,4.151
IMP-008333,"Sample Product 8333",Screws,pallet,5.17,108.63,4.663
IMP-008334,"Sample Product 8334",Hose,each,8.77,38.73,2.994
IMP-008335,"Sample Product 8335",Fittings,box,102.96,231.95,1.646
IMP-008336,"Sample Product 8336",Valves,pallet,458.32,6.38,4.766
IMP-008337,"Sample Product 8337",Tables,each,361.46,236.99,1.979
IMP-008338,"Sample Product 8338",Cookware,box,350.46,281.61,0.070
IMP-008339,"Sample Product 8339",Storage,pallet,69.32,117.89,4.302
IMP-008340,"Sample Product 8340",Bolts,each,133.76,28.24,4.657
IMP-008341,"Sample Product 8341",Nuts,box,97.67,237.92,0.803
IMP-008342,"Sample Product 8342",Washers,pallet,174.75,199.29,3.077
IMP-008343,"Sample Product 8343",Screws,each,413.26,90.87,2.621
IMP-008344,"Sample Product 8344",Hose,box,470.07,170.31,2.613
IMP-008345,"Sample Product 8345",Fittings,pallet,415.94,181.94,1.189
IMP-008346,"Sample Product 8346",Valves,each,58.19,291.26,1.163
IMP-008347,"Sample Product 8347",Tables,box,423.14,295.68,1.737
IMP-008348,"Sample Product 8348",Cookware,pallet,20.37,122.14,1.598
IMP-008349,"Sample Product 8349",Storage,each,392.61,116.06,3.494
IMP-008350,"Sample Product 8350",Bolts,box,165.75,151.39,3.814
IMP-008351,"Sample Product 8351",Nuts,pallet,480.62,270.88,0.537
IMP-008352,"Sample Product 8352",Washers,each,251.61,58.78,1.245
IMP-008353,"Sample Product 8353",Screws,box,407.08,183.07,3.413
IMP-008354,"Sample Product 8354",Hose,pallet,135.29,161.91,4.600
IMP-008355,"Sample Product 8355",Fittings,each,57.51,130.10,1.741
IMP-008356,"Sample Product 8356",Valves,box,191.41,207.10,3.441
IMP-008357,"Sample Product 8357",Tables,pallet,499.10,77.11,4.441
IMP-008358,"Sample Product 8358",Cookware,each,269.88,287.62,2.733
IMP-008359,"Sample Product 8359",Storage,box,325.03,85.30,4.023
IMP-008360,,Bolts,pallet,194.31,146.69,3.186
IMP-008361,"Sample Product 8361",Nuts,each,329.49,109.38,3.556
IMP-008362,"Sample Product 8362",Washers,box,3.72,125.25,0.018
IMP-008363,"Sample Product 8363",Screws,pallet,164.05,193.07,2.364
IMP-008364,"Sample Product 8364",Hose,each,495.91,169.11,3.481
IMP-008365,"Sample Product 8365",Fittings,box,236.23,117.26,1.274
IMP-008366,"Sample Product 8366",Valves,pallet,443.80,102.34,0.063
IMP-008367,"Sample Product 8367",Tables,each,319.25,209.40,1.887
IMP-008368,"Sample Product 8368",Cookware,box,107.33,42.49,3.934
IMP-008369,"Sample Product 8369",Storage,pallet,243.77,201.24,4.353
IMP-008370,"Sample Product 8370",Bolts,each,369.98,287.24,2.951
IMP-008371,"Sample Product 8371",Nuts,box,134.96,83.30,1.007
IMP-008372,"Sample Product 8372",Washers,pallet,453.14,265.66,4.690
IMP-008373,"Sample Product 8373",Screws,each,431.27,39.93,0.694
IMP-008374,"Sample Product 8374",Hose,box,305.11,162.71,4.736
IMP-008375,"Sample Product 8375",Fittings,pallet,20.91,120.85,3.547
IMP-008376,"Sample Product 8376",Valves,each,44.74,7.28,3.407
IMP-008377,"Sample Product 8377",Tables,box,94.40,287.45,2.951
IMP-008378,"Sample Product 8378",Cookware,pallet,417.42,82.97,3.627
IMP-008379,"Sample Product 8379",Storage,each,47.56,117.41,4.674
IMP-008380,"Sample Product 8380",Bolts,box,294.43,262.26,3.763
IMP-008381,"Sample Product 8381",Nuts,pallet,97.94,128.21,4.331
IMP-008382,"Sample Product 8382",Washers,each,263.71,20.40,2.295
IMP-008383,"Sample Product 8383",Screws,box,422.73,194.40,1.353
IMP-008384,"Sample Product 8384",Hose,pallet,23.04,145.45,2.695
IMP-008385,"Sample Product 8385",Fittings,each,275.87,189.83,1.606
IMP-008386,"Sample Product 8386",Valves,box,303.33,57.54,0.036
IMP-008387,"Sample Product 8387",Tables,pallet,96.62,17.95,3.091
IMP-008388,"Sample Product 8388",Cookware,each,398.89,170.30,0.033
IMP-008389,"Sample Product 8389",Storage,box,196.66,48.10,1.862
IMP-008390,"Sample Product 8390",Bolts,pallet,308.42,57.96,1.764
IMP-008391,"Sample Product 8391",Nuts,each,168.26,180.40,1.143
IMP-008392,"Sample Product 8392",Washers,box,297.43,52.50,4.895
IMP-008393,"Sample Product 8393",Screws,pallet,242.19,0.60,1.540
IMP-008394,"Sample Product 8394",Hose,each,397.71,134.70,4.412
IMP-008395,"Sample Product 8395",Fittings,box,370.98,188.10,0.374
IMP-008396,"Sample Product 8396",Valves,pallet,308.73,220.60,3.822
IMP-008397,"Sample Product 8397",Tables,each,470.70,73.40,3.264
IMP-008398,"Sample Product 8398",Cookware,box,436.95,156.27,4.691
IMP-008399,"Sample Product 8399",Storage,pallet,353.19,113.05,2.926
IMP-008400,"Sample Product 8400",Bolts,each,419.02,151.29,0.777
IMP-008401,"Sample Product 8401",Nuts,box,446.65,152.94,3.750
IMP-008402,"Sample Product 8402",Washers,pallet,420.94,236.97,0.958
IMP-008403,"Sample Product 8403",Screws,each,70.42,268.11,4.579
IMP-008404,"Sample Product 8404",Hose,box,341.39,149.47,1.134
IMP-008405,"Sample Product 8405",Fittings,pallet,474.24,31.42,2.742
IMP-008406,"Sample Product 8406",Valves,each,120.00,7.03,2.095
IMP-008407,"Sample Product 8407",Tables,box,387.14,142.77,0.963
IMP-008408,"Sample Product 8408",Cookware,pallet,451.00,39.39,4.042
IMP-008409,"Sample Product 8409",Storage,each,71.67,296.86,4.826
IMP-008410,"Sample Product 8410",Bolts,box,491.95,77.53,3.426
IMP-008411,"Sample Product 8411",Nuts,pallet,386.00,102.86,2.425
IMP-008412,"Sample Product 8412",Washers,each,300.44,215.11,2.632
IMP-008413,"Sample Product 8413",Screws,box,182.98,241.78,1.246
IMP-008414,"Sample Product 8414",Hose,pallet,488.40,69.95,2.784
IMP-008415,"Sample Product 8415",Fittings,each,330.17,250.23,2.390
IMP-008416,"Sample Product 8416",Valves,box,423.24,234.32,3.102
IMP-008417,"Sample Product 8417",Tables,pallet,299.34,237.59,2.065
IMP-008418,"Sample Product 8418",Cookware,each,99.68,163.66,3.957
IMP-008419,"Sample Product 8419",Storage,box,341.28,79.23,1.540
IMP-008420,"Sample Product 8420",Bolts,pallet,146.88,112.04,3.549
IMP-008421,"Sample Product 8421",Nuts,each,406.05,191.79,1.795
IMP-008422,"Sample Product 8422",Washers,box,199.09,206.34,2.585
IMP-008423,"Sample Product 8423",Screws,pallet,222.91,71.81,3.319
IMP-008424,"Sample Product 8424",Hose,each,362.34,124.87,2.814
IMP-008425,"Sample Product 8425",Fittings,box,302.07,218.58,0.156
IMP-008426,"Sample Product 8426",Valves,pallet,331.63,96.52,0.874
IMP-008427,"Sample Product 8427",Tables,each,125.42,197.48,0.727
IMP-008428,"Sample Product 8428",Cookware,box,397.32,17.06,1.641
IMP-008429,"Sample Product 8429",Storage,pallet,45.62,70.81,1.953
IMP-008430,"Sample Product 8430",Bolts,each,494.58,109.52,4.961
IMP-008431,"Sample Product 8431",Nuts,box,41.25,56.54,0.973
IMP-008432,"Sample Product 8432",Washers,pallet,257.89,291.76,2.519
IMP-008433,"Sample Product 8433",Screws,each,8.91,285.86,0.461
IMP-008434,"Sample Product 8434",Hose,box,43.67,44.85,2.867
IMP-008435,"Sample Product 8435",Fittings,pallet,28.01,287.08,1.592
IMP-008436,"Sample Product 8436",Valves,each,185.54,6.21,3.293
IMP-008437,"Sample Product 8437",Tables,box,434.59,79.32,1.162
IMP-008438,"Sample Product 8438",Cookware,pallet,388.93,177.52,1.994
IMP-008439,"Sample Product 8439",Storage,each,321.59,227.54,0.998
IMP-008440,"Sample Product 8440",Bolts,box,229.95,171.24,4.552
IMP-008441,"Sample Product 8441",Nuts,pallet,496.74,1.09,4.168
IMP-008442,"Sample Product 8442",Washers,each,68.57,250.42,1.264
IMP-008443,"Sample Product 8443",Screws,box,316.57,212.22,2.822
IMP-008444,"Sample Product 8444",Hose,pallet,459.99,145.79,1.502
IMP-008445,"Sample Product 8445",Fittings,each,180.51,124.10,4.026
IMP-008446,"Sample Product 8446",Valves,box,247.81,251.35,2.463
IMP-008447,"Sample Product 8447",Tables,pallet,473.29,79.74,3.833
IMP-008448,"Sample Product 8448",Cookware,each,31.19,289.59,0.919
IMP-008449,"Sample Product 8449",Storage,box,401.76,142.45,1.679
IMP-008450,"Sample Product 8450",Bolts,pallet,189.07,285.29,1.509
IMP-008451,"Sample Product 8451",Nuts,each,464.95,218.94,0.654
IMP-008452,"Sample Product 8452",Washers,box,418.56,132.32,4.265
IMP-008453,"Sample Product 8453",Screws,pallet,15.47,99.88,1.357
IMP-008454,"Sample Product 8454",Hose,each,487.96,26.25,0.969
IMP-008455,"Sample Product 8455",Fittings,box,362.66,283.05,0.870
IMP-008456,"Sample Product 8456",Valves,pallet,238.64,246.34,4.655
IMP-008457,"Sample Product 8457",Tables,each,215.68,101.62,1.736
IMP-008458,"Sample Product 8458",Cookware,box,327.69,50.95,3.772
IMP-008459,"Sample Product 8459",Storage,pallet,346.23,219.06,4.764
IMP-008460,"Sample Product 8460",Bolts,each,16.36,4.35,2.297
IMP-008461,"Sample Product 8461",Nuts,box,318.19,157.18,2.223
IMP-008462,"Sample Product 8462",Washers,pallet,338.64,269.76,2.249
IMP-008463,"Sample Product 8463",Screws,each,191.70,202.45,0.095
IMP-008464,"Sample Product 8464",Hose,box,251.53,124.96,0.041
IMP-008465,"Sample Product 8465",Fittings,pallet,401.14,74.22,1.448
IMP-008466,"Sample Product 8466",Valves,each,394.08,44.18,2.793
IMP-008467,"Sample Product 8467",Tables,box,266.88,119.86,1.378
IMP-008468,"Sample Product 8468",Cookware,pallet,30.24,131.58,2.256
IMP-008469,"Sample Product 8469",Storage,each,366.83,17.84,1.661
IMP-008470,"Sample Product 8470",Bolts,box,291.14,206.94,0.262
IMP-008471,"Sample Product 8471",Nuts,pallet,491.97,144.30,3.325
IMP-008472,"Sample Product 8472",Washers,each,304.86,17.61,1.187
IMP-008473,"Sample Product 8473",Screws,box,184.13,262.07,3.041
IMP-008474,"Sample Product 8474",Hose,pallet,55.55,266.40,3.989
IMP-008475,"Sample Product 8475",Fittings,each,162.35,22.83,1.421
IMP-008476,"Sample Product 8476",Valves,box,171.18,25.26,1.789
IMP-008477,"Sample Product 8477",Tables,pallet,42.15,82.20,1.229
IMP-008478,"Sample Product 8478",Cookware,each,184.69,94.52,3.783
IMP-008479,"Sample Product 8479",Storage,box,208.12,125.75,1.315
IMP-008480,"Sample Product 8480",Bolts,pallet,447.42,279.40,0.169
IMP-008481,"Sample Product 8481",Nuts,each,225.01,116.01,4.232
IMP-008482,"Sample Product 8482",Washers,box,179.25,160.19,2.743
IMP-008483,"Sample Product 8483",Screws,pallet,43.98,90.73,4.901
IMP-008484,"Sample Product 8484",Hose,each,408.07,297.09,0.710
IMP-008485,"Sample Product 8485",Fittings,box,126.31,125.60,2.344
IMP-008486,"Sample Product 8486",Valves,pallet,111.96,83.86,4.810
IMP-008487,"Sample Product 8487",Tables,each,45.26,129.37,2.185
IMP-008488,"Sample Product 8488",Cookware,box,446.98,132.71,0.835
IMP-008489,"Sample Product 8489",Storage,pallet,161.99,69.24,4.776
IMP-008490,"Sample Product 8490",Bolts,each,145.08,243.96,4.772
IMP-008491,"Sample Product 8491",Nuts,box,65.61,113.24,2.245
IMP-008492,"Sample Product 8492",Washers,pallet,269.92,59.82,4.532
IMP-008493,"Sample Product 8493",Screws,each,318.19,55.97,3.407
IMP-008494,"Sample Product 8494",Hose,box,225.68,279.73,0.034
IMP-008495,"Sample Product 8495",Fittings,pallet,349.44,120.26,4.037
IMP-008496,"Sample Product 8496",Valves,each,497.32,177.01,1.366
IMP-008497,"Sample Product 8497",Tables,box,118.60,18.86,4.979
IMP-008498,"Sample Product 8498",Cookware,pallet,390.76,84.13,2.933
IMP-008499,"Sample Product 8499",Storage,each,310.82,49.21,3.808
IMP-008500,"Sample Product 8500",Bolts,box,436.79,279.93,1.321
IMP-008501,"Sample Product 8501",Nuts,pallet,37.77,24.32,0.933
IMP-008502,"Sample Product 8502",Washers,each,7.55,99.04,0.334
IMP-008503,"Sample Product 8503",Screws,box,201.50,5.27,0.888
IMP-008504,"Sample Product 8504",Hose,pallet,410.11,34.23,2.221
IMP-008505,"Sample Product 8505",Fittings,each,358.09,204.16,2.120
IMP-008506,"Sample Product 8506",Valves,box,391.63,51.28,0.972
IMP-008507,"Sample Product 8507",Tables,pallet,85.98,148.34,0.367
IMP-008508,"Sample Product 8508",Cookware,each,382.36,197.90,1.314
IMP-008509,"Sample Product 8509",Storage,box,390.74,71.08,1.077
IMP-008510,"Sample Product 8510",Bolts,pallet,83.17,152.06,2.989
IMP-008511,"Sample Product 8511",Nuts,each,459.12,7.71,3.947
IMP-008512,"Sample Product 8512",Washers,box,93.97,281.74,1.214
IMP-008513,"Sample Product 8513",Screws,pallet,112.50,201.19,2.257
IMP-008514,"Sample Product 8514",Hose,each,429.02,259.12,4.652
IMP-008515,"Sample Product 8515",Fittings,box,102.90,241.39,2.740
IMP-008516,"Sample Product 8516",Valves,pallet,483.29,167.94,4.472
IMP-008517,"Sample Product 8517",Tables,each,119.43,101.81,4.763
IMP-008518,"Sample Product 8518",Cookware,box,242.43,12.87,0.159
IMP-008519,"Sample Product 8519",Storage,pallet,400.94,165.33,0.298
IMP-008520,"Sample Product 8520",Bolts,each,359.90,92.33,1.802
IMP-008521,"Sample Product 8521",Nuts,box,268.23,297.56,2.072
IMP-008522,"Sample Product 8522",Washers,pallet,192.84,40.85,2.961
IMP-008523,"Sample Product 8523",Screws,each,321.26,279.84,0.173
IMP-008524,"Sample Product 8524",Hose,box,151.07,230.98,2.057
IMP-008525,"Sample Product 8525",Fittings,pallet,342.39,47.49,2.040
IMP-008526,"Sample Product 8526",Valves,each,333.18,234.75,2.381
IMP-008527,"Sample Product 8527",Tables,box,318.95,198.33,3.498
IMP-008528,"Sample Product 8528",Cookware,pallet,289.19,249.07,2.290
IMP-008529,"Sample Product 8529",Storage,each,98.48,141.15,1.949
IMP-008530,"Sample Product 8530",Bolts,box,305.06,90.90,0.448
IMP-008531,"Sample Product 8531",Nuts,pallet,45.20,173.37,2.645
IMP-008532,"Sample Product 8532",Washers,each,295.50,289.53,1.964
IMP-008533,"Sample Product 8533",Screws,box,335.52,220.06,4.379
IMP-008534,"Sample Product 8534",Hose,pallet,264.43,77.76,2.406
IMP-008535,"Sample Product 8535",Fittings,each,259.87,292.08,1.046
IMP-008536,"Sample Product 8536",Valves,box,60.63,114.72,4.640
IMP-008537,"Sample Product 8537",Tables,pallet,27.03,81.00,2.714
IMP-008538,"Sample Product 8538",Cookware,each,148.44,216.40,2.993
IMP-008539,"Sample Product 8539",Storage,box,311.77,252.05,4.718
IMP-008540,"Sample Product 8540",Bolts,pallet,273.61,293.98,0.461
IMP-008541,"Sample Product 8541",Nuts,each,247.14,5.61,2.400
IMP-008542,"Sample Product 8542",Washers,box,193.20,208.81,0.704
IMP-008543,"Sample Product 8543",Screws,pallet,51.20,170.01,0.919
IMP-008544,"Sample Product 8544",Hose,each,37.25,174.56,4.854
IMP-008545,"Sample Product 8545",Fittings,box,49.33,5.01,0.834
IMP-008546,"Sample Product 8546",Valves,pallet,467.37,255.87,2.710
IMP-008547,"Sample Product 8547",Tables,each,11.29,221.38,2.062
IMP-008548,"Sample Product 8548",Cookware,box,170.56,145.09,4.663
IMP-008549,"Sample Product 8549",Storage,pallet,378.50,235.73,0.654
IMP-008550,"Sample Product 8550",Bolts,each,436.61,18.55,0.848
IMP-008551,"Sample Product 8551",Nuts,box,248.94,196.49,3.432
IMP-008552,"Sample Product 8552",Washers,pallet,65.31,262.95,0.189
IMP-008553,"Sample Product 8553",Screws,each,60.00,30.46,1.703
IMP-008554,"Sample Product 8554",Hose,box,471.44,46.92,4.302
IMP-008555,"Sample Product 8555",Fittings,pallet,392.39,203.06,1.284
IMP-008556,"Sample Product 8556",Valves,each,416.98,263.88,3.002
IMP-008557,"Sample Product 8557",Tables,box,409.62,35.25,4.793
IMP-008558,"Sample Product 8558",Cookware,pallet,73.34,37.89,4.561
IMP-008559,"Sample Product 8559",Storage,each,262.68,44.20,3.290
IMP-008560,"Sample Product 8560",Bolts,box,145.34,86.67,0.473
IMP-008561,"Sample Product 8561",Nuts,pallet,448.04,219.26,1.555
IMP-008562,"Sample Product 8562",Washers,each,26.09,213.07,2.777
IMP-008563,"Sample Product 8563",Screws,box,482.85,29.23,3.545
IMP-008564,"Sample Product 8564",Hose,pallet,276.46,195.98,2.641
IMP-008565,"Sample Product 8565",Fittings,each,166.69,295.06,0.526
IMP-008566,"Sample Product 8566",Valves,box,456.36,269.66,4.275
IMP-008567,"Sample Product 8567",Tables,pallet,28.44,78.10,1.277
IMP-008568,"Sample Product 8568",Cookware,each,388.85,248.12,0.464
IMP-008569,"Sample Product 8569",Storage,box,272.50,176.08,2.516
IMP-008570,"Sample Product 8570",Bolts,pallet,207.32,268.47,3.625
IMP-008571,"Sample Product 8571",Nuts,each,435.40,205.69,3.510
IMP-008572,"Sample Product 8572",Washers,box,136.58,276.49,4.330
IMP-008573,"Sample Product 8573",Screws,pallet,58.87,122.73,1.882
IMP-008574,"Sample Product 8574",Hose,each,153.11,207.81,1.455
IMP-008575,"Sample Product 8575",Fittings,box,203.84,257.35,4.538
IMP-008576,"Sample Product 8576",Valves,pallet,184.03,224.52,3.918
IMP-008577,"Sample Product 8577",Tables,each,318.33,242.47,2.439
IMP-008578,"Sample Product 8578",Cookware,box,20.49,235.04,2.357
IMP-008579,"Sample Product 8579",Storage,pallet,341.90,253.11,4.098
IMP-008580,"Sample Product 8580",Bolts,each,106.14,92.56,2.615
IMP-008581,"Sample Product 8581",Nuts,box,124.98,122.43,0.596
IMP-008582,"Sample Product 8582",Washers,pallet,488.03,286.09,1.285
IMP-008583,"Sample Product 8583",Screws,each,252.54,79.30,3.789
IMP-008584,"Sample Product 8584",Hose,box,321.91,235.65,0.523
IMP-008585,"Sample Product 8585",Fittings,pallet,290.14,158.70,1.809
IMP-008586,"Sample Product 8586",Valves,each,303.34,171.01,3.538
IMP-008587,"Sample Product 8587",Tables,box,495.72,93.15,1.846
IMP-008588,"Sample Product 8588",Cookware,pallet,387.18,31.19,1.718
IMP-008589,"Sample Product 8589",Storage,each,200.85,93.12,2.641
IMP-008590,"Sample Product 8590",Bolts,box,494.28,177.93,4.821
IMP-008591,"Sample Product 8591",Nuts,pallet,18.44,65.96,3.619
IMP-008592,"Sample Product 8592",Washers,each,386.03,62.20,1.253
IMP-008593,"Sample Product 8593",Screws,box,454.37,125.51,3.861
IMP-008594,"Sample Product 8594",Hose,pallet,186.45,34.64,1.044
IMP-008595,"Sample Product 8595",Fittings,each,449.84,136.84,0.671
IMP-008596,"Sample Product 8596",Valves,box,21.42,28.64,1.775
IMP-008597,"Sample Product 8597",Tables,pallet,356.02,275.56,3.676
IMP-008598,"Sample Product 8598",Cookware,each,237.64,182.87,0.288
IMP-008599,"Sample Product 8599",Storage,box,87.46,38.41,4.318
IMP-008600,"Sample Product 8600",Bolts,pallet,359.06,67.51,4.320
IMP-008601,"Sample Product 8601",Nuts,each,360.75,96.25,4.148
IMP-008602,"Sample Product 8602",Washers,box,123.38,145.93,0.049
IMP-008603,"Sample Product 8603",Screws,pallet,148.20,42.48,0.728
IMP-008604,"Sample Product 8604",Hose,each,369.50,201.53,1.233
IMP-008605,"Sample Product 8605",Fittings,box,335.06,186.06,1.171
IMP-008606,"Sample Product 8606",Valves,pallet,415.37,6.33,0.786
IMP-008607,"Sample Product 8607",Tables,each,324.51,224.79,1.370
IMP-008608,"Sample Product 8608",Cookware,box,84.60,237.59,0.152
IMP-008609,"Sample Product 8609",Storage,pallet,139.69,138.85,1.915
IMP-008610,"Sample Product 8610",Bolts,each,428.70,99.52,1.100
IMP-008611,"Sample Product 8611",Nuts,box,95.37,26.15,3.452
IMP-008612,"Sample Product 8612",Washers,pallet,134.75,208.31,1.408
IMP-008613,"Sample Product 8613",Screws,each,465.40,100.04,4.561
IMP-008614,"Sample Product 8614",Hose,box,175.30,110.44,1.470
IMP-008615,"Sample Product 8615",Fittings,pallet,21.23,224.01,4.658
IMP-008616,"Sample Product 8616",Valves,each,109.05,251.57,1.993
IMP-008617,"Sample Product 8617",Tables,box,486.75,254.51,2.518
IMP-008618,"Sample Product 8618",Cookware,pallet,390.93,294.58,3.710
IMP-008619,"Sample Product 8619",Storage,each,451.35,167.36,2.182
IMP-008620,"Sample Product 8620",Bolts,box,218.45,96.88,0.463
IMP-008621,"Sample Product 8621",Nuts,pallet,298.15,122.47,4.767
IMP-008622,"Sample Product 8622",Washers,each,373.66,201.49,3.912
IMP-008623,"Sample Product 8623",Screws,box,344.78,95.43,4.216
IMP-008624,"Sample Product 8624",Hose,pallet,33.81,76.35,2.670
IMP-008625,"Sample Product 8625",Fittings,each,374.52,171.67,2.838
IMP-008626,"Sample Product 8626",Valves,box,265.76,200.49,3.760
IMP-008627,"Sample Product 8627",Tables,pallet,431.63,173.66,0.877
IMP-008628,"Sample Product 8628",Cookware,each,311.01,93.24,3.313
IMP-008629,"Sample Product 8629",Storage,box,246.02,152.40,4.085
IMP-008630,"Sample Product 8630",Bolts,pallet,348.00,185.55,4.131
IMP-008631,"Sample Product 8631",Nuts,each,495.67,171.75,4.607
IMP-008632,"Sample Product 8632",Washers,box,391.86,294.61,1.017
IMP-008633,"Sample Product 8633",Screws,pallet,360.35,18.43,0.541
IMP-008634,"Sample Product 8634",Hose,each,226.30,277.83,0.060
IMP-008635,"Sample Product 8635",Fittings,box,198.89,151.66,2.248
IMP-008636,"Sample Product 8636",Valves,pallet,235.24,293.08,4.771
IMP-008637,"Sample Product 8637",Tables,each,346.22,152.50,1.169
IMP-008638,"Sample Product 8638",Cookware,box,258.27,5.10,1.433
IMP-008639,"Sample Product 8639",Storage,pallet,243.54,202.41,4.359
IMP-008640,"Sample Product 8640",Bolts,each,115.66,292.99,4.326
IMP-008641,"Sample Product 8641",Nuts,box,482.80,136.08,0.559
IMP-008642,"Sample Product 8642",Washers,pallet,434.70,220.19,2.260
IMP-008643,"Sample Product 8643",Screws,each,108.96,48.33,3.890
IMP-008644,"Sample Product 8644",Hose,box,318.47,26.63,0.826
IMP-008645,"Sample Product 8645",Fittings,pallet,292.01,261.37,1.724
IMP-008646,"Sample Product 8646",Valves,each,255.84,194.10,4.404
IMP-008647,"Sample Product 8647",Tables,box,437.52,163.69,3.676
IMP-008648,"Sample Product 8648",Cookware,pallet,175.10,109.55,4.468
IMP-008649,"Sample Product 8649",Storage,each,448.28,123.41,1.949
IMP-008650,"Sample Product 8650",Bolts,box,326.61,95.64,2.193
IMP-008651,"Sample Product 8651",Nuts,pallet,11.19,221.78,2.356
IMP-008652,"Sample Product 8652",Washers,each,25.91,18.28,0.565
IMP-008653,"Sample Product 8653",Screws,box,31.34,197.12,4.138
IMP-008654,"Sample Product 8654",Hose,pallet,404.20,67.93,1.922
IMP-008655,"Sample Product 8655",Fittings,each,295.08,123.59,1.646
IMP-008656,"Sample Product 8656",Valves,box,195.04,162.35,1.307
IMP-008657,"Sample Product 8657",Tables,pallet,160.78,266.47,0.812
IMP-008658,"Sample Product 8658",Cookware,each,106.17,239.50,1.715
IMP-008659,"Sample Product 8659",Storage,box,100.74,51.53,3.153
IMP-008660,"Sample Product 8660",Bolts,pallet,43.66,81.93,2.620
IMP-008661,"Sample Product 8661",Nuts,each,242.99,97.84,3.795
IMP-008662,"Sample Product 8662",Washers,box,353.91,102.85,1.486
IMP-008663,"Sample Product 8663",Screws,pallet,230.91,200.76,2.487
IMP-008664,"Sample Product 8664",Hose,each,212.22,26.02,2.232
IMP-008665,"Sample Product 8665",Fittings,box,84.23,125.25,4.701
IMP-008666,"Sample Product 8666",Valves,pallet,94.90,110.57,4.803
IMP-008667,"Sample Product 8667",Tables,each,6.87,248.69,2.818
IMP-008668,"Sample Product 8668",Cookware,box,170.60,98.99,1.883
IMP-008669,"Sample Product 8669",Storage,pallet,445.15,95.41,0.264
IMP-008670,"Sample Product 8670",Bolts,each,461.61,57.60,0.298
IMP-008671,"Sample Product 8671",Nuts,box,225.04,188.68,4.838
IMP-008672,"Sample Product 8672",Washers,pallet,261.87,195.38,1.047
IMP-008673,"Sample Product 8673",Screws,each,152.53,82.61,1.872
IMP-008674,"Sample Product 8674",Hose,box,192.68,268.72,2.309
IMP-008675,"Sample Product 8675",Fittings,pallet,177.19,21.47,3.944
IMP-008676,"Sample Product 8676",Valves,each,38.12,280.78,1.236
IMP-008677,"Sample Product 8677",Tables,box,202.38,172.61,3.931
IMP-008678,"Sample Product 8678",Cookware,pallet,318.84,77.95,1.835
IMP-008679,"Sample Product 8679",Storage,each,208.98,20.85,2.354
IMP-008680,"Sample Product 8680",Bolts,box,327.18,140.92,2.095
IMP-008681,"Sample Product 8681",Nuts,pallet,265.22,125.06,1.632
IMP-008682,"Sample Product 8682",Washers,each,387.60,205.91,1.118
IMP-008683,"Sample Product 8683",Screws,box,337.95,60.89,0.472
IMP-008684,"Sample Product 8684",Hose,pallet,345.88,160.31,4.569
IMP-008685,"Sample Product 8685",Fittings,each,303.66,144.41,2.266
IMP-008686,"Sample Product 8686",Valves,box,30.10,269.15,2.128
IMP-008687,"Sample Product 8687",Tables,pallet,338.77,176.37,0.979
IMP-008688,"Sample Product 8688",Cookware,each,437.74,267.17,3.855
IMP-008689,"Sample Product 8689",Storage,box,264.37,109.01,1.404
IMP-008690,"Sample Product 8690",Bolts,pallet,38.75,117.06,3.026
IMP-008691,"Sample Product 8691",Nuts,each,41.16,220.79,1.676
IMP-008692,"Sample Product 8692",Washers,box,189.86,69.02,0.808
IMP-008693,"Sample Product 8693",Screws,pallet,13.12,164.41,1.302
IMP-008694,"Sample Product 8694",Hose,each,394.20,84.66,1.995
IMP-008695,"Sample Product 8695",Fittings,box,373.68,99.42,1.575
IMP-008696,"Sample Product 8696",Valves,pallet,270.24,72.06,0.128
IMP-008697,"Sample Product 8697",Tables,each,406.92,248.25,3.251
IMP-008698,"Sample Product 8698",Cookware,box,85.39,54.97,4.951
IMP-008699,"Sample Product 8699",Storage,pallet,46.39,188.50,0.206
IMP-008700,"Sample Product 8700",Bolts,each,192.60,283.62,1.731
IMP-008701,"Sample Product 8701",Nuts,box,261.34,237.41,4.905
IMP-008702,"Sample Product 8702",Washers,pallet,153.19,166.60,3.671
IMP-008703,"Sample Product 8703",Screws,each,141.21,18.79,1.687
IMP-008704,"Sample Product 8704",Hose,box,476.20,268.42,3.371
IMP-008705,"Sample Product 8705",Fittings,pallet,58.38,191.86,2.356
IMP-008706,"Sample Product 8706",Valves,each,319.16,289.61,3.376
IMP-008707,"Sample Product 8707",Tables,box,260.34,34.33,0.605
IMP-008708,"Sample Product 8708",Cookware,pallet,446.73,49.18,2.068
IMP-008709,"Sample Product 8709",Storage,each,168.73,289.64,2.266
IMP-008710,"Sample Product 8710",Bolts,box,213.01,59.54,1.899
IMP-008711,"Sample Product 8711",Nuts,pallet,264.76,13.49,0.138
IMP-008712,"Sample Product 8712",Washers,each,287.85,245.36,3.180
IMP-008713,"Sample Product 8713",Screws,box,473.06,40.08,1.409
IMP-008714,"Sample Product 8714",Hose,pallet,362.93,2.67,3.423
IMP-008715,"Sample Product 8715",Fittings,each,171.21,7.66,1.036
IMP-008716,"Sample Product 8716",Valves,box,133.26,130.80,1.384
IMP-008717,"Sample Product 8717",Tables,pallet,232.63,15.48,1.771
IMP-008718,"Sample Product 8718",Cookware,each,13.05,152.57,3.812
IMP-008719,"Sample Product 8719",Storage,box,43.29,292.55,3.733
IMP-008720,"Sample Product 8720",Bolts,pallet,351.75,85.24,3.534
IMP-008721,"Sample Product 8721",Nuts,each,473.04,154.10,3.440
IMP-008722,"Sample Product 8722",Washers,box,231.10,221.84,0.478
IMP-008723,"Sample Product 8723",Screws,pallet,172.87,149.13,1.194
IMP-008724,"Sample Product 8724",Hose,each,105.63,276.17,4.502
IMP-008725,"Sample Product 8725",Fittings,box,155.50,147.28,4.538
IMP-008726,"Sample Product 8726",Valves,pallet,141.91,167.05,4.673
IMP-008727,"Sample Product 8727",Tables,each,393.85,155.00,0.353
IMP-008728,"Sample Product 8728",Cookware,box,3.00,202.10,1.700
IMP-008729,"Sample Product 8729",Storage,pallet,279.35,222.09,1.214
IMP-008730,"Sample Product 8730",Bolts,each,233.42,99.81,1.227
IMP-008731,"Sample Product 8731",Nuts,box,161.65,201.22,1.118
IMP-008732,"Sample Product 8732",Washers,pallet,51.05,240.56,2.910
IMP-008733,"Sample Product 8733",Screws,each,12.87,126.06,4.236
IMP-008734,"Sample Product 8734",Hose,box,356.99,65.94,4.487
IMP-008735,"Sample Product 8735",Fittings,pallet,152.38,274.58,0.891
IMP-008736,"Sample Product 8736",Valves,each,320.88,263.06,1.658
IMP-008737,"Sample Product 8737",Tables,box,156.67,51.23,2.680
IMP-008738,"Sample Product 8738",Cookware,pallet,490.21,80.02,0.180
IMP-008739,"Sample Product 8739",Storage,each,67.81,8.02,4.823
IMP-008740,"Sample Product 8740",Bolts,box,47.24,153.01,3.675
IMP-008741,"Sample Product 8741",Nuts,pallet,137.33,32.42,4.842
IMP-008742,"Sample Product 8742",Washers,each,197.69,58.88,4.699
IMP-008743,"Sample Product 8743",Screws,box,374.10,35.92,0.580
IMP-008744,"Sample Product 8744",Hose,pallet,366.01,116.65,4.204
IMP-008745,"Sample Product 8745",Fittings,each,209.00,245.14,3.766
IMP-008746,"Sample Product 8746",Valves,box,90.38,122.20,1.272
IMP-008747,"Sample Product 8747",Tables,pallet,276.19,186.51,2.438
IMP-008748,"Sample Product 8748",Cookware,each,164.70,152.10,2.180
IMP-008749,"Sample Product 8749",Storage,box,316.53,53.90,4.252
IMP-008750,"Sample Product 8750",Bolts,pallet,49.07,153.02,2.417
IMP-008751,"Sample Product 8751",Nuts,each,145.46,130.56,1.105
IMP-008752,"Sample Product 8752",Washers,box,141.59,108.27,2.899
IMP-008753,"Sample Product 8753",Screws,pallet,336.43,103.25,1.484
IMP-008754,"Sample Product 8754",Hose,each,126.43,255.70,1.281
IMP-008755,"Sample Product 8755",Fittings,box,31.12,34.77,0.610
IMP-008756,"Sample Product 8756",Valves,pallet,187.53,21.07,3.533
IMP-008757,"Sample Product 8757",Tables,each,78.51,98.39,3.314
IMP-008758,"Sample Product 8758",Cookware,box,38.42,98.67,4.195
IMP-008759,"Sample Product 8759",Storage,pallet,20.75,175.93,0.261
IMP-008760,"Sample Product 8760",Bolts,each,4.93,211.14,2.958
IMP-008761,"Sample Product 8761",Nuts,box,110.00,112.15,4.790
IMP-008762,"Sample Product 8762",Washers,pallet,474.59,252.85,3.043
IMP-008763,"Sample Product 8763",Screws,each,427.95,18.49,2.370
IMP-008764,"Sample Product 8764",Hose,box,54.16,98.38,0.167
IMP-008765,"Sample Product 8765",Fittings,pallet,151.96,40.75,4.122
IMP-008766,"Sample Product 8766",Valves,each,212.85,167.70,4.098
IMP-008767,"Sample Product 8767",Tables,box,356.33,201.27,4.125
IMP-008768,"Sample Product 8768",Cookware,pallet,84.83,288.57,1.850
IMP-008769,"Sample Product 8769",Storage,each,333.71,188.85,2.960
IMP-008770,"Sample Product 8770",Bolts,box,100.85,236.16,4.164
IMP-008771,"Sample Product 8771",Nuts,pallet,467.84,247.13,2.514
IMP-008772,"Sample Product 8772",Washers,each,86.07,159.95,2.164
IMP-008773,"Sample Product 8773",Screws,box,52.88,118.44,1.913
IMP-008774,"Sample Product 8774",Hose,pallet,271.38,260.74,4.407
IMP-008775,"Sample Product 8775",Fittings,each,201.59,245.61,4.844
IMP-008776,"Sample Product 8776",Valves,box,377.12,106.11,4.656
IMP-008777,"Sample Product 8777",Tables,pallet,335.78,278.35,2.728
IMP-008778,"Sample Product 8778",Cookware,each,300.94,134.48,4.628
IMP-008779,"Sample Product 8779",Storage,box,272.99,192.36,3.087
IMP-008780,"Sample Product 8780",Bolts,pallet,148.57,0.79,4.160
IMP-008781,"Sample Product 8781",Nuts,each,214.33,23.48,4.043
IMP-008782,"Sample Product 8782",Washers,box,239.97,280.34,1.876
IMP-008783,"Sample Product 8783",Screws,pallet,378.96,36.04,0.899
IMP-008784,"Sample Product 8784",Hose,each,223.22,144.21,3.879
IMP-008785,"Sample Product 8785",Fittings,box,42.39,85.59,3.464
IMP-008786,"Sample Product 8786",Valves,pallet,351.71,52.05,0.157
IMP-008787,"Sample Product 8787",Tables,each,281.51,41.85,3.669
IMP-008788,"Sample Product 8788",Cookware,box,68.72,299.62,4.449
IMP-008789,"Sample Product 8789",Storage,pallet,194.93,259.15,3.984
IMP-008790,"Sample Product 8790",Bolts,each,328.70,138.29,0.459
IMP-008791,"Sample Product 8791",Nuts,box,219.97,241.70,0.192
IMP-008792,"Sample Product 8792",Washers,pallet,161.35,109.76,4.245
IMP-008793,"Sample Product 8793",Screws,each,19.97,53.57,3.570
IMP-008794,"Sample Product 8794",Hose,box,195.65,241.01,3.672
IMP-008795,"Sample Product 8795",Fittings,pallet,344.00,221.43,2.528
IMP-008796,"Sample Product 8796",Valves,each,233.23,155.59,0.238
IMP-008797,"Sample Product 8797",Tables,box,435.23,260.07,0.814
IMP-008798,"Sample Product 8798",Cookware,pallet,363.61,214.73,0.836
IMP-008799,"Sample Product 8799",Storage,each,225.40,203.92,4.548
IMP-008800,"Sample Product 8800",Bolts,box,368.76,222.32,1.981
IMP-008801,"Sample Product 8801",Nuts,pallet,198.28,77.13,4.876
IMP-008802,"Sample Product 8802",Washers,each,366.78,92.96,4.657
IMP-008803,"Sample Product 8803",Screws,box,6.95,23.88,1.217
IMP-008804,"Sample Product 8804",Hose,pallet,265.53,149.65,1.360
IMP-008805,"Sample Product 8805",Fittings,each,328.32,264.00,0.034
IMP-008806,"Sample Product 8806",Valves,box,445.38,207.25,4.493
IMP-008807,"Sample Product 8807",Tables,pallet,376.35,232.29,0.870
IMP-008808,"Sample Product 8808",Cookware,each,115.69,156.31,0.745
IMP-008809,"Sample Product 8809",Storage,box,261.38,263.79,3.858
IMP-008810,"Sample Product 8810",Bolts,pallet,115.46,192.15,3.939
IMP-008811,"Sample Product 8811",Nuts,each,54.72,81.39,4.449
IMP-008812,"Sample Product 8812",Washers,box,165.65,111.67,1.078
IMP-008813,"Sample Product 8813",Screws,pallet,141.55,38.26,2.580
IMP-008814,"Sample Product 8814",Hose,each,195.71,140.05,1.451
IMP-008815,"Sample Product 8815",Fittings,box,208.99,123.56,1.611
IMP-008816,"Sample Product 8816",Valves,pallet,93.75,88.92,0.416
IMP-008817,"Sample Product 8817",Tables,each,328.83,218.62,0.272
IMP-008818,"Sample Product 8818",Cookware,box,338.79,218.57,4.766
IMP-008819,"Sample Product 8819",Storage,pallet,467.45,274.00,3.803
IMP-008820,"Sample Product 8820",Bolts,each,465.94,234.48,1.650
IMP-008821,"Sample Product 8821",Nuts,box,350.50,42.66,1.497
IMP-008822,"Sample Product 8822",Washers,pallet,276.02,223.11,3.275
IMP-008823,"Sample Product 8823",Screws,each,315.70,122.54,2.700
IMP-008824,"Sample Product 8824",Hose,box,422.84,160.67,3.832
IMP-008825,"Sample Product 8825",Fittings,pallet,110.26,74.55,2.842
IMP-008826,"Sample Product 8826",Valves,each,15.72,39.94,2.055
IMP-008827,"Sample Product 8827",Tables,box,50.80,197.14,3.180
IMP-008828,"Sample Product 8828",Cookware,pallet,407.38,35.33,3.553
IMP-008829,"Sample Product 8829",Storage,each,445.12,164.93,2.190
IMP-008830,"Sample Product 8830",Bolts,box,360.52,292.96,1.885
IMP-008831,"Sample Product 8831",Nuts,pallet,175.38,239.55,3.734
IMP-008832,"Sample Product 8832",Washers,each,17.00,13.49,0.581
IMP-008833,"Sample Product 8833",Screws,box,420.71,293.29,0.342
IMP-008834,"Sample Product 8834",Hose,pallet,277.48,142.85,1.424
IMP-008835,"Sample Product 8835",Fittings,each,299.95,217.65,3.453
IMP-008836,"Sample Product 8836",Valves,box,152.22,165.91,3.962
IMP-008837,"Sample Product 8837",Tables,pallet,442.57,44.05,2.089
IMP-008838,"Sample Product 8838",Cookware,each,152.23,55.73,0.783
IMP-008839,"Sample Product 8839",Storage,box,489.08,145.73,3.927
IMP-008840,"Sample Product 8840",Bolts,pallet,6.28,252.92,0.866
IMP-008841,"Sample Product 8841",Nuts,each,11.59,57.35,3.375
IMP-008842,"Sample Product 8842",Washers,box,236.49,7.87,2.440
IMP-008843,"Sample Product 8843",Screws,pallet,114.68,169.89,4.611
IMP-008844,"Sample Product 8844",Hose,each,53.20,295.63,4.851
IMP-008845,"Sample Product 8845",Fittings,box,35.78,101.16,1.794
IMP-008846,"Sample Product 8846",Valves,pallet,264.69,2.34,1.092
IMP-008847,"Sample Product 8847",Tables,each,211.02,133.72,1.157
IMP-008848,"Sample Product 8848",Cookware,box,229.56,142.32,0.466
IMP-008849,"Sample Product 8849",Storage,pallet,462.38,193.75,2.113
IMP-008850,"Sample Product 8850",Bolts,each,296.24,156.42,0.934
IMP-008851,"Sample Product 8851",Nuts,box,241.14,209.28,1.534
IMP-008852,"Sample Product 8852",Washers,pallet,141.03,205.60,1.260
IMP-008853,"Sample Product 8853",Screws,each,154.87,297.10,0.445
IMP-008854,"Sample Product 8854",Hose,box,104.15,277.67,1.439
IMP-008855,"Sample Product 8855",Fittings,pallet,211.22,219.35,4.016
IMP-008856,"Sample Product 8856",Valves,each,50.27,237.91,0.064
IMP-008857,"Sample Product 8857",Tables,box,369.26,175.45,4.984
IMP-008858,"Sample Product 8858",Cookware,pallet,172.82,71.24,3.548
IMP-008859,"Sample Product 8859",Storage,each,273.82,30.79,2.054
IMP-008860,"Sample Product 8860",Bolts,box,483.57,77.62,2.476
IMP-008861,"Sample Product 8861",Nuts,pallet,149.53,229.56,0.162
IMP-008862,"Sample Product 8862",Washers,each,223.01,102.87,2.683
IMP-008863,"Sample Product 8863",Screws,box,353.72,33.79,1.616
IMP-008864,"Sample Product 8864",Hose,pallet,445.27,296.37,4.213
IMP-008865,"Sample Product 8865",Fittings,each,106.75,37.65,1.611
IMP-008866,"Sample Product 8866",Valves,box,282.72,181.53,3.171
IMP-008867,"Sample Product 8867",Tables,pallet,6.09,196.47,2.275
IMP-008868,"Sample Product 8868",Cookware,each,334.71,95.22,2.062
IMP-008869,"Sample Product 8869",Storage,box,318.24,129.47,4.003
IMP-008870,"Sample Product 8870",Bolts,pallet,36.69,211.55,3.202
IMP-008871,"Sample Product 8871",Nuts,each,209.57,183.80,2.581
IMP-008872,"Sample Product 8872",Washers,box,154.91,141.03,3.617
IMP-008873,"Sample Product 8873",Screws,pallet,194.58,239.33,1.242
IMP-008874,"Sample Product 8874",Hose,each,408.14,28.12,3.923
IMP-008875,"Sample Product 8875",Fittings,box,429.09,287.72,1.602
IMP-008876,"Sample Product 8876",Valves,pallet,486.80,26.08,3.318
IMP-008877,"Sample Product 8877",Tables,each,320.01,289.44,0.416
IMP-008878,"Sample Product 8878",Cookware,box,235.28,169.29,4.404
IMP-008879,"Sample Product 8879",Storage,pallet,46.90,143.25,0.282
IMP-008880,"Sample Product 8880",Bolts,each,65.88,237.02,1.703
IMP-008881,"Sample Product 8881",Nuts,box,124.80,83.21,1.866
IMP-008882,"Sample Product 8882",Washers,pallet,191.81,65.02,0.322
IMP-008883,"Sample Product 8883",Screws,each,234.06,199.33,3.414
IMP-008884,"Sample Product 8884",Hose,box,288.72,221.64,1.252
IMP-008885,"Sample Product 8885",Fittings,pallet,231.85,140.27,3.591
IMP-008886,"Sample Product 8886",Valves,each,359.96,169.12,0.024
IMP-008887,"Sample Product 8887",Tables,box,125.61,224.75,2.454
IMP-008888,"Sample Product 8888",Cookware,pallet,85.39,243.05,0.165
IMP-008889,"Sample Product 8889",Storage,each,385.81,249.65,2.092
IMP-008890,"Sample Product 8890",Bolts,box,263.36,225.94,2.558
IMP-008891,"Sample Product 8891",Nuts,pallet,228.15,232.51,3.036
IMP-008892,"Sample Product 8892",Washers,each,94.78,186.63,2.678
IMP-008893,"Sample Product 8893",Screws,box,455.40,294.03,0.165
IMP-008894,"Sample Product 8894",Hose,pallet,27.39,6.27,2.044
IMP-008895,"Sample Product 8895",Fittings,each,18.22,193.46,1.980
IMP-008896,"Sample Product 8896",Valves,box,470.65,166.32,2.716
IMP-008897,"Sample Product 8897",Tables,pallet,81.51,141.12,3.782
IMP-008898,"Sample Product 8898",Cookware,each,12.53,114.08,2.751
IMP-008899,"Sample Product 8899",Storage,box,488.61,241.97,4.549
IMP-008900,"Sample Product 8900",Bolts,pallet,356.11,75.74,1.514
IMP-008901,"Sample Product 8901",Nuts,each,7.37,277.48,3.589
IMP-008902,"Sample Product 8902",Washers,box,457.45,275.23,3.928
IMP-008903,"Sample Product 8903",Screws,pallet,116.97,105.69,1.379
IMP-008904,"Sample Product 8904",Hose,each,470.30,49.21,0.561
IMP-008905,"Sample Product 8905",Fittings,box,263.25,260.15,2.581
IMP-008906,"Sample Product 8906",Valves,pallet,151.30,293.29,4.955
IMP-008907,"Sample Product 8907",Tables,each,426.37,11.59,0.085
IMP-008908,"Sample Product 8908",Cookware,box,181.77,31.88,2.240
IMP-008909,"Sample Product 8909",Storage,pallet,271.82,91.57,1.680
IMP-008910,"Sample Product 8910",Bolts,each,243.95,142.28,1.490
IMP-008911,"Sample Product 8911",Nuts,box,309.88,13.35,1.801
IMP-008912,"Sample Product 8912",Washers,pallet,162.58,263.85,1.107
IMP-008913,"Sample Product 8913",Screws,each,148.62,88.96,2.869
IMP-008914,"Sample Product 8914",Hose,box,41.41,153.12,4.140
IMP-008915,"Sample Product 8915",Fittings,pallet,223.99,174.80,2.318
IMP-008916,"Sample Product 8916",Valves,each,208.60,230.17,3.781
IMP-008917,"Sample Product 8917",Tables,box,379.19,73.63,2.043
IMP-008918,"Sample Product 8918",Cookware,pallet,497.25,29.11,1.403
IMP-008919,"Sample Product 8919",Storage,each,76.58,205.43,0.463
IMP-008920,"Sample Product 8920",Bolts,box,293.09,268.24,3.618
IMP-008921,"Sample Product 8921",Nuts,pallet,321.83,164.08,3.985
IMP-008922,"Sample Product 8922",Washers,each,497.08,168.21,4.458
IMP-008923,"Sample Product 8923",Screws,box,228.40,242.06,1.101
IMP-008924,"Sample Product 8924",Hose,pallet,448.71,204.89,2.267
IMP-008925,"Sample Product 8925",Fittings,each,235.48,7.39,2.721
IMP-008926,"Sample Product 8926",Valves,box,108.26,294.65,3.091
IMP-008927,"Sample Product 8927",Tables,pallet,162.09,55.29,0.377
IMP-008928,"Sample Product 8928",Cookware,each,376.41,220.93,4.291
IMP-008929,"Sample Product 8929",Storage,box,471.64,121.04,1.143
IMP-008930,"Sample Product 8930",Bolts,pallet,250.03,263.03,0.306
IMP-008931,"Sample Product 8931",Nuts,each,483.79,113.53,1.970
IMP-008932,"Sample Product 8932",Washers,box,467.28,164.51,3.280
IMP-008933,"Sample Product 8933",Screws,pallet,459.37,171.63,2.149
IMP-008934,"Sample Product 8934",Hose,each,19.70,192.09,0.021
IMP-008935,"Sample Product 8935",Fittings,box,241.35,179.61,2.595
IMP-008936,"Sample Product 8936",Valves,pallet,480.34,193.95,2.982
IMP-008937,"Sample Product 8937",Tables,each,255.61,194.79,1.058
IMP-008938,"Sample Product 8938",Cookware,box,468.89,221.99,2.032
IMP-008939,"Sample Product 8939",Storage,pallet,254.07,143.37,3.534
IMP-008940,"Sample Product 8940",Bolts,each,165.99,77.36,2.691
IMP-008941,"Sample Product 8941",Nuts,box,374.14,132.60,1.684
IMP-008942,"Sample Product 8942",Washers,pallet,424.30,124.03,1.433
IMP-008943,"Sample Product 8943",Screws,each,473.22,251.56,1.106
IMP-008944,"Sample Product 8944",Hose,box,439.36,280.86,0.870
IMP-008945,"Sample Product 8945",Fittings,pallet,26.62,124.86,0.122
IMP-008946,"Sample Product 8946",Valves,each,262.78,65.28,0.061
IMP-008947,"Sample Product 8947",Tables,box,384.43,84.34,3.174
IMP-008948,"Sample Product 8948",Cookware,pallet,487.32,286.76,4.737
IMP-008949,"Sample Product 8949",Storage,each,6.65,1.68,0.042
IMP-008950,"Sample Product 8950",Bolts,box,451.06,234.77,1.090
IMP-008951,"Sample Product 8951",Nuts,pallet,70.91,244.04,0.686
IMP-008952,"Sample Product 8952",Washers,each,357.21,117.61,2.436
IMP-008953,"Sample Product 8953",Screws,box,91.08,269.24,0.709
IMP-008954,"Sample Product 8954",Hose,pallet,480.27,239.86,1.726
IMP-008955,"Sample Product 8955",Fittings,each,122.83,255.37,3.219
IMP-008956,"Sample Product 8956",Valves,box,350.00,182.68,0.317
IMP-008957,"Sample Product 8957",Tables,pallet,155.86,24.58,0.792
IMP-008958,"Sample Product 8958",Cookware,each,189.06,201.68,0.742
IMP-008959,"Sample Product 8959",Storage,box,360.25,147.37,3.055
IMP-008960,"Sample Product 8960",Bolts,pallet,163.37,85.99,3.556
IMP-008961,"Sample Product 8961",Nuts,each,77.50,78.84,2.976
IMP-008962,"Sample Product 8962",Washers,box,259.86,106.50,1.044
IMP-008963,"Sample Product 8963",Screws,pallet,319.34,49.08,4.086
IMP-008964,"Sample Product 8964",Hose,each,321.99,63.80,0.492
IMP-008965,"Sample Product 8965",Fittings,box,138.65,5.73,0.110
IMP-008966,"Sample Product 8966",Valves,pallet,317.49,23.36,4.048
IMP-008967,"Sample Product 8967",Tables,each,2.27,285.93,4.987
IMP-008968,"Sample Product 8968",Cookware,box,310.58,13.46,0.947
IMP-008969,"Sample Product 8969",Storage,pallet,394.54,35.54,4.102
IMP-008970,"Sample Product 8970",Bolts,each,282.06,221.77,0.603
IMP-008971,"Sample Product 8971",Nuts,box,61.95,80.50,1.114
IMP-008972,"Sample Product 8972",Washers,pallet,181.50,78.19,2.291
IMP-008973,"Sample Product 8973",Screws,each,186.49,14.11,0.238
IMP-008974,"Sample Product 8974",Hose,box,59.58,102.55,2.127
IMP-008975,"Sample Product 8975",Fittings,pallet,185.38,159.07,0.249
IMP-008976,"Sample Product 8976",Valves,each,204.83,262.74,2.488
IMP-008977,"Sample Product 8977",Tables,box,71.70,15.30,0.224
IMP-008978,"Sample Product 8978",Cookware,pallet,162.77,64.25,1.551
IMP-008979,"Sample Product 8979",Storage,each,369.81,276.63,1.188
IMP-008980,"Sample Product 8980",Bolts,box,27.16,87.32,3.048
IMP-008981,"Sample Product 8981",Nuts,pallet,469.76,292.45,4.901
IMP-008982,"Sample Product 8982",Washers,each,85.36,104.09,1.653
IMP-008983,"Sample Product 8983",Screws,box,85.14,116.80,1.471
IMP-008984,"Sample Product 8984",Hose,pallet,153.88,243.81,0.266
IMP-008985,"Sample Product 8985",Fittings,each,198.83,122.65,4.998
IMP-008986,"Sample Product 8986",Valves,box,345.53,115.81,3.171
IMP-008987,"Sample Product 8987",Tables,pallet,239.89,286.40,3.002
IMP-008988,"Sample Product 8988",Cookware,each,422.88,92.04,3.154
IMP-008989,"Sample Product 8989",Storage,box,49.40,230.18,0.826
IMP-008990,"Sample Product 8990",Bolts,pallet,408.16,292.64,4.453
IMP-008991,"Sample Product 8991",Nuts,each,254.89,71.40,2.667
IMP-008992,"Sample Product 8992",Washers,box,214.48,160.35,2.173
IMP-008993,"Sample Product 8993",Screws,pallet,432.67,225.35,0.433
IMP-008994,"Sample Product 8994",Hose,each,113.38,24.88,1.313
IMP-008995,"Sample Product 8995",Fittings,box,246.46,268.73,3.536
IMP-008996,"Sample Product 8996",Valves,pallet,274.07,44.08,4.390
IMP-008997,"Sample Product 8997",Tables,each,348.39,10.78,3.549
IMP-008998,"Sample Product 8998",Cookware,box,90.17,40.55,3.276
IMP-008999,"Sample Product 8999",Storage,pallet,456.43,102.39,1.907
IMP-009000,"Sample Product 9000",Bolts,each,141.87,172.10,0.074
IMP-009001,"Sample Product 9001",Nuts,box,90.63,146.87,4.411
IMP-009002,"Sample Product 9002",Washers,pallet,464.08,273.86,3.913
IMP-009003,"Sample Product 9003",Screws,each,460.91,49.64,0.146
IMP-009004,"Sample Product 9004",Hose,box,387.78,125.53,1.738
IMP-009005,"Sample Product 9005",Fittings,pallet,5.47,256.11,3.128
IMP-009006,"Sample Product 9006",Valves,each,77.36,149.92,2.999
IMP-009007,"Sample Product 9007",Tables,box,445.24,113.21,1.502
IMP-009008,"Sample Product 9008",Cookware,pallet,269.33,60.23,0.998
IMP-009009,"Sample Product 9009",Storage,each,323.74,106.58,1.690
IMP-009010,"Sample Product 9010",Bolts,box,406.17,105.21,1.419
IMP-009011,"Sample Product 9011",Nuts,pallet,235.63,150.86,1.221
IMP-009012,"Sample Product 9012",Washers,each,97.69,27.49,0.717
IMP-009013,"Sample Product 9013",Screws,box,13.57,95.96,2.800
IMP-009014,"Sample Product 9014",Hose,pallet,215.70,187.88,1.478
IMP-009015,"Sample Product 9015",Fittings,each,300.39,135.75,3.031
IMP-009016,"Sample Product 9016",Valves,box,346.54,17.21,1.540
IMP-009017,"Sample Product 9017",Tables,pallet,65.43,241.61,4.974
IMP-009018,"Sample Product 9018",Cookware,each,80.44,297.92,2.305
IMP-009019,"Sample Product 9019",Storage,box,410.68,180.04,4.295
IMP-009020,"Sample Product 9020",Bolts,pallet,150.81,231.75,4.309
IMP-009021,"Sample Product 9021",Nuts,each,174.98,69.98,3.948
IMP-009022,"Sample Product 9022",Washers,box,83.38,184.63,0.501
IMP-009023,"Sample Product 9023",Screws,pallet,392.25,12.20,2.059
IMP-009024,"Sample Product 9024",Hose,each,453.57,288.62,1.353
IMP-009025,"Sample Product 9025",Fittings,box,17.44,2.25,3.943
IMP-009026,"Sample Product 9026",Valves,pallet,87.01,243.00,3.332
IMP-009027,"Sample Product 9027",Tables,each,307.33,61.63,2.472
IMP-009028,"Sample Product 9028",Cookware,box,239.96,21.89,4.033
IMP-009029,"Sample Product 9029",Storage,pallet,14.57,28.62,3.446
IMP-009030,"Sample Product 9030",Bolts,each,314.83,189.63,1.107
IMP-009031,"Sample Product 9031",Nuts,box,76.34,150.42,3.406
IMP-009032,"Sample Product 9032",Washers,pallet,298.51,270.32,0.521
IMP-009033,"Sample Product 9033",Screws,each,152.12,4.15,0.434
IMP-009034,"Sample Product 9034",Hose,box,238.25,266.48,4.639
IMP-009035,"Sample Product 9035",Fittings,pallet,441.15,85.60,3.397
IMP-009036,"Sample Product 9036",Valves,each,57.88,256.83,0.460
IMP-009037,"Sample Product 9037",Tables,box,46.23,67.10,4.333
IMP-009038,"Sample Product 9038",Cookware,pallet,192.72,246.03,3.198
IMP-009039,"Sample Product 9039",Storage,each,226.77,186.07,2.373
IMP-009040,"Sample Product 9040",Bolts,box,174.57,256.27,0.265
IMP-009041,"Sample Product 9041",Nuts,pallet,189.08,231.28,4.100
IMP-009042,"Sample Product 9042",Washers,each,477.19,117.10,2.744
IMP-009043,"Sample Product 9043",Screws,box,381.84,236.71,2.788
IMP-009044,"Sample Product 9044",Hose,pallet,447.09,256.74,0.889
IMP-009045,"Sample Product 9045",Fittings,each,363.95,117.25,0.943
IMP-009046,"Sample Product 9046",Valves,box,347.17,178.19,0.545
IMP-009047,"Sample Product 9047",Tables,pallet,136.30,136.00,1.998
IMP-009048,"Sample Product 9048",Cookware,each,435.90,80.94,0.253
IMP-009049,"Sample Product 9049",Storage,box,67.62,169.90,2.229
IMP-009050,"Sample Product 9050",Bolts,pallet,177.01,153.72,3.840
IMP-009051,"Sample Product 9051",Nuts,each,457.30,169.88,0.986
IMP-009052,"Sample Product 9052",Washers,box,449.67,210.41,4.764
IMP-009053,"Sample Product 9053",Screws,pallet,244.92,141.72,1.583
IMP-009054,"Sample Product 9054",Hose,each,451.81,92.69,1.251
IMP-009055,"Sample Product 9055",Fittings,box,76.67,129.79,0.741
IMP-009056,"Sample Product 9056",Valves,pallet,45.30,262.48,4.041
IMP-009057,"Sample Product 9057",Tables,each,484.44,154.23,4.336
IMP-009058,"Sample Product 9058",Cookware,box,439.33,126.32,1.515
IMP-009059,"Sample Product 9059",Storage,pallet,94.45,206.82,2.826
IMP-009060,"Sample Product 9060",Bolts,each,371.06,40.24,3.774
IMP-009061,"Sample Product 9061",Nuts,box,295.06,281.12,4.310
IMP-009062,"Sample Product 9062",Washers,pallet,148.20,283.54,3.038
IMP-009063,"Sample Product 9063",Screws,each,144.95,13.70,0.834
IMP-009064,"Sample Product 9064",Hose,box,437.52,277.96,0.604
IMP-009065,"Sample Product 9065",Fittings,pallet,327.78,119.21,4.236
IMP-009066,"Sample Product 9066",Valves,each,281.00,266.14,3.490
IMP-009067,"Sample Product 9067",Tables,box,411.07,131.65,0.335
IMP-009068,"Sample Product 9068",Cookware,pallet,450.65,36.58,3.129
IMP-009069,"Sample Product 9069",Storage,each,122.22,179.76,4.211
IMP-009070,"Sample Product 9070",Bolts,box,315.86,18.18,2.803
IMP-009071,"Sample Product 9071",Nuts,pallet,351.86,278.71,3.029
IMP-009072,"Sample Product 9072",Washers,each,493.60,176.74,2.655
IMP-009073,"Sample Product 9073",Screws,box,70.25,7.34,3.128
IMP-009074,"Sample Product 9074",Hose,pallet,158.38,299.08,4.627
IMP-009075,"Sample Product 9075",Fittings,each,471.73,28.37,2.258
IMP-009076,"Sample Product 9076",Valves,box,102.47,7.44,1.093
IMP-009077,"Sample Product 9077",Tables,pallet,168.12,168.91,0.712
IMP-009078,"Sample Product 9078",Cookware,each,158.09,221.56,0.207
IMP-009079,"Sample Product 9079",Storage,box,66.06,231.96,0.737
IMP-009080,"Sample Product 9080",Bolts,pallet,327.09,247.04,3.254
IMP-009081,"Sample Product 9081",Nuts,each,313.65,288.38,2.712
IMP-009082,"Sample Product 9082",Washers,box,203.48,222.40,0.275
IMP-009083,"Sample Product 9083",Screws,pallet,246.38,256.60,3.443
IMP-009084,"Sample Product 9084",Hose,each,229.09,56.03,0.997
IMP-009085,"Sample Product 9085",Fittings,box,54.62,210.03,0.524
IMP-009086,"Sample Product 9086",Valves,pallet,469.53,55.37,4.561
IMP-009087,"Sample Product 9087",Tables,each,331.84,182.53,0.947
IMP-009088,"Sample Product 9088",Cookware,box,89.88,90.24,2.358
IMP-009089,"Sample Product 9089",Storage,pallet,112.79,237.48,3.083
IMP-009090,"Sample Product 9090",Bolts,each,347.45,238.67,0.881
IMP-009091,"Sample Product 9091",Nuts,box,397.99,10.21,4.785
IMP-009092,"Sample Product 9092",Washers,pallet,477.95,268.29,3.970
IMP-009093,"Sample Product 9093",Screws,each,152.26,74.91,2.137
IMP-009094,"Sample Product 9094",Hose,box,217.28,61.72,1.913
IMP-009095,"Sample Product 9095",Fittings,pallet,466.73,265.69,4.078
IMP-009096,"Sample Product 9096",Valves,each,377.73,255.76,3.559
IMP-009097,"Sample Product 9097",Tables,box,351.23,222.07,2.674
IMP-009098,"Sample Product 9098",Cookware,pallet,456.52,123.64,1.381
IMP-009099,"Sample Product 9099",Storage,each,340.23,189.89,0.789
IMP-009100,"Sample Product 9100",Bolts,box,295.83,269.39,2.314
IMP-009101,"Sample Product 9101",Nuts,pallet,60.44,258.26,0.950
IMP-009102,"Sample Product 9102",Washers,each,490.98,53.79,2.828
IMP-009103,"Sample Product 9103",Screws,box,36.48,41.37,0.960
IMP-009104,"Sample Product 9104",Hose,pallet,168.66,137.48,3.684
IMP-009105,"Sample Product 9105",Fittings,each,445.23,259.54,4.565
IMP-009106,"Sample Product 9106",Valves,box,209.73,176.71,2.598
IMP-009107,"Sample Product 9107",Tables,pallet,159.56,100.58,4.660
IMP-009108,"Sample Product 9108",Cookware,each,233.73,257.31,2.813
IMP-009109,"Sample Product 9109",Storage,box,306.80,17.39,1.217
IMP-009110,"Sample Product 9110",Bolts,pallet,428.94,5.34,3.183
IMP-009111,"Sample Product 9111",Nuts,each,443.20,219.80,1.682
IMP-009112,"Sample Product 9112",Washers,box,48.44,267.51,3.301
IMP-009113,"Sample Product 9113",Screws,pallet,38.89,83.70,1.688
IMP-009114,"Sample Product 9114",Hose,each,175.47,117.31,2.963
IMP-009115,"Sample Product 9115",Fittings,box,476.08,196.59,1.329
IMP-009116,"Sample Product 9116",Valves,pallet,20.09,87.84,2.552
IMP-009117,"Sample Product 9117",Tables,each,82.02,46.15,3.753
IMP-009118,"Sample Product 9118",Cookware,box,370.80,186.50,0.062
IMP-009119,"Sample Product 9119",Storage,pallet,331.39,294.43,3.226
IMP-009120,"Sample Product 9120",Bolts,each,409.82,109.38,3.789
IMP-009121,"Sample Product 9121",Nuts,box,207.44,99.83,1.356
IMP-009122,"Sample Product 9122",Washers,pallet,355.68,136.81,2.300
IMP-009123,"Sample Product 9123",Screws,each,165.73,282.38,4.524
IMP-009124,"Sample Product 9124",Hose,box,176.23,85.84,4.566
IMP-009125,"Sample Product 9125",Fittings,pallet,315.87,293.62,1.179
IMP-009126,"Sample Product 9126",Valves,each,105.84,221.93,0.618
IMP-009127,"Sample Product 9127",Tables,box,183.62,34.28,3.035
IMP-009128,"Sample Product 9128",Cookware,pallet,434.27,275.76,3.168
IMP-009129,"Sample Product 9129",Storage,each,177.09,4.16,2.509
IMP-009130,"Sample Product 9130",Bolts,box,320.93,185.90,3.405
IMP-009131,"Sample Product 9131",Nuts,pallet,160.71,87.07,2.867
IMP-009132,"Sample Product 9132",Washers,each,163.57,196.78,1.146
IMP-009133,"Sample Product 9133",Screws,box,59.70,128.74,2.627
IMP-009134,"Sample Product 9134",Hose,pallet,126.98,27.46,1.292
IMP-009135,"Sample Product 9135",Fittings,each,275.06,34.51,0.997
IMP-009136,"Sample Product 9136",Valves,box,42.59,79.76,0.109
IMP-009137,"Sample Product 9137",Tables,pallet,147.96,91.01,3.409
IMP-009138,"Sample Product 9138",Cookware,each,6.46,170.45,1.462
IMP-009139,"Sample Product 9139",Storage,box,126.16,163.69,0.648
IMP-009140,"Sample Product 9140",Bolts,pallet,499.84,170.14,4.148
IMP-009141,"Sample Product 9141",Nuts,each,316.42,245.33,4.534
IMP-009142,"Sample Product 9142",Washers,box,379.77,235.40,2.897
IMP-009143,"Sample Product 9143",Screws,pallet,418.82,274.61,2.064
IMP-009144,"Sample Product 9144",Hose,each,284.07,120.67,1.185
IMP-009145,"Sample Product 9145",Fittings,box,358.41,268.66,0.463
IMP-009146,"Sample Product 9146",Valves,pallet,419.75,22.76,1.508
IMP-009147,"Sample Product 9147",Tables,each,387.95,152.19,0.835
IMP-009148,"Sample Product 9148",Cookware,box,159.27,105.80,1.767
IMP-009149,"Sample Product 9149",Storage,pallet,429.30,105.98,1.247
IMP-009150,"Sample Product 9150",Bolts,each,120.77,216.05,3.377
IMP-009151,"Sample Product 9151",Nuts,box,242.25,257.63,4.424
IMP-009152,"Sample Product 9152",Washers,pallet,453.86,27.63,3.309
IMP-009153,"Sample Product 9153",Screws,each,482.16,135.13,4.693
IMP-009154,"Sample Product 9154",Hose,box,256.79,41.95,1.578
IMP-009155,"Sample Product 9155",Fittings,pallet,359.08,242.28,3.273
IMP-009156,"Sample Product 9156",Valves,each,480.15,282.71,0.365
IMP-009157,"Sample Product 9157",Tables,box,124.15,259.40,0.930
IMP-009158,"Sample Product 9158",Cookware,pallet,399.94,152.60,2.508
IMP-009159,"Sample Product 9159",Storage,each,158.61,65.29,3.345
IMP-009160,"Sample Product 9160",Bolts,box,210.46,156.17,1.434
IMP-009161,"Sample Product 9161",Nuts,pallet,74.27,224.13,0.949
IMP-009162,"Sample Product 9162",Washers,each,443.91,180.48,3.982
IMP-009163,"Sample Product 9163",Screws,box,44.49,293.14,2.086
IMP-009164,"Sample Product 9164",Hose,pallet,452.54,95.31,1.619
IMP-009165,"Sample Product 9165",Fittings,each,46.13,40.86,1.694
IMP-009166,"Sample Product 9166",Valves,box,201.11,46.61,4.679
IMP-009167,"Sample Product 9167",Tables,pallet,482.21,44.53,2.641
IMP-009168,"Sample Product 9168",Cookware,each,392.10,22.63,2.687
IMP-009169,"Sample Product 9169",Storage,box,479.47,168.06,0.139
IMP-009170,"Sample Product 9170",Bolts,pallet,462.52,102.93,1.048
IMP-009171,"Sample Product 9171",Nuts,each,106.62,178.45,1.414
IMP-009172,"Sample Product 9172",Washers,box,82.92,124.08,3.773
IMP-009173,"Sample Product 9173",Screws,pallet,219.82,174.02,1.426
IMP-009174,"Sample Product 9174",Hose,each,470.64,284.33,1.780
IMP-009175,"Sample Product 9175",Fittings,box,403.02,26.84,2.610
IMP-009176,"Sample Product 9176",Valves,pallet,406.36,215.18,4.635
IMP-009177,"Sample Product 9177",Tables,each,477.84,103.13,3.698
IMP-009178,"Sample Product 9178",Cookware,box,165.01,130.36,4.112
IMP-009179,"Sample Product 9179",Storage,pallet,470.68,252.82,1.289
IMP-009180,"Sample Product 9180",Bolts,each,328.19,46.78,4.108
IMP-009181,"Sample Product 9181",Nuts,box,319.58,142.31,1.628
IMP-009182,"Sample Product 9182",Washers,pallet,377.46,131.87,1.912
IMP-009183,"Sample Product 9183",Screws,each,242.14,83.26,3.879
IMP-009184,"Sample Product 9184",Hose,box,63.23,42.74,3.743
IMP-009185,"Sample Product 9185",Fittings,pallet,160.25,267.58,4.907
IMP-009186,"Sample Product 9186",Valves,each,46.56,127.87,1.635
IMP-009187,"Sample Product 9187",Tables,box,284.87,93.83,3.220
IMP-009188,"Sample Product 9188",Cookware,pallet,379.71,208.78,4.173
IMP-009189,"Sample Product 9189",Storage,each,426.82,116.67,4.162
IMP-009190,"Sample Product 9190",Bolts,box,295.77,21.32,2.941
IMP-009191,"Sample Product 9191",Nuts,pallet,451.98,200.06,0.143
IMP-009192,"Sample Product 9192",Washers,each,165.00,151.15,1.179
IMP-009193,"Sample Product 9193",Screws,box,267.86,222.24,3.504
IMP-009194,"Sample Product 9194",Hose,pallet,222.41,294.57,2.691
IMP-009195,"Sample Product 9195",Fittings,each,275.79,162.21,2.831
IMP-009196,"Sample Product 9196",Valves,box,174.40,154.80,4.538
IMP-009197,"Sample Product 9197",Tables,pallet,305.03,63.53,3.485
IMP-009198,"Sample Product 9198",Cookware,each,1.71,265.49,0.404
IMP-009199,"Sample Product 9199",Storage,box,402.98,158.47,0.159
IMP-009200,"Sample Product 9200",Bolts,pallet,18.73,97.61,3.965
IMP-009201,"Sample Product 9201",Nuts,each,212.69,213.86,3.540
IMP-009202,"Sample Product 9202",Washers,box,63.02,21.89,2.904
IMP-009203,"Sample Product 9203",Screws,pallet,178.54,203.13,3.757
IMP-009204,"Sample Product 9204",Hose,each,454.94,14.95,1.893
IMP-009205,"Sample Product 9205",Fittings,box,440.01,88.49,4.234
IMP-009206,"Sample Product 9206",Valves,pallet,339.87,27.96,0.507
IMP-009207,"Sample Product 9207",Tables,each,232.98,109.24,3.150
IMP-009208,"Sample Product 9208",Cookware,box,385.72,4.93,1.516
IMP-009209,"Sample Product 9209",Storage,pallet,68.90,37.69,1.538
IMP-009210,"Sample Product 9210",Bolts,each,41.04,281.99,4.720
IMP-009211,"Sample Product 9211",Nuts,box,207.76,247.12,0.557
IMP-009212,"Sample Product 9212",Washers,pallet,56.41,42.64,4.212
IMP-009213,"Sample Product 9213",Screws,each,109.52,118.11,0.444
IMP-009214,"Sample Product 9214",Hose,box,476.91,164.23,0.625
IMP-009215,"Sample Product 9215",Fittings,pallet,242.44,286.98,3.587
IMP-009216,"Sample Product 9216",Valves,each,463.79,278.80,4.997
IMP-009217,"Sample Product 9217",Tables,box,357.48,42.94,4.865
IMP-009218,"Sample Product 9218",Cookware,pallet,499.73,224.80,4.743
IMP-009219,"Sample Product 9219",Storage,each,380.11,2.38,1.040
IMP-009220,"Sample Product 9220",Bolts,box,141.81,9.39,3.735
IMP-009221,"Sample Product 9221",Nuts,pallet,439.05,79.93,4.131
IMP-009222,"Sample Product 9222",Washers,each,378.63,251.68,0.093
IMP-009223,"Sample Product 9223",Screws,box,132.22,116.00,0.104
IMP-009224,"Sample Product 9224",Hose,pallet,151.15,57.86,1.675
IMP-009225,"Sample Product 9225",Fittings,each,41.52,137.95,1.516
IMP-009226,"Sample Product 9226",Valves,box,204.61,235.83,2.948
IMP-009227,"Sample Product 9227",Tables,pallet,458.55,57.60,0.651
IMP-009228,"Sample Product 9228",Cookware,each,491.14,227.61,0.244
IMP-009229,"Sample Product 9229",Storage,box,203.14,168.14,0.618
IMP-009230,"Sample Product 9230",Bolts,pallet,145.73,15.19,0.240
IMP-009231,"Sample Product 9231",Nuts,each,170.11,122.89,2.495
IMP-009232,"Sample Product 9232",Washers,box,112.44,212.77,2.856
IMP-009233,"Sample Product 9233",Screws,pallet,427.06,64.33,1.518
IMP-009234,"Sample Product 9234",Hose,each,336.29,212.06,3.672
IMP-009235,"Sample Product 9235",Fittings,box,459.03,39.58,0.409
IMP-009236,"Sample Product 9236",Valves,pallet,401.24,244.46,3.330
IMP-009237,"Sample Product 9237",Tables,each,432.33,11.87,2.417
IMP-009238,"Sample Product 9238",Cookware,box,467.51,137.46,2.428
IMP-009239,"Sample Product 9239",Storage,pallet,186.21,293.78,1.265
IMP-009240,"Sample Product 9240",Bolts,each,95.16,122.86,2.531
IMP-009241,"Sample Product 9241",Nuts,box,67.59,176.33,1.701
IMP-009242,"Sample Product 9242",Washers,pallet,96.45,136.45,0.634
IMP-009243,"Sample Product 9243",Screws,each,87.22,53.14,2.343
IMP-009244,"Sample Product 9244",Hose,box,476.74,128.98,1.353
IMP-009245,"Sample Product 9245",Fittings,pallet,106.71,236.42,3.833
IMP-009246,"Sample Product 9246",Valves,each,90.15,243.06,0.347
IMP-009247,"Sample Product 9247",Tables,box,36.20,179.92,3.782
IMP-009248,"Sample Product 9248",Cookware,pallet,146.27,136.11,3.247
IMP-009249,"Sample Product 9249",Storage,each,20.08,211.38,0.721
IMP-009250,"Sample Product 9250",Bolts,box,2.09,80.30,2.000
IMP-009251,"Sample Product 9251",Nuts,pallet,323.90,248.75,0.700
IMP-009252,"Sample Product 9252",Washers,each,27.97,287.23,1.822
IMP-009253,"Sample Product 9253",Screws,box,499.88,105.07,3.034
IMP-009254,"Sample Product 9254",Hose,pallet,278.84,80.79,0.404
IMP-009255,"Sample Product 9255",Fittings,each,14.65,291.96,1.982
IMP-009256,"Sample Product 9256",Valves,box,332.34,51.38,4.317
IMP-009257,"Sample Product 9257",Tables,pallet,426.69,153.83,2.872
IMP-009258,"Sample Product 9258",Cookware,each,408.01,55.94,2.873
IMP-009259,"Sample Product 9259",Storage,box,287.28,216.90,1.538
IMP-009260,"Sample Product 9260",Bolts,pallet,226.40,110.43,0.644
IMP-009261,"Sample Product 9261",Nuts,each,177.15,247.70,1.683
IMP-009262,"Sample Product 9262",Washers,box,164.34,179.95,0.222
IMP-009263,"Sample Product 9263",Screws,pallet,17.16,153.63,1.084
IMP-009264,"Sample Product 9264",Hose,each,122.29,225.00,2.354
IMP-009265,"Sample Product 9265",Fittings,box,366.19,5.67,0.643
IMP-009266,"Sample Product 9266",Valves,pallet,214.77,50.89,4.808
IMP-009267,"Sample Product 9267",Tables,each,325.69,196.50,2.760
IMP-009268,"Sample Product 9268",Cookware,box,303.64,184.52,4.729
IMP-009269,"Sample Product 9269",Storage,pallet,35.39,61.74,3.156
IMP-009270,"Sample Product 9270",Bolts,each,50.52,256.06,0.600
IMP-009271,"Sample Product 9271",Nuts,box,262.66,31.26,3.438
IMP-009272,"Sample Product 9272",Washers,pallet,186.19,289.60,1.507
IMP-009273,"Sample Product 9273",Screws,each,412.27,225.55,1.158
IMP-009274,"Sample Product 9274",Hose,box,180.40,80.36,3.109
IMP-009275,"Sample Product 9275",Fittings,pallet,320.24,93.69,4.280
IMP-009276,"Sample Product 9276",Valves,each,466.74,60.19,2.959
IMP-009277,"Sample Product 9277",Tables,box,391.39,206.66,4.493
IMP-009278,"Sample Product 9278",Cookware,pallet,242.71,50.51,3.145
IMP-009279,"Sample Product 9279",Storage,each,150.07,172.06,1.587
IMP-009280,"Sample Product 9280",Bolts,box,42.28,85.25,3.951
IMP-009281,"Sample Product 9281",Nuts,pallet,305.02,0.79,4.960
IMP-009282,"Sample Product 9282",Washers,each,369.89,249.12,2.188
IMP-009283,"Sample Product 9283",Screws,box,44.79,34.21,1.837
IMP-009284,"Sample Product 9284",Hose,pallet,175.35,198.46,0.305
IMP-009285,"Sample Product 9285",Fittings,each,209.92,38.81,1.433
IMP-009286,"Sample Product 9286",Valves,box,424.91,126.98,1.051
IMP-009287,"Sample Product 9287",Tables,pallet,76.11,151.64,3.514
IMP-009288,"Sample Product 9288",Cookware,each,290.26,22.80,3.074
IMP-009289,"Sample Product 9289",Storage,box,443.07,32.98,4.367
IMP-009290,"Sample Product 9290",Bolts,pallet,204.18,217.52,1.515
IMP-009291,"Sample Product 9291",Nuts,each,153.35,50.04,2.399
IMP-009292,"Sample Product 9292",Washers,box,44.26,267.57,2.171
IMP-009293,"Sample Product 9293",Screws,pallet,487.15,128.86,1.739
IMP-009294,"Sample Product 9294",Hose,each,145.54,171.58,2.850
IMP-009295,"Sample Product 9295",Fittings,box,70.92,254.87,0.284
IMP-009296,"Sample Product 9296",Valves,pallet,278.11,13.53,0.755
IMP-009297,"Sample Product 9297",Tables,each,25.82,42.56,1.808
IMP-009298,"Sample Product 9298",Cookware,box,54.17,270.54,0.513
IMP-009299,"Sample Product 9299",Storage,pallet,428.20,158.18,4.199
IMP-009300,"Sample Product 9300",Bolts,each,229.03,65.89,2.184
IMP-009301,"Sample Product 9301",Nuts,box,392.81,278.04,4.123
IMP-009302,"Sample Product 9302",Washers,pallet,457.73,5.31,2.412
IMP-009303,"Sample Product 9303",Screws,each,440.37,90.14,1.051
IMP-009304,"Sample Product 9304",Hose,box,449.60,48.06,3.093
IMP-009305,"Sample Product 9305",Fittings,pallet,416.85,36.65,1.279
IMP-009306,"Sample Product 9306",Valves,each,28.16,75.05,2.125
IMP-009307,"Sample Product 9307",Tables,box,337.87,298.25,4.943
IMP-009308,"Sample Product 9308",Cookware,pallet,492.29,278.68,3.995
IMP-009309,"Sample Product 9309",Storage,each,34.90,288.36,3.101
IMP-009310,"Sample Product 9310",Bolts,box,40.32,212.80,0.714
IMP-009311,"Sample Product 9311",Nuts,pallet,218.79,68.12,4.323
IMP-009312,"Sample Product 9312",Washers,each,283.93,146.47,0.133
IMP-009313,"Sample Product 9313",Screws,box,451.85,282.39,1.617
IMP-009314,"Sample Product 9314",Hose,pallet,339.58,167.21,2.439
IMP-009315,"Sample Product 9315",Fittings,each,484.65,186.30,2.372
IMP-009316,"Sample Product 9316",Valves,box,344.76,35.87,0.283
IMP-009317,"Sample Product 9317",Tables,pallet,494.83,168.85,2.417
IMP-009318,"Sample Product 9318",Cookware,each,26.52,76.60,2.107
IMP-009319,"Sample Product 9319",Storage,box,2.13,189.00,4.861
IMP-009320,"Sample Product 9320",Bolts,pallet,67.07,87.46,4.059
IMP-009321,"Sample Product 9321",Nuts,each,481.30,134.62,2.632
IMP-009322,"Sample Product 9322",Washers,box,320.61,270.77,1.944
IMP-009323,"Sample Product 9323",Screws,pallet,50.64,244.36,3.728
IMP-009324,"Sample Product 9324",Hose,each,37.14,173.06,3.618
IMP-009325,"Sample Product 9325",Fittings,box,215.71,71.60,4.006
IMP-009326,"Sample Product 9326",Valves,pallet,361.18,264.63,1.108
IMP-009327,"Sample Product 9327",Tables,each,497.43,235.96,3.511
IMP-009328,"Sample Product 9328",Cookware,box,242.92,209.73,1.805
IMP-009329,"Sample Product 9329",Storage,pallet,86.11,2.26,0.286
IMP-009330,"Sample Product 9330",Bolts,each,204.20,152.61,4.731
IMP-009331,"Sample Product 9331",Nuts,box,490.83,114.58,4.306
IMP-009332,"Sample Product 9332",Washers,pallet,112.95,1.67,0.478
IMP-009333,"Sample Product 9333",Screws,each,72.01,57.71,4.424
IMP-009334,"Sample Product 9334",Hose,box,387.00,74.74,1.402
IMP-009335,"Sample Product 9335",Fittings,pallet,126.57,253.90,3.121
IMP-009336,"Sample Product 9336",Valves,each,493.03,121.72,4.116
IMP-009337,"Sample Product 9337",Tables,box,452.91,51.63,1.403
IMP-009338,"Sample Product 9338",Cookware,pallet,233.84,196.49,0.992
IMP-009339,"Sample Product 9339",Storage,each,120.01,159.09,0.828
IMP-009340,"Sample Product 9340",Bolts,box,495.26,264.93,0.492
IMP-009341,"Sample Product 9341",Nuts,pallet,227.78,282.02,2.460
IMP-009342,"Sample Product 9342",Washers,each,4.57,89.39,0.451
IMP-009343,"Sample Product 9343",Screws,box,434.56,43.86,3.723
IMP-009344,"Sample Product 9344",Hose,pallet,321.12,204.71,2.543
IMP-009345,"Sample Product 9345",Fittings,each,324.53,288.63,2.491
IMP-009346,"Sample Product 9346",Valves,box,237.65,70.14,0.195
IMP-009347,"Sample Product 9347",Tables,pallet,225.55,26.91,0.504
IMP-009348,"Sample Product 9348",Cookware,each,45.10,75.13,4.975
IMP-009349,"Sample Product 9349",Storage,box,218.73,57.96,1.596
IMP-009350,"Sample Product 9350",Bolts,pallet,38.66,192.19,0.959
IMP-009351,"Sample Product 9351",Nuts,each,41.36,81.27,2.311
IMP-009352,"Sample Product 9352",Washers,box,298.98,94.15,0.397
IMP-009353,"Sample Product 9353",Screws,pallet,82.38,194.64,2.313
IMP-009354,"Sample Product 9354",Hose,each,281.05,188.38,0.165
IMP-009355,"Sample Product 9355",Fittings,box,456.39,128.24,4.327
IMP-009356,"Sample Product 9356",Valves,pallet,485.94,264.64,4.135
IMP-009357,"Sample Product 9357",Tables,each,361.19,275.00,1.867
IMP-009358,"Sample Product 9358",Cookware,box,120.16,33.67,2.515
IMP-009359,"Sample Product 9359",Storage,pallet,59.48,101.27,1.595
IMP-009360,"Sample Product 9360",Bolts,each,327.10,222.76,0.885
IMP-009361,"Sample Product 9361",Nuts,box,69.82,134.58,1.287
IMP-009362,"Sample Product 9362",Washers,pallet,143.05,128.16,0.805
IMP-009363,"Sample Product 9363",Screws,each,357.62,208.15,3.352
IMP-009364,"Sample Product 9364",Hose,box,444.46,191.39,1.811
IMP-009365,"Sample Product 9365",Fittings,pallet,309.25,48.71,1.881
IMP-009366,"Sample Product 9366",Valves,each,29.21,268.11,2.948
IMP-009367,"Sample Product 9367",Tables,box,412.29,0.35,3.955
IMP-009368,"Sample Product 9368",Cookware,pallet,354.98,97.81,1.754
IMP-009369,"Sample Product 9369",Storage,each,451.10,145.57,4.605
IMP-009370,"Sample Product 9370",Bolts,box,218.39,190.80,4.522
IMP-009371,"Sample Product 9371",Nuts,pallet,349.41,262.78,1.554
IMP-009372,"Sample Product 9372",Washers,each,327.92,83.34,4.193
IMP-009373,"Sample Product 9373",Screws,box,392.85,177.88,2.046
IMP-009374,"Sample Product 9374",Hose,pallet,344.35,243.27,1.554
IMP-009375,"Sample Product 9375",Fittings,each,282.34,267.75,0.386
IMP-009376,"Sample Product 9376",Valves,box,260.16,85.59,3.775
IMP-009377,"Sample Product 9377",Tables,pallet,439.21,169.58,2.233
IMP-009378,"Sample Product 9378",Cookware,each,315.16,124.74,1.927
IMP-009379,"Sample Product 9379",Storage,box,19.91,90.51,4.589
IMP-009380,"Sample Product 9380",Bolts,pallet,56.06,76.43,0.938
IMP-009381,"Sample Product 9381",Nuts,each,33.90,117.70,0.533
IMP-009382,"Sample Product 9382",Washers,box,416.22,270.15,0.449
IMP-009383,"Sample Product 9383",Screws,pallet,184.16,197.03,3.928
IMP-009384,"Sample Product 9384",Hose,each,157.09,250.99,1.401
IMP-009385,"Sample Product 9385",Fittings,box,3.59,247.68,0.304
IMP-009386,"Sample Product 9386",Valves,pallet,185.17,167.23,2.642
IMP-009387,"Sample Product 9387",Tables,each,481.28,50.36,3.885
IMP-009388,"Sample Product 9388",Cookware,box,209.55,276.23,3.919
IMP-009389,"Sample Product 9389",Storage,pallet,145.44,245.22,1.837
IMP-009390,"Sample Product 9390",Bolts,each,366.14,144.03,4.932
IMP-009391,"Sample Product 9391",Nuts,box,154.29,127.25,0.151
IMP-009392,"Sample Product 9392",Washers,pallet,198.01,263.85,3.704
IMP-009393,"Sample Product 9393",Screws,each,493.90,4.92,4.134
IMP-009394,"Sample Product 9394",Hose,box,355.52,34.53,1.307
IMP-009395,"Sample Product 9395",Fittings,pallet,269.81,57.85,0.320
IMP-009396,"Sample Product 9396",Valves,each,247.94,56.14,2.247
IMP-009397,"Sample Product 9397",Tables,box,236.42,25.25,1.724
IMP-009398,"Sample Product 9398",Cookware,pallet,468.13,236.48,2.593
IMP-009399,"Sample Product 9399",Storage,each,60.36,182.43,3.443
IMP-009400,"Sample Product 9400",Bolts,box,398.48,53.60,3.575
IMP-009401,"Sample Product 9401",Nuts,pallet,376.06,128.88,2.922
IMP-009402,"Sample Product 9402",Washers,each,53.43,39.58,1.340
IMP-009403,"Sample Product 9403",Screws,box,126.53,250.50,3.927
IMP-009404,"Sample Product 9404",Hose,pallet,63.15,8.65,2.342
IMP-009405,"Sample Product 9405",Fittings,each,285.89,86.01,0.167
IMP-009406,"Sample Product 9406",Valves,box,289.30,272.56,4.559
IMP-009407,"Sample Product 9407",Tables,pallet,255.47,111.03,0.871
IMP-009408,"Sample Product 9408",Cookware,each,30.66,90.69,3.367
IMP-009409,"Sample Product 9409",Storage,box,376.34,45.84,3.750
IMP-009410,"Sample Product 9410",Bolts,pallet,232.65,92.61,2.189
IMP-009411,"Sample Product 9411",Nuts,each,351.36,252.07,3.438
IMP-009412,"Sample Product 9412",Washers,box,112.97,243.92,3.942
IMP-009413,"Sample Product 9413",Screws,pallet,381.46,92.28,1.389
IMP-009414,"Sample Product 9414",Hose,each,275.39,282.48,4.930
IMP-009415,"Sample Product 9415",Fittings,box,293.52,216.13,0.940
IMP-009416,"Sample Product 9416",Valves,pallet,175.61,227.56,4.917
IMP-009417,"Sample Product 9417",Tables,each,165.94,234.19,1.145
IMP-009418,"Sample Product 9418",Cookware,box,473.91,91.19,4.733
IMP-009419,"Sample Product 9419",Storage,pallet,94.96,239.31,4.413
IMP-009420,"Sample Product 9420",Bolts,each,403.60,268.03,3.977
IMP-009421,"Sample Product 9421",Nuts,box,81.36,264.72,2.578
IMP-009422,"Sample Product 9422",Washers,pallet,210.68,276.74,4.764
IMP-009423,"Sample Product 9423",Screws,each,277.15,240.75,2.500
IMP-009424,"Sample Product 9424",Hose,box,437.07,169.91,2.140
IMP-009425,"Sample Product 9425",Fittings,pallet,307.73,24.02,1.493
IMP-009426,"Sample Product 9426",Valves,each,383.76,172.68,2.581
IMP-009427,"Sample Product 9427",Tables,box,69.06,212.05,3.548
IMP-009428,"Sample Product 9428",Cookware,pallet,103.06,133.20,0.415
IMP-009429,"Sample Product 9429",Storage,each,303.99,243.52,4.703
IMP-009430,"Sample Product 9430",Bolts,box,441.91,95.31,3.875
IMP-009431,"Sample Product 9431",Nuts,pallet,413.62,125.63,3.456
IMP-009432,"Sample Product 9432",Washers,each,340.83,222.06,2.866
IMP-009433,"Sample Product 9433",Screws,box,99.37,258.33,2.621
IMP-009434,"Sample Product 9434",Hose,pallet,59.35,236.09,1.051
IMP-009435,"Sample Product 9435",Fittings,each,219.96,173.57,3.427
IMP-009436,"Sample Product 9436",Valves,box,421.52,38.48,3.386
IMP-009437,"Sample Product 9437",Tables,pallet,170.83,286.41,0.317
IMP-009438,"Sample Product 9438",Cookware,each,369.42,70.47,0.286
IMP-009439,"Sample Product 9439",Storage,box,94.98,156.74,4.582
IMP-009440,"Sample Product 9440",Bolts,pallet,77.47,19.12,0.287
IMP-009441,"Sample Product 9441",Nuts,each,355.47,296.36,4.899
IMP-009442,"Sample Product 9442",Washers,box,287.04,27.60,3.181
IMP-009443,"Sample Product 9443",Screws,pallet,106.89,211.25,2.389
IMP-009444,"Sample Product 9444",Hose,each,14.30,84.62,1.841
IMP-009445,"Sample Product 9445",Fittings,box,365.22,204.81,2.589
IMP-009446,"Sample Product 9446",Valves,pallet,57.75,73.06,1.436
IMP-009447,"Sample Product 9447",Tables,each,144.65,60.63,2.637
IMP-009448,"Sample Product 9448",Cookware,box,499.60,210.58,0.493
IMP-009449,"Sample Product 9449",Storage,pallet,27.67,5.94,2.426
IMP-009450,"Sample Product 9450",Bolts,each,107.83,295.72,4.241
IMP-009451,"Sample Product 9451",Nuts,box,278.98,183.03,3.095
IMP-009452,"Sample Product 9452",Washers,pallet,490.82,206.31,2.315
IMP-009453,"Sample Product 9453",Screws,each,347.85,232.22,2.575
IMP-009454,"Sample Product 9454",Hose,box,201.76,285.47,0.654
IMP-009455,"Sample Product 9455",Fittings,pallet,309.32,282.91,2.784
IMP-009456,"Sample Product 9456",Valves,each,153.66,153.42,2.519
IMP-009457,"Sample Product 9457",Tables,box,143.86,54.83,1.998
IMP-009458,"Sample Product 9458",Cookware,pallet,11.44,162.73,1.153
IMP-009459,"Sample Product 9459",Storage,each,136.54,29.32,2.808
IMP-009460,"Sample Product 9460",Bolts,box,451.21,46.22,2.553
IMP-009461,"Sample Product 9461",Nuts,pallet,202.86,129.83,3.917
IMP-009462,"Sample Product 9462",Washers,each,448.33,113.32,4.277
IMP-009463,"Sample Product 9463",Screws,box,348.46,283.86,2.851
IMP-009464,"Sample Product 9464",Hose,pallet,276.66,221.89,2.292
IMP-009465,"Sample Product 9465",Fittings,each,249.02,224.26,2.234
IMP-009466,"Sample Product 9466",Valves,box,31.17,30.93,1.357
IMP-009467,"Sample Product 9467",Tables,pallet,328.48,37.47,4.756
IMP-009468,"Sample Product 9468",Cookware,each,60.50,90.21,3.006
IMP-009469,"Sample Product 9469",Storage,box,415.70,178.27,3.450
IMP-009470,"Sample Product 9470",Bolts,pallet,271.19,205.76,4.461
IMP-009471,"Sample Product 9471",Nuts,each,198.36,12.47,3.287
IMP-009472,"Sample Product 9472",Washers,box,433.37,110.52,2.134
IMP-009473,"Sample Product 9473",Screws,pallet,203.79,54.96,3.453
IMP-009474,"Sample Product 9474",Hose,each,167.18,63.50,3.516
IMP-009475,"Sample Product 9475",Fittings,box,187.01,255.40,1.632
IMP-009476,"Sample Product 9476",Valves,pallet,72.27,202.84,2.156
IMP-009477,"Sample Product 9477",Tables,each,309.11,117.86,4.729
IMP-009478,"Sample Product 9478",Cookware,box,424.80,258.95,3.929
IMP-009479,"Sample Product 9479",Storage,pallet,366.91,0.24,4.810
IMP-009480,"Sample Product 9480",Bolts,each,89.04,132.71,4.088
IMP-009481,"Sample Product 9481",Nuts,box,38.63,134.02,3.668
IMP-009482,"Sample Product 9482",Washers,pallet,117.95,78.15,0.058
IMP-009483,"Sample Product 9483",Screws,each,169.57,273.53,4.196
IMP-009484,"Sample Product 9484",Hose,box,152.45,186.55,3.539
IMP-009485,"Sample Product 9485",Fittings,pallet,45.31,132.20,2.994
IMP-009486,"Sample Product 9486",Valves,each,459.85,6.09,0.040
IMP-009487,"Sample Product 9487",Tables,box,2.15,190.78,1.982
IMP-009488,"Sample Product 9488",Cookware,pallet,499.71,251.61,0.703
IMP-009489,"Sample Product 9489",Storage,each,138.73,3.85,0.409
IMP-009490,"Sample Product 9490",Bolts,box,499.36,230.41,2.909
IMP-009491,"Sample Product 9491",Nuts,pallet,399.39,154.92,1.064
IMP-009492,"Sample Product 9492",Washers,each,453.40,66.99,0.218
IMP-009493,"Sample Product 9493",Screws,box,254.86,34.42,4.669
IMP-009494,"Sample Product 9494",Hose,pallet,360.36,29.49,4.644
IMP-009495,"Sample Product 9495",Fittings,each,192.20,122.01,2.043
IMP-009496,"Sample Product 9496",Valves,box,159.74,20.44,4.196
IMP-009497,"Sample Product 9497",Tables,pallet,143.62,133.77,1.047
IMP-009498,"Sample Product 9498",Cookware,each,48.37,178.14,1.602
IMP-009499,"Sample Product 9499",Storage,box,90.97,291.31,4.897
IMP-009500,"Sample Product 9500",Bolts,pallet,88.81,23.77,2.742
IMP-009501,"Sample Product 9501",Nuts,each,45.13,234.13,3.690
IMP-009502,"Sample Product 9502",Washers,box,303.48,205.16,4.190
IMP-009503,"Sample Product 9503",Screws,pallet,162.97,21.05,4.727
IMP-009504,"Sample Product 9504",Hose,each,153.80,152.28,3.609
IMP-009505,"Sample Product 9505",Fittings,box,69.31,15.73,4.952
IMP-009506,"Sample Product 9506",Valves,pallet,14.05,111.49,0.640
IMP-009507,"Sample Product 9507",Tables,each,276.33,182.29,3.471
IMP-009508,"Sample Product 9508",Cookware,box,185.00,66.06,2.720
IMP-009509,"Sample Product 9509",Storage,pallet,276.23,1.08,3.182
IMP-009510,"Sample Product 9510",Bolts,each,117.61,240.63,2.719
IMP-009511,"Sample Product 9511",Nuts,box,401.04,235.87,2.611
IMP-009512,"Sample Product 9512",Washers,pallet,208.71,276.87,3.711
IMP-009513,"Sample Product 9513",Screws,each,398.27,286.85,3.516
IMP-009514,"Sample Product 9514",Hose,box,367.37,14.04,0.139
IMP-009515,"Sample Product 9515",Fittings,pallet,238.91,257.83,2.852
IMP-009516,"Sample Product 9516",Valves,each,145.47,106.11,2.156
IMP-009517,"Sample Product 9517",Tables,box,131.46,272.78,0.999
IMP-009518,"Sample Product 9518",Cookware,pallet,485.43,162.24,4.212
IMP-009519,"Sample Product 9519",Storage,each,17.27,119.06,0.184
IMP-009520,"Sample Product 9520",Bolts,box,373.04,84.12,1.713
IMP-009521,"Sample Product 9521",Nuts,pallet,103.03,140.73,3.386
IMP-009522,"Sample Product 9522",Washers,each,476.28,299.83,0.999
IMP-009523,"Sample Product 9523",Screws,box,196.67,31.36,4.096
IMP-009524,"Sample Product 9524",Hose,pallet,333.17,147.53,0.195
IMP-009525,"Sample Product 9525",Fittings,each,442.01,267.42,4.726
IMP-009526,"Sample Product 9526",Valves,box,81.23,236.69,0.447
IMP-009527,"Sample Product 9527",Tables,pallet,404.65,212.23,1.722
IMP-009528,"Sample Product 9528",Cookware,each,180.51,29.47,0.284
IMP-009529,"Sample Product 9529",Storage,box,92.24,51.88,2.172
IMP-009530,"Sample Product 9530",Bolts,pallet,50.61,102.59,0.614
IMP-009531,"Sample Product 9531",Nuts,each,54.45,95.88,0.180
IMP-009532,"Sample Product 9532",Washers,box,423.55,278.41,2.925
IMP-009533,"Sample Product 9533",Screws,pallet,197.82,111.49,1.901
IMP-009534,"Sample Product 9534",Hose,each,158.64,273.83,2.972
IMP-009535,"Sample Product 9535",Fittings,box,350.25,83.12,0.530
IMP-009536,"Sample Product 9536",Valves,pallet,131.72,250.66,2.017
IMP-009537,"Sample Product 9537",Tables,each,477.82,266.06,0.419
IMP-009538,"Sample Product 9538",Cookware,box,329.36,279.73,2.330
IMP-009539,"Sample Product 9539",Storage,pallet,378.63,254.61,1.641
IMP-009540,"Sample Product 9540",Bolts,each,61.90,118.55,4.662
IMP-009541,"Sample Product 9541",Nuts,box,85.24,78.29,0.451
IMP-009542,"Sample Product 9542",Washers,pallet,486.82,232.99,3.433
IMP-009543,"Sample Product 9543",Screws,each,192.96,153.60,2.931
IMP-009544,"Sample Product 9544",Hose,box,217.39,128.67,0.272
IMP-009545,"Sample Product 9545",Fittings,pallet,412.32,229.37,4.856
IMP-009546,"Sample Product 9546",Valves,each,357.26,41.99,3.002
IMP-009547,"Sample Product 9547",Tables,box,424.49,152.71,4.532
IMP-009548,"Sample Product 9548",Cookware,pallet,253.54,59.51,4.532
IMP-009549,"Sample Product 9549",Storage,each,111.04,290.41,4.085
IMP-009550,"Sample Product 9550",Bolts,box,5.72,249.26,4.818
IMP-009551,"Sample Product 9551",Nuts,pallet,480.82,33.19,0.515
IMP-009552,"Sample Product 9552",Washers,each,64.40,158.95,1.020
IMP-009553,"Sample Product 9553",Screws,box,414.86,52.19,3.653
IMP-009554,"Sample Product 9554",Hose,pallet,345.66,135.50,3.522
IMP-009555,"Sample Product 9555",Fittings,each,105.05,119.59,4.012
IMP-009556,"Sample Product 9556",Valves,box,81.04,100.57,3.685
IMP-009557,"Sample Product 9557",Tables,pallet,39.06,240.87,2.354
IMP-009558,"Sample Product 9558",Cookware,each,490.97,90.66,0.748
IMP-009559,"Sample Product 9559",Storage,box,154.70,155.64,2.494
IMP-009560,"Sample Product 9560",Bolts,pallet,216.09,80.47,0.759
IMP-009561,"Sample Product 9561",Nuts,each,212.46,111.07,3.840
IMP-009562,"Sample Product 9562",Washers,box,453.55,26.29,2.724
IMP-009563,"Sample Product 9563",Screws,pallet,466.24,72.77,1.157
IMP-009564,"Sample Product 9564",Hose,each,179.09,212.80,0.898
IMP-009565,"Sample Product 9565",Fittings,box,78.16,191.47,4.215
IMP-009566,"Sample Product 9566",Valves,pallet,30.06,68.69,1.192
IMP-009567,"Sample Product 9567",Tables,each,336.75,35.98,2.910
IMP-009568,"Sample Product 9568",Cookware,box,129.02,259.33,2.736
IMP-009569,"Sample Product 9569",Storage,pallet,42.99,287.17,0.229
IMP-009570,"Sample Product 9570",Bolts,each,269.50,283.60,3.370
IMP-009571,"Sample Product 9571",Nuts,box,239.55,78.22,3.072
IMP-009572,"Sample Product 9572",Washers,pallet,88.14,166.80,4.260
IMP-009573,"Sample Product 9573",Screws,each,182.08,116.25,3.541
IMP-009574,"Sample Product 9574",Hose,box,128.72,20.20,4.897
IMP-009575,"Sample Product 9575",Fittings,pallet,116.78,262.30,4.478
IMP-009576,"Sample Product 9576",Valves,each,434.54,2.53,2.005
IMP-009577,"Sample Product 9577",Tables,box,76.06,247.75,3.266
IMP-009578,"Sample Product 9578",Cookware,pallet,405.53,162.77,2.331
IMP-009579,"Sample Product 9579",Storage,each,394.48,247.89,4.707
IMP-009580,"Sample Product 9580",Bolts,box,97.52,178.42,4.659
IMP-009581,"Sample Product 9581",Nuts,pallet,335.60,171.69,2.476
IMP-009582,"Sample Product 9582",Washers,each,469.28,60.21,2.376
IMP-009583,"Sample Product 9583",Screws,box,88.92,265.30,2.429
IMP-009584,"Sample Product 9584",Hose,pallet,127.72,24.23,4.515
IMP-009585,"Sample Product 9585",Fittings,each,401.64,59.28,4.164
IMP-009586,"Sample Product 9586",Valves,box,78.94,99.81,3.999
IMP-009587,"Sample Product 9587",Tables,pallet,234.79,97.85,2.709
IMP-009588,"Sample Product 9588",Cookware,each,301.16,92.61,4.898
IMP-009589,"Sample Product 9589",Storage,box,345.24,211.61,2.299
IMP-009590,"Sample Product 9590",Bolts,pallet,57.84,53.19,0.451
IMP-009591,"Sample Product 9591",Nuts,each,312.34,172.89,4.665
IMP-009592,"Sample Product 9592",Washers,box,459.01,71.07,4.649
IMP-009593,"Sample Product 9593",Screws,pallet,368.49,45.21,2.099
IMP-009594,"Sample Product 9594",Hose,each,5.55,14.29,1.151
IMP-009595,"Sample Product 9595",Fittings,box,356.33,20.17,3.559
IMP-009596,"Sample Product 9596",Valves,pallet,200.65,179.25,2.312
IMP-009597,"Sample Product 9597",Tables,each,433.47,48.10,3.501
IMP-009598,"Sample Product 9598",Cookware,box,460.73,194.58,2.622
IMP-009599,"Sample Product 9599",Storage,pallet,265.63,208.74,1.002
IMP-009600,"Sample Product 9600",Bolts,each,365.76,46.13,1.544
IMP-009601,"Sample Product 9601",Nuts,box,286.26,47.94,1.652
IMP-009602,"Sample Product 9602",Washers,pallet,282.58,187.11,3.934
IMP-009603,"Sample Product 9603",Screws,each,460.72,171.63,4.518
IMP-009604,"Sample Product 9604",Hose,box,187.82,296.05,4.909
IMP-009605,"Sample Product 9605",Fittings,pallet,103.06,181.57,3.512
IMP-009606,"Sample Product 9606",Valves,each,375.25,21.17,3.924
IMP-009607,"Sample Product 9607",Tables,box,81.13,16.18,4.589
IMP-009608,"Sample Product 9608",Cookware,pallet,248.01,167.69,1.741
IMP-009609,"Sample Product 9609",Storage,each,279.04,137.90,3.423
IMP-009610,"Sample Product 9610",Bolts,box,194.98,163.65,3.299
IMP-009611,"Sample Product 9611",Nuts,pallet,398.00,19.61,1.635
IMP-009612,"Sample Product 9612",Washers,each,202.15,80.12,4.672
IMP-009613,"Sample Product 9613",Screws,box,198.78,204.70,4.021
IMP-009614,"Sample Product 9614",Hose,pallet,380.59,18.56,0.512
IMP-009615,"Sample Product 9615",Fittings,each,322.95,260.46,4.502
IMP-009616,"Sample Product 9616",Valves,box,223.92,62.23,3.955
IMP-009617,"Sample Product 9617",Tables,pallet,188.76,85.06,3.418
IMP-009618,"Sample Product 9618",Cookware,each,53.25,135.38,2.049
IMP-009619,"Sample Product 9619",Storage,box,358.95,73.13,2.806
IMP-009620,"Sample Product 9620",Bolts,pallet,318.27,92.54,2.369
IMP-009621,"Sample Product 9621",Nuts,each,431.98,259.74,1.904
IMP-009622,"Sample Product 9622",Washers,box,100.11,209.24,4.915
IMP-009623,"Sample Product 9623",Screws,pallet,392.79,241.10,0.510
IMP-009624,"Sample Product 9624",Hose,each,419.77,258.50,2.615
IMP-009625,"Sample Product 9625",Fittings,box,370.76,21.37,3.785
IMP-009626,"Sample Product 9626",Valves,pallet,306.13,160.13,1.139
IMP-009627,"Sample Product 9627",Tables,each,161.31,56.31,3.570
IMP-009628,"Sample Product 9628",Cookware,box,384.28,266.00,4.422
IMP-009629,"Sample Product 9629",Storage,pallet,439.17,121.67,4.915
IMP-009630,"Sample Product 9630",Bolts,each,165.61,58.69,3.710
IMP-009631,"Sample Product 9631",Nuts,box,185.98,71.67,1.464
IMP-009632,"Sample Product 9632",Washers,pallet,101.39,288.35,4.130
IMP-009633,"Sample Product 9633",Screws,each,379.98,134.72,2.554
IMP-009634,"Sample Product 9634",Hose,box,407.54,180.24,1.346
IMP-009635,"Sample Product 9635",Fittings,pallet,80.89,247.12,2.121
IMP-009636,"Sample Product 9636",Valves,each,62.92,86.52,2.534
IMP-009637,"Sample Product 9637",Tables,box,432.59,264.64,0.924
IMP-009638,"Sample Product 9638",Cookware,pallet,444.28,278.27,4.639
IMP-009639,"Sample Product 9639",Storage,each,102.95,5.90,0.603
IMP-009640,"Sample Product 9640",Bolts,box,492.83,234.74,3.145
IMP-009641,"Sample Product 9641",Nuts,pallet,159.70,298.18,4.975
IMP-009642,"Sample Product 9642",Washers,each,41.15,21.12,0.173
IMP-009643,"Sample Product 9643",Screws,box,202.28,96.80,4.904
IMP-009644,"Sample Product 9644",Hose,pallet,480.99,102.84,4.437
IMP-009645,"Sample Product 9645",Fittings,each,250.80,18.28,4.625
IMP-009646,"Sample Product 9646",Valves,box,434.50,41.04,0.594
IMP-009647,"Sample Product 9647",Tables,pallet,481.04,121.54,4.016
IMP-009648,"Sample Product 9648",Cookware,each,455.83,90.94,4.915
IMP-009649,"Sample Product 9649",Storage,box,43.96,177.60,3.522
IMP-009650,"Sample Product 9650",Bolts,pallet,41.09,197.69,4.659
IMP-009651,"Sample Product 9651",Nuts,each,193.18,162.03,0.601
IMP-009652,"Sample Product 9652",Washers,box,66.90,233.88,1.657
IMP-009653,"Sample Product 9653",Screws,pallet,272.77,221.00,4.858
IMP-009654,"Sample Product 9654",Hose,each,99.06,202.49,1.983
IMP-009655,"Sample Product 9655",Fittings,box,236.09,11.65,3.264
IMP-009656,"Sample Product 9656",Valves,pallet,256.79,258.21,0.827
IMP-009657,"Sample Product 9657",Tables,each,325.21,175.02,2.635
IMP-009658,"Sample Product 9658",Cookware,box,441.10,39.18,2.128
IMP-009659,"Sample Product 9659",Storage,pallet,329.54,204.34,1.272
IMP-009660,"Sample Product 9660",Bolts,each,220.46,39.16,0.277
IMP-009661,"Sample Product 9661",Nuts,box,39.12,125.70,0.994
IMP-009662,"Sample Product 9662",Washers,pallet,470.28,19.63,3.918
IMP-009663,"Sample Product 9663",Screws,each,57.58,96.80,1.422
IMP-009664,"Sample Product 9664",Hose,box,323.98,210.50,3.032
IMP-009665,"Sample Product 9665",Fittings,pallet,278.54,125.73,2.595
IMP-009666,"Sample Product 9666",Valves,each,392.59,3.33,3.088
IMP-009667,"Sample Product 9667",Tables,box,271.87,132.72,4.482
IMP-009668,"Sample Product 9668",Cookware,pallet,344.29,191.98,3.983
IMP-009669,"Sample Product 9669",Storage,each,177.91,228.95,1.512
IMP-009670,"Sample Product 9670",Bolts,box,226.08,26.79,3.077
IMP-009671,"Sample Product 9671",Nuts,pallet,360.59,223.45,4.087
IMP-009672,"Sample Product 9672",Washers,each,378.09,14.07,3.949
IMP-009673,"Sample Product 9673",Screws,box,227.88,77.61,4.980
IMP-009674,"Sample Product 9674",Hose,pallet,294.89,154.11,0.643
IMP-009675,"Sample Product 9675",Fittings,each,353.46,217.58,1.208
IMP-009676,"Sample Product 9676",Valves,box,101.18,238.34,4.432
IMP-009677,"Sample Product 9677",Tables,pallet,344.20,23.16,1.745
IMP-009678,"Sample Product 9678",Cookware,each,195.29,268.24,2.223
IMP-009679,"Sample Product 9679",Storage,box,226.37,81.97,3.672
IMP-009680,"Sample Product 9680",Bolts,pallet,12.56,44.46,4.052
IMP-009681,"Sample Product 9681",Nuts,each,155.48,190.47,3.653
IMP-009682,"Sample Product 9682",Washers,box,356.64,156.74,4.801
IMP-009683,"Sample Product 9683",Screws,pallet,244.44,103.80,3.595
IMP-009684,"Sample Product 9684",Hose,each,250.86,297.67,3.760
IMP-009685,"Sample Product 9685",Fittings,box,43.17,266.40,2.331
IMP-009686,"Sample Product 9686",Valves,pallet,138.91,35.92,1.812
IMP-009687,"Sample Product 9687",Tables,each,289.79,232.66,2.792
IMP-009688,"Sample Product 9688",Cookware,box,329.19,210.79,0.593
IMP-009689,"Sample Product 9689",Storage,pallet,146.69,27.33,1.531
IMP-009690,"Sample Product 9690",Bolts,each,18.27,72.91,2.176
IMP-009691,"Sample Product 9691",Nuts,box,448.95,89.50,0.977
IMP-009692,"Sample Product 9692",Washers,pallet,179.91,43.75,2.861
IMP-009693,"Sample Product 9693",Screws,each,394.94,289.84,2.410
IMP-009694,"Sample Product 9694",Hose,box,266.75,254.06,3.671
IMP-009695,"Sample Product 9695",Fittings,pallet,217.80,134.84,3.742
IMP-009696,"Sample Product 9696",Valves,each,149.82,157.21,3.233
IMP-009697,"Sample Product 9697",Tables,box,394.66,193.75,0.080
IMP-009698,"Sample Product 9698",Cookware,pallet,69.49,108.04,1.731
IMP-009699,"Sample Product 9699",Storage,each,287.51,193.27,0.755
IMP-009700,"Sample Product 9700",Bolts,box,58.54,216.31,3.660
IMP-009701,"Sample Product 9701",Nuts,pallet,243.94,1.01,4.863
IMP-009702,"Sample Product 9702",Washers,each,149.40,37.78,2.966
IMP-009703,"Sample Product 9703",Screws,box,225.09,97.01,2.357
IMP-009704,"Sample Product 9704",Hose,pallet,128.91,279.33,1.038
IMP-009705,"Sample Product 9705",Fittings,each,204.50,210.06,4.174
IMP-009706,"Sample Product 9706",Valves,box,412.14,189.74,3.871
IMP-009707,"Sample Product 9707",Tables,pallet,20.87,111.27,0.115
IMP-009708,"Sample Product 9708",Cookware,each,267.96,61.52,3.631
IMP-009709,"Sample Product 9709",Storage,box,264.66,135.04,3.665
IMP-009710,"Sample Product 9710",Bolts,pallet,467.00,129.45,0.727
IMP-009711,"Sample Product 9711",Nuts,each,240.96,296.23,3.434
IMP-009712,"Sample Product 9712",Washers,box,60.94,208.13,1.136
IMP-009713,"Sample Product 9713",Screws,pallet,245.27,212.18,4.201
IMP-009714,"Sample Product 9714",Hose,each,220.34,12.06,2.020
IMP-009715,"Sample Product 9715",Fittings,box,428.75,295.35,4.553
IMP-009716,"Sample Product 9716",Valves,pallet,156.32,281.90,1.860
IMP-009717,"Sample Product 9717",Tables,each,319.12,40.27,2.003
IMP-009718,"Sample Product 9718",Cookware,box,143.87,150.26,4.138
IMP-009719,"Sample Product 9719",Storage,pallet,206.57,119.54,1.601
IMP-009720,"Sample Product 9720",Bolts,each,405.04,113.32,4.919
IMP-009721,"Sample Product 9721",Nuts,box,222.23,258.53,0.163
IMP-009722,"Sample Product 9722",Washers,pallet,332.32,145.51,3.086
IMP-009723,"Sample Product 9723",Screws,each,96.11,250.13,2.486
IMP-009724,"Sample Product 9724",Hose,box,12.24,24.12,0.571
IMP-009725,"Sample Product 9725",Fittings,pallet,496.82,106.75,3.644
IMP-009726,"Sample Product 9726",Valves,each,84.67,140.70,4.710
IMP-009727,"Sample Product 9727",Tables,box,202.49,183.16,2.586
IMP-009728,"Sample Product 9728",Cookware,pallet,202.53,81.81,4.974
IMP-009729,"Sample Product 9729",Storage,each,392.53,107.32,3.938
IMP-009730,"Sample Product 9730",Bolts,box,197.05,249.68,0.263
IMP-009731,"Sample Product 9731",Nuts,pallet,112.93,125.09,3.984
IMP-009732,"Sample Product 9732",Washers,each,84.68,84.47,4.681
IMP-009733,"Sample Product 9733",Screws,box,377.10,260.99,4.956
IMP-009734,"Sample Product 9734",Hose,pallet,410.76,128.52,1.993
IMP-009735,"Sample Product 9735",Fittings,each,145.94,113.53,2.790
IMP-009736,"Sample Product 9736",Valves,box,79.11,41.94,2.849
IMP-009737,"Sample Product 9737",Tables,pallet,460.90,198.53,4.578
IMP-009738,"Sample Product 9738",Cookware,each,16.63,82.52,1.271
IMP-009739,"Sample Product 9739",Storage,box,144.55,204.65,2.466
IMP-009740,"Sample Product 9740",Bolts,pallet,178.75,166.87,3.447
IMP-009741,"Sample Product 9741",Nuts,each,397.15,225.46,2.773
IMP-009742,"Sample Product 9742",Washers,box,300.63,50.61,0.067
IMP-009743,"Sample Product 9743",Screws,pallet,392.43,59.27,4.626
IMP-009744,"Sample Product 9744",Hose,each,53.80,200.50,3.893
IMP-009745,"Sample Product 9745",Fittings,box,403.61,10.87,1.358
IMP-009746,"Sample Product 9746",Valves,pallet,206.44,3.32,1.765
IMP-009747,"Sample Product 9747",Tables,each,380.48,64.84,0.831
IMP-009748,"Sample Product 9748",Cookware,box,51.58,188.65,2.606
IMP-009749,"Sample Product 9749",Storage,pallet,482.95,34.55,3.685
IMP-009750,"Sample Product 9750",Bolts,each,92.90,218.56,0.268
IMP-009751,"Sample Product 9751",Nuts,box,185.84,291.53,1.213
IMP-009752,"Sample Product 9752",Washers,pallet,310.20,282.75,1.666
IMP-009753,"Sample Product 9753",Screws,each,412.88,46.96,0.889
IMP-009754,"Sample Product 9754",Hose,box,250.08,170.44,0.364
IMP-009755,"Sample Product 9755",Fittings,pallet,138.56,296.86,0.765
IMP-009756,"Sample Product 9756",Valves,each,63.13,272.54,3.841
IMP-009757,"Sample Product 9757",Tables,box,235.71,185.16,1.263
IMP-009758,"Sample Product 9758",Cookware,pallet,384.41,279.48,2.874
IMP-009759,"Sample Product 9759",Storage,each,118.42,82.92,2.778
IMP-009760,"Sample Product 9760",Bolts,box,387.91,121.31,1.560
IMP-009761,"Sample Product 9761",Nuts,pallet,20.86,190.33,1.601
IMP-009762,"Sample Product 9762",Washers,each,428.39,73.54,2.132
IMP-009763,"Sample Product 9763",Screws,box,322.09,55.12,1.285
IMP-009764,"Sample Product 9764",Hose,pallet,402.53,49.17,0.147
IMP-009765,"Sample Product 9765",Fittings,each,4.85,240.34,0.164
IMP-009766,"Sample Product 9766",Valves,box,40.58,138.09,0.919
IMP-009767,"Sample Product 9767",Tables,pallet,16.05,91.99,0.115
IMP-009768,"Sample Product 9768",Cookware,each,385.95,240.37,4.196
IMP-009769,"Sample Product 9769",Storage,box,342.21,298.46,1.315
IMP-009770,"Sample Product 9770",Bolts,pallet,333.73,124.94,3.941
IMP-009771,"Sample Product 9771",Nuts,each,31.37,21.25,4.082
IMP-009772,"Sample Product 9772",Washers,box,250.00,76.66,0.527
IMP-009773,"Sample Product 9773",Screws,pallet,159.59,247.10,4.573
IMP-009774,"Sample Product 9774",Hose,each,105.43,102.79,1.653
IMP-009775,"Sample Product 9775",Fittings,box,101.63,52.04,4.927
IMP-009776,"Sample Product 9776",Valves,pallet,245.90,55.46,2.468
IMP-009777,"Sample Product 9777",Tables,each,228.78,273.16,4.483
IMP-009778,"Sample Product 9778",Cookware,box,310.43,127.96,3.179
IMP-009779,"Sample Product 9779",Storage,pallet,115.46,229.34,4.527
IMP-009780,"Sample Product 9780",Bolts,each,142.26,34.14,2.817
IMP-009781,"Sample Product 9781",Nuts,box,16.50,24.36,4.852
IMP-009782,"Sample Product 9782",Washers,pallet,459.54,85.36,3.034
IMP-009783,"Sample Product 9783",Screws,each,98.63,220.40,3.731
IMP-009784,"Sample Product 9784",Hose,box,122.87,47.93,1.644
IMP-009785,"Sample Product 9785",Fittings,pallet,469.03,284.86,4.572
IMP-009786,"Sample Product 9786",Valves,each,250.18,174.47,1.644
IMP-009787,"Sample Product 9787",Tables,box,168.60,167.75,0.620
IMP-009788,"Sample Product 9788",Cookware,pallet,417.18,239.12,0.830
IMP-009789,"Sample Product 9789",Storage,each,140.15,230.01,4.660
IMP-009790,"Sample Product 9790",Bolts,box,146.06,111.68,1.732
IMP-009791,"Sample Product 9791",Nuts,pallet,62.39,292.02,0.655
IMP-009792,"Sample Product 9792",Washers,each,102.23,56.84,3.839
IMP-009793,"Sample Product 9793",Screws,box,330.28,54.38,4.838
IMP-009794,"Sample Product 9794",Hose,pallet,88.68,205.46,3.490
IMP-009795,"Sample Product 9795",Fittings,each,69.47,212.19,0.503
IMP-009796,"Sample Product 9796",Valves,box,195.12,102.88,0.772
IMP-009797,"Sample Product 9797",Tables,pallet,451.81,216.02,4.794
IMP-009798,"Sample Product 9798",Cookware,each,4.31,191.79,2.995
IMP-009799,"Sample Product 9799",Storage,box,184.28,211.60,4.181
IMP-009800,"Sample Product 9800",Bolts,pallet,213.76,56.25,4.217
IMP-009801,"Sample Product 9801",Nuts,each,255.45,184.60,4.001
IMP-009802,"Sample Product 9802",Washers,box,298.88,264.35,2.138
IMP-009803,"Sample Product 9803",Screws,pallet,71.19,190.27,4.732
IMP-009804,"Sample Product 9804",Hose,each,202.84,123.89,0.178
IMP-009805,"Sample Product 9805",Fittings,box,465.50,28.60,3.585
IMP-009806,"Sample Product 9806",Valves,pallet,42.78,250.20,3.828
IMP-009807,"Sample Product 9807",Tables,each,254.66,252.71,1.135
IMP-009808,"Sample Product 9808",Cookware,box,409.45,202.47,4.821
IMP-009809,"Sample Product 9809",Storage,pallet,264.11,298.06,4.244
IMP-009810,"Sample Product 9810",Bolts,each,401.81,33.69,2.210
IMP-009811,"Sample Product 9811",Nuts,box,31.52,225.15,2.918
IMP-009812,"Sample Product 9812",Washers,pallet,491.37,230.11,1.143
IMP-009813,"Sample Product 9813",Screws,each,63.51,87.45,4.492
IMP-009814,"Sample Product 9814",Hose,box,91.20,174.04,3.461
IMP-009815,"Sample Product 9815",Fittings,pallet,298.77,26.08,4.467
IMP-009816,"Sample Product 9816",Valves,each,428.63,129.47,0.466
IMP-009817,"Sample Product 9817",Tables,box,247.85,160.18,3.818
IMP-009818,"Sample Product 9818",Cookware,pallet,3.94,69.04,3.687
IMP-009819,"Sample Product 9819",Storage,each,416.10,186.87,0.173
IMP-009820,"Sample Product 9820",Bolts,box,128.60,176.32,1.710
IMP-009821,"Sample Product 9821",Nuts,pallet,392.97,73.68,2.996
IMP-009822,"Sample Product 9822",Washers,each,181.97,40.93,4.156
IMP-009823,"Sample Product 9823",Screws,box,436.40,194.28,2.759
IMP-009824,"Sample Product 9824",Hose,pallet,408.76,188.14,4.646
IMP-009825,"Sample Product 9825",Fittings,each,215.67,20.32,0.127
IMP-009826,"Sample Product 9826",Valves,box,206.04,10.11,0.408
IMP-009827,"Sample Product 9827",Tables,pallet,208.14,39.33,4.999
IMP-009828,"Sample Product 9828",Cookware,each,370.27,224.12,3.992
IMP-009829,"Sample Product 9829",Storage,box,416.93,125.09,2.751
IMP-009830,"Sample Product 9830",Bolts,pallet,69.54,230.93,1.522
IMP-009831,"Sample Product 9831",Nuts,each,244.27,129.33,4.999
IMP-009832,"Sample Product 9832",Washers,box,36.95,156.67,0.285
IMP-009833,"Sample Product 9833",Screws,pallet,36.88,238.70,3.070
IMP-009834,"Sample Product 9834",Hose,each,256.20,152.93,4.210
IMP-009835,"Sample Product 9835",Fittings,box,337.90,240.70,3.773
IMP-009836,"Sample Product 9836",Valves,pallet,277.93,238.39,2.898
IMP-009837,"Sample Product 9837",Tables,each,334.65,159.42,1.236
IMP-009838,"Sample Product 9838",Cookware,box,359.10,282.82,2.809
IMP-009839,"Sample Product 9839",Storage,pallet,158.94,80.18,2.722
IMP-009840,"Sample Product 9840",Bolts,each,335.32,149.28,3.369
IMP-009841,"Sample Product 9841",Nuts,box,125.33,80.42,1.519
IMP-009842,"Sample Product 9842",Washers,pallet,46.28,125.27,3.814
IMP-009843,"Sample Product 9843",Screws,each,492.25,219.34,1.490
IMP-009844,"Sample Product 9844",Hose,box,371.73,130.02,3.754
IMP-009845,"Sample Product 9845",Fittings,pallet,463.03,179.72,2.925
IMP-009846,"Sample Product 9846",Valves,each,400.35,119.45,2.022
IMP-009847,"Sample Product 9847",Tables,box,466.63,206.77,2.902
IMP-009848,"Sample Product 9848",Cookware,pallet,97.30,177.40,2.879
IMP-009849,"Sample Product 9849",Storage,each,114.07,215.50,2.952
IMP-009850,"Sample Product 9850",Bolts,box,293.33,126.29,0.574
IMP-009851,"Sample Product 9851",Nuts,pallet,177.44,251.20,1.143
IMP-009852,"Sample Product 9852",Washers,each,178.15,33.29,3.240
IMP-009853,"Sample Product 9853",Screws,box,96.16,228.38,3.608
IMP-009854,"Sample Product 9854",Hose,pallet,328.08,132.77,2.879
IMP-009855,"Sample Product 9855",Fittings,each,80.82,79.95,1.277
IMP-009856,"Sample Product 9856",Valves,box,334.11,12.92,0.767
IMP-009857,"Sample Product 9857",Tables,pallet,14.43,293.94,2.215
IMP-009858,"Sample Product 9858",Cookware,each,96.69,173.91,2.212
IMP-009859,"Sample Product 9859",Storage,box,333.59,102.36,0.648
IMP-009860,"Sample Product 9860",Bolts,pallet,422.59,10.64,3.319
IMP-009861,"Sample Product 9861",Nuts,each,245.94,170.96,3.451
IMP-009862,"Sample Product 9862",Washers,box,273.62,97.59,0.464
IMP-009863,"Sample Product 9863",Screws,pallet,402.03,242.37,3.016
IMP-009864,"Sample Product 9864",Hose,each,98.08,58.13,3.863
IMP-009865,"Sample Product 9865",Fittings,box,38.93,258.37,3.391
IMP-009866,"Sample Product 9866",Valves,pallet,329.37,60.52,3.493
IMP-009867,"Sample Product 9867",Tables,each,283.50,293.39,3.853
IMP-009868,"Sample Product 9868",Cookware,box,205.66,272.94,4.229
IMP-009869,"Sample Product 9869",Storage,pallet,374.99,232.25,3.003
IMP-009870,"Sample Product 9870",Bolts,each,388.33,277.22,2.393
IMP-009871,"Sample Product 9871",Nuts,box,6.13,104.15,1.138
IMP-009872,"Sample Product 9872",Washers,pallet,371.59,45.99,0.273
IMP-009873,"Sample Product 9873",Screws,each,176.70,32.56,3.652
IMP-009874,"Sample Product 9874",Hose,box,344.95,142.34,1.390
IMP-009875,"Sample Product 9875",Fittings,pallet,277.69,208.47,3.755
IMP-009876,"Sample Product 9876",Valves,each,407.82,61.52,3.050
IMP-009877,"Sample Product 9877",Tables,box,38.80,255.94,0.219
IMP-009878,"Sample Product 9878",Cookware,pallet,134.99,38.40,1.089
IMP-009879,"Sample Product 9879",Storage,each,17.68,112.71,2.929
IMP-009880,"Sample Product 9880",Bolts,box,311.47,298.42,2.790
IMP-009881,"Sample Product 9881",Nuts,pallet,51.34,34.03,1.688
IMP-009882,"Sample Product 9882",Washers,each,325.58,212.63,1.939
IMP-009883,"Sample Product 9883",Screws,box,180.02,205.81,1.920
IMP-009884,"Sample Product 9884",Hose,pallet,13.84,202.77,4.887
IMP-009885,"Sample Product 9885",Fittings,each,385.80,71.26,0.092
IMP-009886,"Sample Product 9886",Valves,box,454.27,134.90,4.943
IMP-009887,"Sample Product 9887",Tables,pallet,288.98,0.27,2.594
IMP-009888,"Sample Product 9888",Cookware,each,305.45,12.42,4.494
IMP-009889,"Sample Product 9889",Storage,box,116.37,296.80,4.550
IMP-009890,"Sample Product 9890",Bolts,pallet,79.86,255.07,2.004
IMP-009891,"Sample Product 9891",Nuts,each,69.44,21.98,1.976
IMP-009892,"Sample Product 9892",Washers,box,84.81,97.90,3.995
IMP-009893,"Sample Product 9893",Screws,pallet,238.34,190.48,4.794
IMP-009894,"Sample Product 9894",Hose,each,493.65,128.87,3.442
IMP-009895,"Sample Product 9895",Fittings,box,399.71,105.84,4.166
IMP-009896,"Sample Product 9896",Valves,pallet,410.59,82.66,0.385
IMP-009897,"Sample Product 9897",Tables,each,279.39,20.85,3.520
IMP-009898,"Sample Product 9898",Cookware,box,9.33,250.73,4.196
IMP-009899,"Sample Product 9899",Storage,pallet,4.70,122.36,0.418
IMP-009900,"Sample Product 9900",Bolts,each,95.87,94.56,4.619
IMP-009901,"Sample Product 9901",Nuts,box,474.39,299.60,0.042
IMP-009902,"Sample Product 9902",Washers,pallet,80.39,215.60,1.641
IMP-009903,"Sample Product 9903",Screws,each,60.64,228.88,3.634
IMP-009904,"Sample Product 9904",Hose,box,269.52,127.58,4.432
IMP-009905,"Sample Product 9905",Fittings,pallet,312.65,198.12,0.589
IMP-009906,"Sample Product 9906",Valves,each,442.44,19.07,2.303
IMP-009907,"Sample Product 9907",Tables,box,449.78,50.58,4.174
IMP-009908,"Sample Product 9908",Cookware,pallet,295.01,272.21,4.934
IMP-009909,"Sample Product 9909",Storage,each,445.15,27.32,4.428
IMP-009910,"Sample Product 9910",Bolts,box,10.00,235.60,0.382
IMP-009911,"Sample Product 9911",Nuts,pallet,219.34,210.23,2.720
IMP-009912,"Sample Product 9912",Washers,each,234.65,188.07,4.115
IMP-009913,"Sample Product 9913",Screws,box,128.81,156.36,2.246
IMP-009914,"Sample Product 9914",Hose,pallet,23.01,219.29,2.710
IMP-009915,"Sample Product 9915",Fittings,each,91.74,107.55,1.913
IMP-009916,"Sample Product 9916",Valves,box,270.87,181.14,2.215
IMP-009917,"Sample Product 9917",Tables,pallet,39.74,31.25,1.973
IMP-009918,"Sample Product 9918",Cookware,each,43.46,201.42,1.801
IMP-009919,"Sample Product 9919",Storage,box,434.04,275.53,2.495
IMP-009920,"Sample Product 9920",Bolts,pallet,41.00,123.24,0.279
IMP-009921,"Sample Product 9921",Nuts,each,418.05,138.68,1.385
IMP-009922,"Sample Product 9922",Washers,box,30.87,297.63,1.796
IMP-009923,"Sample Product 9923",Screws,pallet,445.60,104.55,0.046
IMP-009924,"Sample Product 9924",Hose,each,368.07,162.25,0.529
IMP-009925,"Sample Product 9925",Fittings,box,481.43,134.06,3.744
IMP-009926,"Sample Product 9926",Valves,pallet,358.43,106.69,2.533
IMP-009927,"Sample Product 9927",Tables,each,297.86,260.83,0.792
IMP-009928,"Sample Product 9928",Cookware,box,361.26,207.82,0.277
IMP-009929,"Sample Product 9929",Storage,pallet,11.33,265.92,0.486
IMP-009930,"Sample Product 9930",Bolts,each,338.31,43.79,1.312
IMP-009931,"Sample Product 9931",Nuts,box,256.59,111.40,2.246
IMP-009932,"Sample Product 9932",Washers,pallet,459.80,63.03,2.822
IMP-009933,"Sample Product 9933",Screws,each,265.41,263.64,0.850
IMP-009934,"Sample Product 9934",Hose,box,71.26,30.78,4.242
IMP-009935,"Sample Product 9935",Fittings,pallet,364.62,19.12,3.445
IMP-009936,"Sample Product 9936",Valves,each,316.51,137.19,0.250
IMP-009937,"Sample Product 9937",Tables,box,420.10,160.53,4.162
IMP-009938,"Sample Product 9938",Cookware,pallet,234.41,39.44,1.570
IMP-009939,"Sample Product 9939",Storage,each,179.60,81.38,2.176
IMP-009940,"Sample Product 9940",Bolts,box,44.15,205.58,4.211
IMP-009941,"Sample Product 9941",Nuts,pallet,11.61,111.88,4.579
IMP-009942,"Sample Product 9942",Washers,each,179.70,168.19,1.892
IMP-009943,"Sample Product 9943",Screws,box,401.11,119.59,1.761
IMP-009944,"Sample Product 9944",Hose,pallet,172.44,161.85,3.480
IMP-009945,"Sample Product 9945",Fittings,each,466.03,114.92,1.790
IMP-009946,"Sample Product 9946",Valves,box,184.84,139.19,0.323
IMP-009947,"Sample Product 9947",Tables,pallet,181.08,61.12,1.658
IMP-009948,"Sample Product 9948",Cookware,each,62.15,14.51,4.962
IMP-009949,"Sample Product 9949",Storage,box,27.78,82.41,2.279
IMP-009950,"Sample Product 9950",Bolts,pallet,377.50,28.63,2.862
IMP-009951,"Sample Product 9951",Nuts,each,396.93,52.28,2.769
IMP-009952,"Sample Product 9952",Washers,box,350.46,143.90,2.882
IMP-009953,"Sample Product 9953",Screws,pallet,182.41,112.63,3.678
IMP-009954,"Sample Product 9954",Hose,each,440.29,63.88,1.791
IMP-009955,"Sample Product 9955",Fittings,box,236.69,138.87,1.526
IMP-009956,"Sample Product 9956",Valves,pallet,187.00,99.02,1.404
IMP-009957,"Sample Product 9957",Tables,each,90.45,93.82,1.762
IMP-009958,"Sample Product 9958",Cookware,box,456.33,260.24,3.586
IMP-009959,"Sample Product 9959",Storage,pallet,368.70,182.69,0.188
IMP-009960,"Sample Product 9960",Bolts,each,104.43,11.77,0.259
IMP-009961,"Sample Product 9961",Nuts,box,135.50,34.84,1.808
IMP-009962,"Sample Product 9962",Washers,pallet,75.21,182.92,1.713
IMP-009963,"Sample Product 9963",Screws,each,48.95,64.55,2.328
IMP-009964,"Sample Product 9964",Hose,box,343.25,45.85,0.024
IMP-009965,"Sample Product 9965",Fittings,pallet,339.22,209.23,0.869
IMP-009966,"Sample Product 9966",Valves,each,478.28,46.68,2.131
IMP-009967,"Sample Product 9967",Tables,box,25.31,128.86,0.245
IMP-009968,"Sample Product 9968",Cookware,pallet,101.43,97.11,4.828
IMP-009969,"Sample Product 9969",Storage,each,473.69,59.25,3.929
IMP-009970,"Sample Product 9970",Bolts,box,240.72,194.95,0.580
IMP-009971,"Sample Product 9971",Nuts,pallet,347.44,129.80,3.425
IMP-009972,"Sample Product 9972",Washers,each,156.63,33.57,1.894
IMP-009973,"Sample Product 9973",Screws,box,67.12,225.90,4.916
IMP-009974,"Sample Product 9974",Hose,pallet,243.04,88.64,4.436
IMP-009975,"Sample Product 9975",Fittings,each,153.77,22.80,4.622
IMP-009976,"Sample Product 9976",Valves,box,288.21,153.30,4.724
IMP-009977,"Sample Product 9977",Tables,pallet,447.06,53.75,3.568
IMP-009978,"Sample Product 9978",Cookware,each,259.54,21.90,3.816
IMP-009979,"Sample Product 9979",Storage,box,162.32,194.21,4.574
IMP-009980,"Sample Product 9980",Bolts,pallet,314.69,292.23,3.679
IMP-009981,"Sample Product 9981",Nuts,each,289.94,298.07,0.947
IMP-009982,"Sample Product 9982",Washers,box,429.27,22.46,1.637
IMP-009983,"Sample Product 9983",Screws,pallet,209.88,109.46,0.706
IMP-009984,"Sample Product 9984",Hose,each,169.94,26.49,2.481
IMP-009985,"Sample Product 9985",Fittings,box,107.57,186.00,4.000
IMP-009986,"Sample Product 9986",Valves,pallet,28.99,198.47,4.893
IMP-009987,"Sample Product 9987",Tables,each,352.06,42.73,1.661
IMP-009988,"Sample Product 9988",Cookware,box,498.87,136.45,4.098
IMP-009989,"Sample Product 9989",Storage,pallet,297.41,285.92,4.310
IMP-009990,"Sample Product 9990",Bolts,each,309.28,13.88,4.782
IMP-009991,"Sample Product 9991",Nuts,box,122.65,165.33,3.805
IMP-009992,"Sample Product 9992",Washers,pallet,313.92,79.75,1.256
IMP-009993,"Sample Product 9993",Screws,each,201.24,110.89,3.945
IMP-009994,"Sample Product 9994",Hose,box,89.98,39.57,0.848
IMP-009995,"Sample Product 9995",Fittings,pallet,119.97,216.72,0.638
IMP-009996,"Sample Product 9996",Valves,each,108.14,104.97,2.038
IMP-009997,"Sample Product 9997",Tables,box,271.79,116.07,4.358
IMP-009998,"Sample Product 9998",Cookware,pallet,162.23,7.70,3.251
IMP-009999,"Sample Product 9999",Storage,each,349.19,285.00,2.217
IMP-010000,"Sample Product 10000",Bolts,box,382.41,273.28,0.746
